# 
# Wavefront OBJ file
# Converted by the DEEP Exploration Deep Exploration 5.5 5.5.3.2642 Release
# Right Hemisphere, LTD
# http://www.righthemisphere.com/
# 
mtllib Guerilla.mtl
# object smdimport
g smdimport
v 27.13017 2.09378 38.70581
v 26.98212 2.69960 38.80692
v 26.72721 3.21486 38.88443
v 26.63711 3.60514 39.03026
v 26.46997 3.01026 37.46338
v 26.65653 3.10080 38.21913
v 26.73691 2.65870 37.36605
v 26.91486 2.66577 38.14659
v 27.04323 2.11754 38.09612
v 26.67154 4.09891 38.40086
v 26.76625 4.23136 39.16041
v 26.43912 3.93715 38.46609
v 26.52083 4.10175 39.12437
v 26.53584 3.49427 38.37571
v 26.51339 3.51295 39.62369
v 26.95139 1.93724 39.51647
v 26.83782 2.71539 39.57869
v 26.08212 3.45681 40.13258
v 25.62665 4.36278 41.01489
v 26.11906 4.26474 40.28873
v 26.38672 4.23379 39.75407
v 25.56853 3.44803 40.74883
v 26.28112 2.75959 40.02748
v 26.53046 1.59091 39.96880
v 25.73499 2.59805 40.60647
v 26.07517 1.46323 40.54941
v 27.13579 1.43970 38.70989
v 26.90920 1.43042 39.52868
v -20.32526 5.04476 48.60705
v -18.77462 5.31271 50.53407
v -17.49279 4.41167 49.25053
v -19.48416 4.23229 47.56199
v -21.24664 3.50404 46.02610
v -21.66012 4.12201 46.48874
v -22.59018 3.84547 47.45333
v -21.54584 4.50429 49.62183
v -20.09132 4.74374 52.15060
v -23.06876 2.42808 47.76664
v -22.05282 2.35909 50.09317
v -20.08309 0.74752 52.15381
v -20.48469 2.31790 52.73021
v -19.05332 2.52167 54.29185
v -20.04495 0.53232 48.22605
v -19.06006 0.31623 51.29081
v -21.71469 0.76993 49.66435
v -20.74010 0.35929 49.02126
v -22.77854 1.25123 47.50554
v -22.10627 0.93326 46.82219
v -21.58478 1.02577 46.30466
v -21.28194 1.38808 46.10450
v -19.21998 2.23271 47.17856
v -19.47355 1.10196 47.46138
v -17.02669 2.25509 48.84124
v -17.39087 1.03879 49.18261
v -18.13709 0.43339 50.14431
v -21.05824 2.09405 45.74855
v 27.06521 3.17923 41.64727
v 27.20462 2.32399 42.03222
v 27.61370 3.08619 40.64269
v 27.39296 3.61720 40.57695
v 27.03061 4.00636 40.48737
v 26.14410 4.44785 41.19187
v 26.64972 4.38758 40.41547
v 26.63296 3.94034 41.38144
v 27.73520 2.28804 40.68429
v 27.20161 1.42804 42.02703
v 27.76326 1.45745 40.63292
v 27.08964 0.69554 41.85226
v 27.70065 0.81119 40.48195
v 26.74910 0.79904 39.98865
v 26.57383 0.57010 40.91223
v 27.27404 0.63329 40.22277
v 26.37298 0.63317 40.63974
v 27.86474 0.80375 39.89832
v 27.48828 0.61193 39.67461
v 27.00393 0.84410 39.54084
v 27.87717 1.45864 40.00969
v 28.08232 1.40497 39.02615
v 28.06454 0.85305 39.00421
v 27.68562 0.64364 38.78350
v 27.21355 0.86102 38.74371
v 27.68509 1.62634 38.83897
v 27.98969 1.41733 38.72058
v 28.00396 0.82973 38.65598
v 26.44779 3.00654 36.97178
v 26.34756 3.20268 37.23472
v 26.93409 4.32880 39.91210
v 26.94930 3.05654 36.87842
v 26.71012 3.34448 37.17435
v 26.48526 3.41342 37.65611
v 26.42316 3.62564 37.69543
v 26.47692 3.85109 37.76273
v 26.83782 3.89577 37.70369
v 26.90488 4.05003 38.27611
v 27.02120 4.20053 38.90304
v 27.05326 4.26093 39.26197
v 27.19622 4.02585 39.99907
v 26.96850 3.67822 37.64834
v 27.11795 3.76586 37.85507
v 27.29585 3.89996 38.87024
v 27.07436 3.48501 37.71998
v 27.42479 3.18005 37.65675
v 27.48199 2.78315 37.33114
v 27.62468 3.25478 38.70407
v 27.64759 2.82568 38.48100
v 27.91954 2.44071 38.42868
v 27.30696 3.59456 38.81314
v 27.33035 3.97554 39.31311
v 27.29832 3.79753 40.05153
v 27.40237 3.67528 39.26030
v 27.50171 3.42373 40.10270
v 27.65717 3.30595 39.20986
v 27.66235 2.97836 40.13860
v 27.73488 2.85432 39.09751
v 27.76423 2.44333 40.10394
v 27.95449 2.43874 39.05571
v 27.78752 2.04222 40.10306
v 27.49999 1.75235 39.54481
v 27.96032 2.02043 38.90639
v 27.55305 1.80517 38.73271
v 27.94232 2.01082 38.35596
v 27.76363 2.45516 37.26138
v 27.59045 1.85759 38.20313
v 10.73611 -0.87906 62.13656
v 11.82865 0.04963 62.18306
v 12.58236 1.49717 62.10679
v 12.91818 2.66479 62.01079
v 5.64822 -3.93721 3.26779
v 4.35450 -5.23583 3.13147
v 5.67861 -5.20341 2.91004
v 6.36771 -3.96696 1.79388
v 6.16091 4.09662 3.45182
v 6.28724 -5.27717 2.56171
v 6.61031 -5.56056 1.42127
v 5.92134 -6.31806 2.96537
v 2.49074 -6.27457 3.00517
v 4.43821 -6.89707 3.23374
v 6.51494 0.73461 2.30586
v 6.35899 -1.28512 2.08162
v 5.62487 -2.39452 3.82608
v 4.29396 -3.87252 3.48217
v 2.69610 -5.16592 2.87566
v 2.12579 -5.29472 2.49615
v 1.84505 -5.51562 1.78140
v 2.19837 -6.95776 2.10113
v 4.44941 -7.75316 2.38686
v 6.07574 -7.02041 2.03962
v 3.95362 5.03649 3.54649
v 1.80190 3.99123 3.39612
v 1.94068 -3.40108 2.18633
v 2.78061 -3.64549 3.12581
v 4.29523 -2.76692 4.23060
v 2.86947 -2.17594 3.78628
v 2.00496 -1.12934 2.36311
v 1.71537 0.65149 2.44149
v 6.84287 -4.08284 0.58896
v 6.85471 -1.38742 0.98377
v 6.78055 0.92245 1.25904
v 7.05793 0.92164 1.17727
v 7.10434 -1.34050 0.90345
v 7.03088 -1.32272 0.20657
v 7.09649 -4.11123 0.49434
v 6.64666 -5.89786 0.65530
v 6.15194 -7.31039 1.03720
v 4.42576 -8.00360 1.33556
v 2.10128 -7.20963 1.05278
v 1.50946 -5.89233 0.76599
v 7.22394 -4.12956 -0.06305
v 6.98280 -6.16027 -0.06305
v 7.02040 -5.95742 0.55843
v 6.36853 -7.58345 0.96734
v 6.23099 -7.85135 0.29843
v 4.26099 -8.61680 0.62456
v 4.42709 -8.44208 1.32097
v 1.84312 -7.56145 0.96609
v 1.79171 -7.80863 0.29429
v 1.19629 -5.94968 0.76500
v 1.21191 -6.16099 -0.06305
v 1.02640 -3.64868 -0.06305
v 1.83337 -1.31001 0.20657
v 1.92971 -1.34432 0.93267
v 1.78089 0.92168 1.21394
v 1.89935 0.96255 1.31684
v 1.83899 4.17845 1.20647
v 2.12851 3.98864 1.27076
v 3.92988 5.16943 1.24663
v 6.46197 4.18735 1.19493
v 6.23879 4.11429 1.29541
v 3.82649 4.94194 1.32749
v 1.24831 -3.66026 0.73320
v 1.05454 -3.66233 0.66245
v 2.13408 -1.36528 1.06165
v 3.77787 5.09831 -0.06305
v 1.66870 4.11559 -0.06305
v 6.23760 4.08446 -0.06305
v 24.12391 3.65307 45.83151
v 26.03670 0.50129 41.90778
v 25.95984 0.62827 41.28516
v 25.68656 0.51900 42.83117
v 26.37343 1.20750 42.80405
v 26.51778 2.25749 42.85540
v 25.21895 2.00522 44.62658
v 26.39263 3.28106 42.74600
v 26.05853 3.96609 42.52674
v 25.05691 3.47179 44.44748
v 4.14511 4.52027 6.54269
v 4.14340 4.58119 4.85418
v 2.17606 3.74187 6.50482
v 2.01031 3.70754 4.78731
v 2.20449 1.34980 6.49108
v 1.82685 1.05807 4.80685
v 2.71132 -0.44607 6.65673
v 2.58413 -0.98174 5.15760
v 4.38178 -1.24246 6.76894
v 4.35383 -1.76053 5.41330
v 5.75627 -0.29833 6.49914
v 5.87315 -0.82857 4.92090
v 6.13813 1.40639 6.36814
v 5.95210 3.77060 4.81737
v 6.34720 1.11673 4.63131
v 5.79255 3.80270 6.49833
v 16.14357 0.82269 54.71343
v 15.53918 0.77659 56.32758
v 15.27969 1.49139 57.88123
v 15.52465 2.62127 57.89489
v 16.02084 1.59143 56.58948
v 16.60547 1.54920 55.17205
v 16.40064 2.63945 56.62726
v 16.22406 3.73481 56.62726
v 15.58691 4.61358 56.09985
v 13.61808 5.24679 56.75373
v 7.47713 3.03092 59.45517
v 7.85690 3.16060 59.80915
v 7.59335 4.29024 60.48129
v 6.23597 3.53098 65.83865
v 6.59932 4.80312 64.32888
v 7.32980 5.17736 62.01370
v 8.15986 4.98475 63.78278
v 8.74305 4.38583 64.93747
v 6.96968 2.16747 66.37897
v 6.74834 0.89957 66.28966
v 6.93700 -0.23241 65.73818
v 8.10759 -1.33447 64.32887
v 9.28092 -1.41631 63.78278
v 9.14220 5.13863 63.01252
v 10.12486 -1.26648 63.01252
v 9.47615 -0.51837 64.93746
v 10.98761 -0.41809 63.71175
v 9.74812 0.91229 65.71071
v 11.59951 1.04610 64.17265
v 9.73503 2.64596 65.83701
v 11.68719 2.77612 64.23963
v 10.20162 4.54447 63.71175
v 11.25123 4.37620 62.26878
v 10.04460 4.94074 62.13656
v 10.00602 5.04452 60.75126
v 8.83746 4.18199 59.78600
v 8.45493 2.40436 59.25536
v 9.86955 2.62841 57.56143
v 11.28371 3.34476 56.12874
v 11.89155 4.90555 56.78698
v 10.18356 4.39519 58.04486
v 13.22098 2.54456 60.59915
v 13.21282 3.58832 60.00747
v 12.72768 5.35288 57.72616
v 13.94091 4.75095 58.59829
v 11.11135 5.21569 58.98051
v 11.41128 4.43792 60.80522
v 12.32128 4.74800 59.77053
v 12.55871 3.57990 60.67793
v 11.36414 -0.43661 61.42529
v 12.91348 1.43939 60.75975
v 7.11798 -1.37792 64.41857
v 7.27365 -1.57304 62.90428
v 9.16179 -1.49176 62.01370
v 10.07249 -1.25305 61.38372
v 12.07694 0.05258 60.77665
v 13.20957 0.06340 59.66265
v 13.50311 1.19412 59.97569
v 13.55858 2.53407 60.00747
v 14.59162 2.45137 59.15278
v 14.92560 4.63153 57.33129
v 15.34807 3.71663 57.89489
v 14.41503 3.54673 59.15278
v 9.78938 -0.42538 59.51394
v 10.95664 -0.52561 60.75126
v 11.12043 -0.33277 57.96351
v 12.39133 -0.54235 58.96772
v 13.19582 -0.28080 57.84614
v 13.95071 0.20518 58.64851
v 14.46968 1.22027 59.04679
v 14.07847 -0.01968 56.84501
v 14.76564 0.52990 57.48612
v 7.00454 0.83284 59.44244
v 6.93257 -0.89076 60.09256
v 7.38431 0.76570 59.73721
v 14.96013 0.38935 55.96960
v 16.00366 1.13861 52.97577
v 15.32315 1.08076 53.93036
v 14.07876 0.55491 55.17201
v 13.03894 0.07785 55.95314
v 12.06465 -0.18327 56.72562
v 10.35188 0.04287 57.40076
v 8.50527 0.66817 59.06052
v 8.91657 -0.00128 59.14756
v 7.79789 0.12579 60.07991
v 8.33550 -0.06590 60.46803
v 7.02086 -1.12109 60.58787
v 7.27367 -1.62220 61.85674
v 9.92406 0.78560 57.21867
v 11.32427 0.30188 56.08143
v 12.31103 0.65132 55.21703
v 13.04919 2.14299 54.11609
v 13.42353 1.06518 54.45522
v 13.81400 2.55219 52.81184
v 14.58795 1.43084 53.26749
v 14.51633 2.58997 51.61043
v 15.29083 1.48177 52.14116
v 15.58539 1.42600 51.50177
v 15.78178 2.39116 50.14268
v 17.02668 2.25510 48.84124
v 21.05823 2.09406 45.74855
v 19.21998 2.23271 47.17856
v 17.39087 1.03880 49.18262
v 16.16782 1.44757 50.59045
v 16.54245 0.98344 52.18967
v 16.75127 0.91901 53.87657
v 17.12031 0.77876 51.48756
v 17.33113 0.98593 53.12924
v 17.22178 2.52686 55.92356
v 17.26353 1.41202 54.49836
v 17.79631 1.31816 54.00138
v 17.89447 0.79747 52.52505
v 18.13708 0.43339 50.14431
v 19.47354 1.10196 47.46138
v 20.04495 0.53233 48.22605
v 21.58477 1.02577 46.30467
v 21.28193 1.38808 46.10450
v 14.67962 5.12295 55.52312
v 10.94903 1.53029 55.86936
v 11.97200 1.79276 55.00755
v 12.17320 3.45473 55.30170
v 13.04534 4.80068 55.69544
v 13.10524 3.51914 54.28268
v 14.00189 4.84629 54.85025
v 14.63283 5.12394 53.93851
v 15.37022 5.32377 54.50484
v 16.71600 4.58340 55.53394
v 17.08131 3.64453 55.94162
v 17.92995 2.54394 55.32446
v 18.56536 1.12920 53.48817
v 20.08308 0.74752 52.15381
v 19.06005 0.31623 51.29082
v 17.94629 3.44506 55.30447
v 17.32216 4.69803 55.03166
v 16.85232 4.94759 54.39525
v 17.34051 5.04106 53.50524
v 20.74009 0.35929 49.02126
v 22.10626 0.93326 46.82219
v 21.71469 0.76993 49.66436
v 20.48469 2.31791 52.73022
v 19.05332 2.52167 54.29186
v 18.85851 4.50846 53.55110
v 16.56310 5.34440 52.67320
v 15.89301 5.49450 53.60419
v 14.02771 4.23596 53.44760
v 15.21831 4.92319 52.45612
v 14.67193 4.08686 51.92257
v 15.82523 4.94790 52.06768
v 17.75476 5.23661 51.75534
v 20.09132 4.74374 52.15060
v 22.05281 2.35910 50.09317
v 22.77853 1.25123 47.50554
v 16.26164 4.43804 50.50460
v 17.49278 4.41168 49.25054
v 19.48416 4.23229 47.56199
v 21.24663 3.50405 46.02610
v 23.84429 1.32727 45.93325
v 23.06875 2.42808 47.76664
v 24.15026 2.25381 46.24646
v 23.68452 3.64040 45.74229
v 21.66011 4.12201 46.48874
v 22.59017 3.84548 47.45333
v 21.54584 4.50429 49.62182
v 18.77461 5.31271 50.53407
v 20.32526 5.04476 48.60704
v 27.13673 1.42168 37.68343
v 27.15270 0.92356 37.66939
v 27.33308 1.44842 36.60810
v 27.06880 1.43360 36.88875
v 27.20535 1.05779 36.56799
v 27.09342 1.01009 36.86546
v 27.53750 0.85269 36.85212
v 27.65822 1.04332 36.44460
v 27.59448 0.73930 37.65454
v 27.94694 0.90692 37.51746
v 27.99487 0.89646 37.77243
v 27.99932 1.39748 37.85883
v 27.59126 1.60282 37.79467
v 27.95821 1.41347 37.58967
v 27.54414 1.63237 36.96547
v 27.83195 0.99506 36.77192
v 27.81992 1.47271 36.84067
v 27.64468 1.50349 36.49976
v 25.43875 4.39973 42.14513
v 24.89201 4.34045 41.85752
v 22.34933 1.31461 44.84756
v 21.98663 2.02046 44.36283
v 22.12858 2.05858 44.66748
v 22.91974 3.92735 45.19862
v 22.43153 3.26359 44.65873
v 23.10402 4.04724 45.00869
v 22.30432 3.48093 44.47384
v 24.29475 4.23746 43.81996
v 23.38931 3.36773 43.12657
v 24.04811 3.13320 41.56675
v 24.80247 2.27913 41.18914
v 23.68789 2.03737 41.81587
v 22.86597 1.93140 43.34526
v 22.29154 0.91234 44.67003
v 22.62888 1.03651 45.03514
v 23.04389 0.91216 45.40012
v 23.24028 0.76125 45.30152
v 22.82510 0.79383 44.94783
v 23.10441 0.69342 43.24602
v 23.47421 0.66071 43.56950
v 24.42095 2.19853 46.29539
v 24.09107 1.05713 45.93033
v 24.75674 0.82597 44.42662
v 23.91705 0.59987 43.90599
v 23.97898 -0.02048 42.91089
v 24.07260 -0.57614 41.61879
v 24.16427 -0.68913 41.15894
v 24.36191 -0.82828 40.59613
v 24.48833 -0.94467 40.13308
v 24.68168 -0.92435 39.61670
v 24.87335 -1.01402 39.00173
v 24.96004 -1.07004 38.56639
v 23.31884 0.86474 42.01071
v 23.41826 0.38741 42.57692
v 23.63325 -0.02360 41.30295
v 23.79192 -0.27788 40.93235
v 24.00881 -0.48232 40.40345
v 24.16385 -0.64195 39.94621
v 24.31659 -0.70561 39.45272
v 24.54232 -0.64799 38.81088
v 24.65673 -0.75261 38.46149
v 24.75527 -0.46817 38.44630
v 23.78523 0.31131 40.74755
v 25.11285 1.36748 40.99217
v 25.65936 0.62618 41.16910
v 24.50248 -0.02736 43.05175
v 25.07763 0.02825 42.80096
v 25.38484 0.11702 41.83516
v 25.06138 0.45182 40.98289
v 24.16165 0.57171 40.78854
v 23.62747 1.19103 41.23286
v 23.58700 0.62181 41.13664
v 24.64684 -0.73653 41.25414
v 24.57462 -0.60987 41.70100
v 25.03025 -0.34568 41.68168
v 25.11918 -0.55980 38.52707
v 25.37984 -0.71012 38.62324
v 25.23936 -1.09415 38.67031
v 25.15554 -1.03967 39.09164
v 25.03403 -0.94343 39.70261
v 24.86784 -0.93355 40.23996
v 24.76031 -0.81875 40.73542
v 25.04558 -0.58255 40.88163
v 25.15234 -0.11953 40.76514
v 24.98883 0.09263 40.47388
v 24.46807 0.16996 40.37011
v 24.06666 0.04732 40.32442
v 25.09928 -0.03834 40.10064
v 24.30032 -0.08921 39.88072
v 24.65384 0.10531 39.95323
v 24.41710 -0.00278 39.32047
v 24.59408 -0.21272 38.78947
v 24.82186 0.05122 39.46907
v 25.16000 -0.22168 38.86772
v 25.23540 -0.06967 39.58295
v 25.22252 -0.26946 40.16376
v 25.09091 -0.72032 40.25169
v 25.37509 -0.35028 39.66796
v 25.35229 -0.91060 39.12963
v 25.26713 -0.76400 39.74422
v 25.48062 -0.45143 39.03233
v 27.42176 2.44110 36.52289
v 27.72422 2.00814 37.17663
v 27.41028 2.06541 36.43097
v 27.12269 2.44196 36.47921
v 27.41822 1.87429 37.25401
v 27.02621 1.93762 36.44034
v 26.94847 2.20156 37.30156
v 26.69195 2.24949 36.48313
v 26.93038 2.73265 36.82370
v 0.86444 1.42523 22.29882
v 0.89688 1.45984 23.80907
v 1.73507 2.37582 19.70637
v 3.49998 5.02359 20.46816
v 3.43643 3.74395 22.67940
v 2.89827 4.47831 24.76356
v 8.45004 -0.32665 19.37900
v 6.64336 5.18913 20.10484
v 8.25226 2.17336 19.32151
v 6.86211 3.68463 22.33927
v 7.03222 4.34908 24.90580
v 8.45146 1.69132 22.31738
v 7.99212 -0.52211 20.58326
v 7.22019 -3.03689 19.00642
v 1.12866 -1.13056 23.80479
v 0.85247 -0.27502 21.36518
v 1.48597 0.10579 19.62794
v 4.47968 -3.77538 19.11909
v 6.78557 -3.47200 20.36595
v 8.49519 -0.71757 22.76295
v 8.61168 1.93891 24.52486
v 2.46579 -3.29923 19.35682
v 4.60351 -4.35278 20.57058
v 7.50539 -3.42516 22.55554
v 8.54542 -0.85693 24.26917
v 10.42274 1.66602 24.86202
v 2.09142 -5.12944 24.28164
v 9.46179 -4.16525 24.52908
v 10.35471 -0.85693 24.60632
v 7.67566 -4.16525 24.19192
v 4.58574 -5.64436 24.69314
v 2.49715 -4.02675 22.67842
v 4.72733 -4.44821 22.34616
v 1.78916 -3.74854 21.02575
v 1.62523 1.01775 -0.06305
v 6.98445 0.98150 0.48346
v 6.93271 1.01729 -0.06305
v 1.72126 0.94913 0.52558
v 2.07651 3.78801 8.62619
v 2.22170 1.44127 8.55980
v 2.70154 -0.47836 8.66430
v 4.52974 -1.06905 8.76472
v 6.00184 -0.32946 8.54411
v 6.36337 1.49830 8.47066
v 4.22526 4.59094 8.69347
v 6.14438 3.84933 8.64145
v -2.17606 3.74187 6.50482
v -2.07651 3.78801 8.62619
v -2.20449 1.34980 6.49108
v -2.22170 1.44127 8.55980
v -2.71132 -0.44607 6.65673
v -2.70154 -0.47836 8.66430
v -4.38178 -1.24246 6.76894
v -4.52974 -1.06905 8.76472
v -5.75627 -0.29833 6.49914
v -6.00184 -0.32946 8.54411
v -6.13813 1.40639 6.36814
v -6.36337 1.49830 8.47066
v -5.79255 3.80270 6.49833
v -4.14511 4.52027 6.54269
v -6.14438 3.84933 8.64145
v -4.22526 4.59094 8.69347
v -27.13579 1.43969 38.70988
v -25.03025 -0.34569 41.68168
v -25.04558 -0.58255 40.88163
v -25.15234 -0.11953 40.76514
v -25.22252 -0.26946 40.16376
v -25.06138 0.45182 40.98289
v -24.98883 0.09262 40.47388
v -24.16165 0.57171 40.78854
v -25.09090 -0.72032 40.25169
v -25.26713 -0.76400 39.74423
v -25.35228 -0.91060 39.12963
v -25.37508 -0.35028 39.66796
v -25.09928 -0.03834 40.10064
v -24.46806 0.16996 40.37011
v -23.78523 0.31131 40.74755
v -23.58700 0.62181 41.13663
v -24.06665 0.04731 40.32442
v -24.65384 0.10531 39.95323
v -25.23539 -0.06967 39.58295
v -25.48061 -0.45143 39.03233
v -24.82185 0.05122 39.46907
v -25.15999 -0.22168 38.86773
v -24.41710 -0.00278 39.32048
v -24.30031 -0.08922 39.88072
v -24.59407 -0.21272 38.78947
v -27.94232 2.01082 38.35596
v -27.91954 2.44070 38.42868
v -27.64759 2.82568 38.48100
v -27.73488 2.85432 39.09751
v -27.95449 2.43874 39.05570
v -27.96033 2.02043 38.90639
v -27.33035 3.97554 39.31311
v -27.30696 3.59456 38.81314
v -27.40237 3.67528 39.26030
v -27.65717 3.30594 39.20986
v -27.62468 3.25478 38.70406
v -27.29585 3.89996 38.87024
v -27.02120 4.20053 38.90303
v -26.76625 4.23136 39.16040
v -26.52083 4.10175 39.12437
v -26.63712 3.60513 39.03026
v -26.72721 3.21486 38.88443
v -26.98212 2.69960 38.80692
v -27.13018 2.09378 38.70581
v -27.55305 1.80517 38.73271
v -27.05326 4.26093 39.26197
v -7.99212 -0.52211 20.58326
v -8.25226 2.17336 19.32151
v -6.28724 5.22245 17.26260
v -6.64336 5.18913 20.10484
v -8.45146 1.69132 22.31738
v -8.49519 -0.71757 22.76295
v -7.50539 -3.42516 22.55555
v -8.54542 -0.85693 24.75342
v -6.86211 3.68463 22.33927
v -8.61168 1.93891 25.00912
v -10.14617 1.66602 25.34627
v -10.07814 -0.85693 25.09058
v -9.18522 -4.16525 25.01332
v -7.67566 -4.16525 24.67617
v -4.58574 -5.64436 24.69314
v -6.31283 -0.74486 10.53959
v -4.74849 -2.98844 11.24375
v -4.65150 -1.70982 10.80381
v -2.62083 -0.89376 10.79026
v -2.07118 -2.05781 12.21265
v -2.28077 -1.95623 14.09037
v -4.80107 -2.57964 14.14788
v -7.28829 -1.70112 11.54667
v -6.66458 1.32597 10.33442
v -6.56584 4.18399 10.87380
v -2.72054 -2.42630 17.36996
v -2.46579 -3.29923 19.35683
v -4.66140 -2.96174 17.18805
v -7.45348 -1.49620 13.98322
v -8.05814 1.03002 11.10954
v -8.59974 3.74939 12.05550
v -4.35166 5.03571 10.89961
v -1.78916 -3.74854 21.02575
v -4.47968 -3.77538 19.11909
v -7.26587 -1.80162 16.86603
v -8.22590 0.66519 13.85718
v -2.09142 -5.12944 24.28164
v -2.49715 -4.02675 22.67842
v -4.72733 -4.44821 22.34616
v -4.60351 -4.35278 20.57058
v -6.78557 -3.47200 20.36595
v -7.22019 -3.03689 19.00642
v -8.45004 -0.32665 19.37901
v -8.01310 0.50176 17.16381
v -8.04029 2.78059 17.20106
v -8.35929 2.96182 14.74973
v -6.32471 6.33311 13.24753
v -6.13358 5.79502 15.23769
v -2.97268 6.28693 12.78732
v -3.29760 5.89883 15.36283
v -3.44735 5.36122 17.54567
v -3.49998 5.02359 20.46816
v -2.01270 4.03087 10.76682
v -2.15396 1.26894 10.75744
v -0.67395 3.62897 11.73372
v -0.95555 1.03996 11.48813
v -1.24389 2.79648 14.47667
v -1.14622 0.14242 14.03437
v -1.78411 2.70421 17.50491
v -1.42537 0.42703 17.44407
v -1.48597 0.10579 19.62794
v -0.85247 -0.27502 21.36518
v -1.12866 -1.13056 23.80479
v -0.89688 1.45984 23.80907
v -2.89827 4.47831 24.76356
v -1.73507 2.37582 19.70637
v -0.86444 1.42523 22.29882
v -3.43643 3.74395 22.67940
v -7.03222 4.34908 24.90581
v -6.23099 -7.85135 0.29842
v -4.26099 -8.61680 0.62456
v -1.79171 -7.80864 0.29428
v -1.21191 -6.16099 -0.06305
v -1.84312 -7.56145 0.96609
v -4.42709 -8.44208 1.32097
v -6.36854 -7.58346 0.96734
v -6.98280 -6.16028 -0.06305
v -7.22394 -4.12957 -0.06305
v -7.03088 -1.32272 0.20657
v -6.23760 4.08446 -0.06305
v -7.02040 -5.95743 0.55843
v -7.09649 -4.11123 0.49433
v -1.66870 4.11559 -0.06305
v -3.77787 5.09831 -0.06305
v -7.10434 -1.34050 0.90344
v -7.05793 0.92164 1.17727
v -6.46197 4.18735 1.19493
v -3.92988 5.16943 1.24663
v -1.83899 4.17845 1.20646
v -1.83337 -1.31001 0.20657
v -1.02640 -3.64868 -0.06305
v -1.05454 -3.66233 0.66245
v -1.19628 -5.94969 0.76499
v -1.78089 0.92168 1.21394
v -1.92970 -1.34432 0.93267
v 2.62083 -0.89376 10.79026
v 4.65150 -1.70982 10.57731
v 6.31283 -0.74486 10.53959
v 2.07118 -2.05781 11.67015
v 2.72054 -2.42629 17.36996
v 2.28077 -1.95623 14.09037
v 4.66140 -2.96174 17.18805
v 4.80107 -2.57964 14.14789
v 7.26587 -1.80162 16.86603
v 8.01310 0.50176 17.16381
v 8.04029 2.78059 17.20106
v 8.35929 2.96182 14.74974
v 6.28724 5.22245 17.26260
v 6.13358 5.79502 15.23769
v 3.44735 5.36122 17.54567
v 3.29760 5.89883 15.36283
v 1.78411 2.70421 17.50491
v 1.42537 0.42704 17.44407
v 1.24389 2.79648 14.47667
v 2.97268 6.28693 13.19651
v 6.32471 6.33311 13.24753
v 6.56584 4.18399 10.87380
v 6.66458 1.32597 10.33442
v 8.59974 3.74939 12.05550
v 8.05814 1.03002 11.10954
v 8.22590 0.66519 13.85718
v 7.28829 -1.70112 11.54667
v 4.74849 -2.98844 12.00985
v 7.45348 -1.49620 13.98322
v 2.15396 1.26894 10.75744
v 0.95555 1.03996 11.48813
v 1.14622 0.14242 14.03437
v 0.67395 3.62897 12.14290
v 2.01270 4.03087 10.76682
v 4.35166 5.03571 10.89961
v -6.78055 0.92245 1.25903
v -6.23879 4.11429 1.29540
v -5.95210 3.77061 4.81736
v -6.16091 4.09662 3.45182
v -6.34720 1.11673 4.63131
v -6.51494 0.73461 2.30586
v -6.85471 -1.38742 0.98376
v -6.84287 -4.08285 0.58896
v -6.35899 -1.28512 2.08162
v -5.87315 -0.82858 4.92090
v -4.29396 -3.87252 3.48216
v -2.58413 -0.98174 5.15760
v -4.35383 -1.76053 5.41330
v -4.29523 -2.76693 4.23060
v -5.62487 -2.39452 3.82607
v -5.64822 -3.93721 3.26779
v -6.36771 -3.96696 1.79388
v -6.61031 -5.56056 1.42127
v -6.28724 -5.27717 2.56170
v -5.67861 -5.20341 2.91004
v -4.35450 -5.23584 3.13146
v -2.69610 -5.16593 2.87566
v -2.78061 -3.64549 3.12581
v -2.86947 -2.17594 3.78628
v -5.92134 -6.31806 2.96537
v -4.43821 -6.89707 3.23373
v -2.49074 -6.27458 3.00517
v -2.12579 -5.29473 2.49615
v -4.14340 4.58119 4.85418
v -6.64666 -5.89786 0.65530
v -6.07574 -7.02041 2.03962
v -6.15194 -7.31040 1.03720
v -4.44941 -7.75317 2.38686
v -4.42576 -8.00360 1.33556
v -2.19837 -6.95776 2.10113
v -2.10128 -7.20963 1.05278
v -1.50946 -5.89233 0.76599
v -1.84505 -5.51562 1.78139
v -1.24831 -3.66026 0.73320
v -1.94068 -3.40108 2.18633
v -2.00496 -1.12934 2.36311
v -1.82685 1.05807 4.80684
v -2.01031 3.70754 4.78731
v -3.95362 5.03649 3.54649
v -3.82649 4.94194 1.32749
v -2.13408 -1.36528 1.06165
v -1.89935 0.96255 1.31684
v -1.80190 3.99123 3.39611
v -2.12851 3.98864 1.27075
v -1.71537 0.65149 2.44149
v -28.00396 0.82973 38.65598
v -27.98968 1.41733 38.72058
v -28.08231 1.40497 39.02614
v -28.06454 0.85305 39.00420
v -27.68562 0.64363 38.78350
v -27.68509 1.62633 38.83896
v -26.95139 1.93723 39.51647
v -26.90921 1.43041 39.52868
v -26.53047 1.59091 39.96880
v -26.07517 1.46323 40.54941
v -25.73500 2.59805 40.60647
v -25.56853 3.44803 40.74883
v -24.04812 3.13320 41.56675
v -22.86597 1.93139 43.34526
v -23.31885 0.86474 42.01071
v -23.68790 2.03737 41.81587
v -24.80248 2.27913 41.18914
v -25.11285 1.36747 40.99217
v -23.62747 1.19103 41.23286
v -26.83782 2.71539 39.57869
v -26.28113 2.75958 40.02748
v -26.51340 3.51294 39.62369
v -26.08212 3.45680 40.13258
v -26.38673 4.23378 39.75407
v -26.11906 4.26474 40.28873
v -25.62665 4.36278 41.01489
v -24.89201 4.34045 41.85752
v -23.38931 3.36773 43.12657
v -22.30432 3.48093 44.47384
v -22.43154 3.26359 44.65873
v -24.75525 -0.46816 38.44631
v -25.11917 -0.55980 38.52707
v -25.37982 -0.71012 38.62325
v -25.23935 -1.09415 38.67031
v -24.96003 -1.07004 38.56640
v -25.15553 -1.03967 39.09164
v -25.03403 -0.94343 39.70262
v -24.86783 -0.93356 40.23996
v -24.76031 -0.81876 40.73542
v -24.64684 -0.73653 41.25414
v -24.57462 -0.60987 41.70100
v -21.98663 2.02046 44.36283
v -23.10441 0.69341 43.24602
v -23.41826 0.38741 42.57692
v -23.63325 -0.02360 41.30295
v -23.79192 -0.27789 40.93235
v -24.16427 -0.68914 41.15894
v -24.00880 -0.48232 40.40345
v -24.36191 -0.82828 40.59613
v -24.16385 -0.64195 39.94621
v -24.48833 -0.94467 40.13308
v -24.31659 -0.70561 39.45272
v -24.68168 -0.92435 39.61670
v -24.87334 -1.01402 39.00173
v -24.54230 -0.64799 38.81089
v -24.65672 -0.75261 38.46149
v -22.12858 2.05858 44.66748
v -22.29154 0.91234 44.67003
v -22.34934 1.31460 44.84756
v -22.62888 1.03651 45.03514
v -22.82511 0.79383 44.94783
v -23.47421 0.66071 43.56950
v -23.97898 -0.02048 42.91089
v -24.07261 -0.57615 41.61879
v -22.91975 3.92735 45.19862
v -23.68452 3.64040 45.74229
v -24.15027 2.25381 46.24646
v -23.84430 1.32727 45.93325
v -23.04389 0.91216 45.40012
v -23.24028 0.76124 45.30152
v -23.91705 0.59986 43.90599
v -24.50248 -0.02736 43.05175
v -25.68656 0.51900 42.83117
v -24.75674 0.82597 44.42662
v -24.09107 1.05712 45.93033
v -24.42096 2.19852 46.29539
v -24.12391 3.65307 45.83151
v -23.10402 4.04724 45.00869
v -24.29475 4.23746 43.81996
v -25.43876 4.39972 42.14513
v -26.14410 4.44784 41.19187
v -26.63296 3.94034 41.38144
v -27.06522 3.17923 41.64728
v -27.20462 2.32399 42.03222
v -25.21896 2.00522 44.62658
v -26.51778 2.25749 42.85540
v -26.39263 3.28106 42.74600
v -26.05854 3.96609 42.52674
v -25.05692 3.47178 44.44748
v -27.49999 1.75234 39.54481
v -26.37344 1.20750 42.80405
v -27.20162 1.42804 42.02703
v -27.76327 1.45744 40.63292
v -27.87717 1.45864 40.00969
v -27.78753 2.04222 40.10306
v -27.73520 2.28803 40.68429
v -27.76424 2.44332 40.10394
v -27.66236 2.97836 40.13860
v -27.61370 3.08618 40.64269
v -27.50172 3.42372 40.10270
v -27.39297 3.61720 40.57695
v -27.29833 3.79752 40.05153
v -27.03061 4.00636 40.48737
v -27.19623 4.02585 39.99907
v -26.93409 4.32880 39.91210
v -26.64972 4.38758 40.41547
v -27.21355 0.86101 38.74371
v -26.37298 0.63317 40.63975
v -27.86474 0.80374 39.89832
v -27.48828 0.61192 39.67461
v -27.00393 0.84410 39.54084
v -26.74910 0.79904 39.98865
v -26.57383 0.57010 40.91223
v -25.95984 0.62827 41.28516
v -25.65937 0.62617 41.16910
v -25.07763 0.02825 42.80096
v -25.38484 0.11702 41.83516
v -26.03670 0.50129 41.90778
v -27.70065 0.81119 40.48195
v -27.08964 0.69553 41.85226
v -27.27404 0.63329 40.22277
v -6.93271 1.01729 -0.06305
v -1.72126 0.94913 0.52558
v -1.62523 1.01775 -0.06305
v -6.98445 0.98150 0.48346
v 0.00000 -7.21429 43.05699
v 6.21673 -1.98272 66.45755
v 6.44634 -2.11387 66.51635
v 6.34808 -1.83689 66.26984
v 6.57769 -1.96804 66.32864
v 4.86261 -2.52357 67.24283
v 4.45423 -1.58491 66.61647
v 6.79182 -1.49216 65.78398
v 7.07590 -2.43575 66.45461
v 3.87143 -5.66341 64.10982
v 5.74497 -4.80835 62.47501
v 3.40738 -4.90110 63.30750
v 6.08472 -5.57560 63.32159
v 7.46216 1.57106 69.77811
v 7.51992 1.40823 69.92303
v 7.38493 1.48532 69.88846
v 7.59714 1.49396 69.81268
v 3.16303 0.53752 76.66759
v 8.32187 -2.92385 45.02934
v 8.74372 -2.85909 41.69643
v 7.95182 -4.56918 41.54548
v 7.64658 -4.57578 44.92127
v 1.81880 -4.42161 70.01463
v 1.35558 -4.72932 71.04463
v 2.87062 -7.65415 41.04931
v 2.71874 -7.67072 44.81413
v 4.93063 -6.84253 44.89240
v 5.14751 -7.02858 41.15851
v -1.79124 -4.56219 71.02935
v -1.40934 -4.72932 70.98240
v -1.13395 -4.72946 71.84563
v -1.45145 -4.58319 72.48091
v -2.10693 -4.29412 72.55440
v -1.64630 -4.60548 71.86154
v -0.79122 -4.77942 72.64245
v -1.38941 -4.31790 72.85413
v -0.80012 -4.29294 73.07281
v -1.03868 -4.35652 73.23452
v -1.28195 -4.42704 73.12626
v -1.80991 -4.24357 73.11963
v -1.77731 -4.17625 73.16406
v -1.81725 -4.22119 73.41422
v -0.87117 -4.21127 73.29782
v -0.78557 -4.28316 73.30007
v -1.05708 -4.38145 73.46323
v -1.05512 -4.27787 73.41353
v -1.27880 -4.46172 73.52684
v -1.05001 -4.26311 73.26859
v -1.31027 -4.33855 73.16941
v -1.30749 -4.36924 73.48133
v -2.38825 4.09471 75.16606
v -1.42985 4.65732 74.64748
v -0.47145 4.87194 74.56001
v 1.37609 4.79897 74.48920
v 0.40870 5.01359 74.40173
v -0.85848 4.31935 76.18934
v -1.90772 3.63394 76.50976
v -2.97853 3.46788 75.07912
v -3.66235 2.24191 75.59314
v -3.70892 0.61461 75.61890
v -3.66235 0.54903 76.00156
v -3.21679 2.44839 76.09148
v -2.45723 2.66024 76.85172
v -1.11263 0.32748 78.13304
v -1.21376 2.78325 77.57315
v 0.79573 4.31935 76.18934
v 1.85396 3.63394 76.50976
v 1.15101 2.78325 77.62591
v -0.59972 -2.52503 77.66680
v -1.26706 -2.05098 77.68825
v -1.59396 -2.23680 77.29681
v -2.14708 -1.45529 77.10246
v -3.21679 0.53752 76.66759
v -2.08306 -1.21897 77.56237
v -2.38727 0.44895 77.51908
v -0.84151 -0.98867 78.12794
v 2.33351 0.44895 77.51908
v 1.04988 0.32748 78.18580
v 0.77876 -0.98867 78.18071
v 0.53697 -2.52503 77.71956
v -0.64358 -3.26773 77.28939
v -1.36390 -3.44180 76.83422
v -1.85495 -2.92713 76.79993
v -2.16288 -2.39789 76.73677
v -3.23594 -0.99025 76.31966
v -2.45198 -1.69498 76.58769
v 1.80120 -2.92713 76.79993
v -0.77816 -3.76313 76.83295
v 0.71541 -3.76313 76.83295
v 1.31014 -3.44180 76.83422
v 0.58083 -3.26773 77.28939
v 1.21330 -2.05099 77.74100
v 1.71851 -1.21897 77.74702
v 1.54020 -2.23680 77.29681
v 2.09332 -1.45529 77.10246
v 2.10912 -2.39789 76.73677
v 2.39822 -1.69498 76.58769
v 3.18218 -0.99025 76.31966
v 3.65516 0.61461 75.61890
v 3.68627 0.52266 76.15984
v 3.60859 2.24191 75.59314
v 3.16303 2.44839 76.09148
v 2.33449 4.09471 75.16606
v 2.92477 3.46788 75.07912
v 2.40347 2.66024 76.85172
v -3.59976 0.57550 72.89605
v -3.72197 -0.25753 73.16192
v -1.68145 3.74767 71.38475
v -2.89536 3.06247 71.49466
v -3.73097 1.89482 71.50372
v 3.54600 0.57550 72.89605
v 3.67722 1.89482 71.50372
v 2.84160 3.06247 71.49466
v 1.62769 3.74767 71.38475
v 0.71835 4.28292 71.26339
v -0.77215 4.28292 71.26339
v 3.40620 1.05315 71.13938
v 1.43619 -3.71396 76.22855
v 2.07839 -3.17913 76.15595
v 2.47948 -2.51436 76.06166
v 2.73577 -1.79654 75.94022
v 1.52503 -3.81812 76.50704
v 1.58280 -4.10858 76.29214
v 2.25778 -3.24720 76.38031
v 2.43027 -3.53765 76.19503
v 2.72498 -3.00504 76.11272
v 2.67387 -2.71458 76.31748
v 2.95709 -2.00809 76.14233
v 7.02747 -5.29716 44.87329
v 7.30862 -5.29771 41.36212
v 5.79009 -6.56817 41.21665
v 5.54946 -6.38509 44.76117
v 2.41773 3.07488 72.60864
v 1.52087 3.59466 72.42609
v 1.67284 3.88821 72.52299
v 1.55553 4.00680 73.59121
v 2.57113 3.32055 72.72112
v 2.69181 2.49248 72.75961
v 3.10611 1.67934 72.92310
v 3.13047 -2.93778 74.07529
v 3.49082 -1.33304 73.66824
v 3.49082 0.19197 73.38046
v 3.32662 1.68146 73.08694
v 2.94845 2.50640 72.93053
v 1.70495 4.31980 74.36189
v 2.39247 3.41806 73.66799
v 3.40696 -1.01673 74.72554
v 3.40696 0.39137 74.40476
v 3.26832 1.87754 74.04002
v 2.86498 2.74022 73.83026
v 2.32815 -4.00322 75.33498
v 2.81364 -3.26978 75.30158
v 3.07582 -2.56747 75.17004
v 3.06855 -2.29855 75.94377
v 3.60208 -0.82442 75.50748
v 3.47134 -0.79525 75.72726
v 3.47134 0.52687 75.35929
v 3.60208 0.49385 75.15318
v 3.35092 1.77341 75.12283
v 3.47715 2.00798 74.86548
v 2.90719 2.69167 74.92464
v 3.01677 2.92624 74.67432
v 2.52196 3.48088 74.76273
v 1.64278 4.08524 74.60074
v 2.61710 3.63611 74.49262
v 2.89563 -3.64674 74.23493
v 2.50375 -4.30589 74.27153
v 1.62876 -4.86202 74.28489
v -0.02696 -4.98855 74.06223
v -0.70596 -5.02570 74.11817
v -1.53449 -4.73763 74.19450
v -2.40809 -4.23080 74.17821
v -1.68252 -4.86202 74.28489
v -1.56722 -4.59372 75.29037
v -2.55751 -4.30589 74.27153
v -2.38191 -4.00322 75.33498
v -2.94939 -3.64674 74.23493
v -2.69731 -3.65968 74.13526
v -2.97660 -2.98242 73.95529
v -3.36283 -1.41139 73.54122
v -3.36283 0.22861 73.22266
v -3.15987 1.67934 72.92310
v -2.74557 2.49248 72.75961
v -2.47149 3.07488 72.60864
v -1.57463 3.59466 72.42609
v -0.72404 3.85531 72.25629
v 0.67020 3.85531 72.25629
v -3.18422 -2.93778 74.07529
v -3.54458 -1.33304 73.66824
v -3.54458 0.19197 73.38046
v -3.38038 1.68146 73.08694
v -3.00221 2.50640 72.93053
v -2.62489 3.32055 72.72112
v -1.72660 3.88821 72.52299
v -0.76013 4.16628 72.35683
v 0.70624 4.16627 72.35683
v 0.66504 4.30772 73.47218
v -0.71899 4.30772 73.47218
v -1.60929 4.00680 73.59121
v -2.44623 3.41806 73.66799
v -2.91874 2.74022 73.83026
v -3.32208 1.87754 74.04002
v -3.46072 0.39137 74.53949
v -2.86740 -3.26978 75.30158
v -3.12958 -2.56747 75.17004
v -3.46072 -1.01673 74.86027
v -3.65584 0.49385 75.28792
v -3.53091 2.00798 74.76631
v -3.40468 1.77341 75.02367
v -3.07053 2.92624 74.57515
v -2.96094 2.69167 74.82547
v -2.67086 3.63611 74.49262
v -2.57572 3.48088 74.76273
v -1.75871 4.31980 74.36189
v -1.69654 4.08524 74.60074
v -0.79987 4.65411 74.25591
v 0.73723 4.65411 74.25591
v 0.70961 4.41954 74.49086
v -0.77236 4.41954 74.49086
v -1.63655 -4.10858 76.15464
v -2.48403 -3.53765 76.19503
v -2.77874 -3.00504 76.11272
v -3.12231 -2.29855 75.94377
v -3.52509 0.52687 75.49402
v -3.65584 -0.82442 75.64221
v -3.52509 -0.79525 75.86198
v -3.01084 -2.00809 76.14233
v -2.78953 -1.79654 75.94022
v -2.72762 -2.71458 76.31748
v -2.53324 -2.51436 76.06166
v -2.31154 -3.24720 76.38031
v -2.13215 -3.17913 76.15595
v -1.57879 -3.81811 76.36954
v -1.48995 -3.71396 76.22855
v -0.77236 -4.04914 76.26778
v 0.70961 -4.04914 76.26778
v -0.72013 -4.14181 76.38262
v 0.65739 -4.14181 76.52013
v -0.74570 -4.43228 76.16725
v -0.70059 -4.90761 75.29143
v -0.74112 -5.16550 74.23656
v 0.68722 -5.16550 74.23656
v 1.51347 -4.59372 75.29037
v 0.64664 -4.90761 75.29143
v 0.68306 -4.43228 76.30476
v -2.25609 -1.97709 68.19441
v -2.79589 -0.98558 68.77451
v -2.87027 -1.40762 69.32095
v -3.05504 -0.29318 70.09650
v -1.61084 -1.87256 67.05821
v -2.16604 -1.43761 67.23448
v -2.69761 -0.46746 67.81458
v -1.05768 3.03002 69.38193
v -2.24181 2.15042 69.23116
v -2.78082 0.76710 68.62540
v 8.48432 -0.27309 45.16246
v 9.00984 -0.13645 41.47754
v 8.85177 -2.03572 41.37466
v 8.42065 -2.11314 45.05817
v -1.02283 -1.40375 65.94440
v -1.17625 -1.99214 66.97103
v -0.44213 -2.77013 66.72817
v -0.44963 -3.01517 67.73780
v 0.39580 -3.01517 67.73779
v 0.41521 -2.77013 66.72817
v -3.71841 0.34478 69.75560
v -2.90012 0.20485 69.69019
v -4.06795 2.02523 70.26294
v -2.46975 1.69511 70.31763
v -2.89536 3.38950 70.14847
v -1.68145 4.56776 69.82809
v -1.19439 2.60148 70.47305
v -0.99010 4.71007 69.83493
v 0.93630 4.71007 70.10951
v 1.62769 4.56776 69.85290
v 2.84160 3.38950 69.83633
v 3.97028 0.52009 69.73949
v 3.91060 2.02523 70.21851
v 3.66465 0.05348 69.74789
v 3.14533 0.24298 71.35023
v 3.22255 0.36205 72.22306
v 3.66144 0.83654 72.13372
v 3.49613 0.67833 71.35023
v 3.63846 0.21393 70.81234
v 3.26441 -0.95720 70.65487
v 3.46321 -0.75075 70.52612
v 3.51854 -0.64196 70.92076
v 3.73051 0.08723 71.03904
v 4.00958 0.47438 71.48838
v 3.87031 0.74980 71.35023
v 4.11366 0.90801 72.21321
v 4.05544 0.76491 72.88712
v 3.90024 -0.16019 72.69067
v 4.25982 0.56811 72.11796
v 3.45384 -0.44922 71.73036
v 4.19434 0.47086 72.59111
v 3.38040 0.10279 70.80518
v 3.01060 -1.01824 70.55688
v 3.00128 -0.29318 70.09650
v 2.84493 0.20485 69.69019
v 2.74213 -0.98558 68.77451
v 2.20233 -1.97709 68.19441
v 2.81651 -1.40762 69.32095
v 3.00885 -1.71847 69.72959
v 1.14937 -1.99214 66.97103
v 1.02283 -1.40375 65.94440
v 1.14327 -2.46351 67.96942
v 1.63709 -2.34103 68.01844
v 1.58396 -1.87256 67.05822
v 2.13916 -1.43761 67.23448
v 2.67073 -0.46746 67.81458
v 2.75394 0.76710 68.62540
v 2.21493 2.15042 69.23116
v 2.41016 1.69511 70.31763
v 1.03080 3.03002 69.38193
v 1.13480 2.60148 70.47305
v -0.02980 3.12112 70.47305
v 0.00000 3.36695 69.38751
v -0.93198 3.58856 68.15228
v -2.08457 2.71042 67.93210
v -2.61185 1.25503 67.69453
v -2.53085 0.20448 66.92803
v -2.05996 -0.63114 66.22758
v -1.56867 -1.02996 65.98080
v -1.08904 -1.42990 65.78101
v -0.31046 -1.97719 65.62620
v 0.29700 -1.97719 65.62620
v 1.08904 -1.42990 65.78101
v 1.56867 -1.02996 65.98080
v 2.05996 -0.63114 66.22758
v 2.53085 0.20448 66.92803
v 2.61185 1.25503 67.69453
v 2.08457 2.71042 67.93210
v 0.93198 3.58856 68.15228
v 0.00000 3.92548 68.23007
v 0.38383 -2.53626 65.14167
v 3.12199 0.12767 66.61657
v 2.59918 -1.01010 65.78379
v 2.08708 -1.58361 65.47507
v 1.32780 -2.26266 65.25106
v 1.58658 -4.04692 63.97501
v 0.00000 -4.90717 61.97388
v 0.00000 -3.97992 63.25175
v -0.39729 -2.53626 65.14167
v -2.71466 3.36389 67.80459
v -3.22215 1.44538 67.54525
v -3.12199 0.12767 66.61657
v -2.59918 -1.01010 65.78379
v -2.08708 -1.58361 65.47507
v -1.32780 -2.26266 65.25106
v -1.58658 -4.04692 63.97501
v 3.02083 4.98697 66.72519
v 1.20913 4.23164 67.93138
v 1.28830 4.97111 67.58554
v 0.00000 4.62756 67.98812
v 0.00000 5.26947 67.63035
v -1.20913 4.23164 67.93138
v -1.28830 4.97111 67.58554
v -2.73331 4.14406 67.60952
v -2.81248 4.63467 67.29563
v -3.02083 4.98697 66.72519
v -1.55023 5.65970 66.37271
v -1.36747 5.17530 67.07266
v 0.00000 5.97820 66.40558
v 0.00000 5.37611 67.10552
v 1.55023 5.65970 66.37271
v 1.36747 5.17530 67.07266
v 2.81248 4.63467 67.29563
v 2.73331 4.14406 67.60952
v 2.71466 3.36389 67.80459
v 3.22215 1.44538 67.54525
v 8.14723 2.33233 45.46194
v 8.57617 2.65158 42.40226
v 9.03716 0.65700 42.10355
v 8.51560 0.51187 45.36868
v 6.61975 5.22087 62.01370
v 7.04064 4.24386 59.78310
v 7.01874 2.76065 58.47170
v 6.88233 1.42241 58.39628
v 6.64732 0.35951 58.73971
v 6.47346 -0.65209 59.29940
v 6.15904 -1.39816 60.43480
v 5.83379 -1.75264 62.01370
v 5.49758 -1.65432 63.34640
v 5.38550 -1.42137 64.32888
v 5.45639 -0.33725 65.41074
v 5.55491 0.69203 66.18051
v 5.68427 1.87101 66.26982
v 5.89770 3.51594 65.72950
v 6.08792 4.80847 64.32888
v 5.52167 4.07020 44.17039
v 2.00703 5.03445 44.17548
v 0.00000 5.16891 44.16815
v -2.00703 5.03445 44.17548
v -5.52167 4.07020 44.17039
v -7.64658 -4.57578 45.04554
v -7.95182 -4.56918 41.54548
v -8.74372 -2.85909 41.69643
v -8.32187 -2.92385 45.15361
v -9.82086 -3.14623 33.17358
v -8.90802 -4.19139 41.23211
v -9.77740 -3.49777 35.56645
v -9.58850 -4.45137 35.42307
v -9.15049 -4.94644 40.04385
v -9.13384 -5.17146 39.73210
v -9.29458 -4.05772 40.17366
v -5.14751 -7.02858 41.37067
v -4.93063 -6.84253 44.89240
v -2.71874 -7.67072 44.81413
v -2.87062 -7.65415 41.26148
v -9.39640 -1.41121 41.66174
v -10.06468 -0.25561 39.25182
v -5.54946 -6.38509 44.63690
v -5.79009 -6.56817 41.21665
v -7.30862 -5.29771 41.36212
v -7.02747 -5.29716 44.74901
v -7.36224 -3.73433 41.02771
v -7.84385 -0.82960 41.47231
v -10.15047 1.56171 38.51961
v -10.39046 1.01318 33.59707
v -8.28628 2.02155 38.31400
v -8.22844 0.20353 39.04651
v -8.28136 -2.71015 32.98295
v -9.15966 1.35147 33.37209
v -8.42065 -2.11314 45.05818
v -8.85177 -2.03572 41.58484
v -9.00984 -0.13645 41.68771
v -8.48432 -0.27309 45.16246
v -7.47672 -3.60675 39.99859
v -7.33262 -4.49548 39.86878
v -7.82432 -4.01237 35.25276
v -7.31902 -4.72118 39.55731
v -8.01322 -3.05876 35.39614
v -8.51560 0.51187 45.36868
v -9.03716 0.65700 41.94438
v -8.57617 2.65158 42.24309
v -8.14723 2.33233 45.46194
v -1.75537 -6.66323 59.01644
v 1.75537 -6.94523 59.10807
v 1.75537 -6.66323 59.01644
v -1.75537 -6.94523 59.10807
v 1.75537 -6.27099 60.22363
v -1.75537 -6.55299 60.31527
v -1.75537 -6.27099 60.22363
v 1.75537 -6.55299 60.31527
v 3.08197 4.04962 27.12685
v 1.15975 1.52748 26.95172
v 0.79452 1.58239 30.91775
v 10.59609 1.52754 28.14192
v 3.05767 3.83602 31.55331
v 7.14017 3.97522 27.94464
v 8.78053 1.80044 28.29176
v 9.80234 0.75911 33.10540
v 10.47226 -0.94438 28.12387
v 7.27809 3.38399 34.84141
v 7.07378 3.41323 32.08845
v 8.81965 1.23312 35.96010
v 8.93158 1.45960 33.70804
v 9.62407 -1.27253 33.06452
v 8.96355 -4.18861 32.59414
v 8.75331 -1.23056 33.66716
v -3.05767 3.83602 31.55332
v -1.15975 1.52748 26.95172
v -0.79452 1.58239 30.91775
v -0.55571 1.80231 33.25903
v -0.63081 1.87911 33.69926
v 0.00000 1.90180 33.72983
v 0.55571 1.80231 33.25902
v 3.60238 3.94783 34.62223
v 0.63081 1.87911 33.69926
v -8.78053 1.80044 28.29177
v -7.14017 3.97522 27.94465
v -3.08197 4.04962 27.12685
v -7.07378 3.41323 32.08846
v -9.70249 -4.40139 27.90964
v -8.75331 -1.23056 33.66717
v -8.93158 1.45960 33.70805
v -9.80234 0.75911 33.10540
v -10.73438 1.52754 28.14192
v -10.61054 -0.94439 28.12387
v -9.62407 -1.27253 33.06452
v -8.96355 -4.18861 32.59414
v -8.09279 -4.70013 33.19678
v -7.77541 -4.40139 28.05948
v -4.57480 -5.61426 27.33700
v -2.24252 -4.92530 26.88743
v -1.97420 -5.69212 30.48322
v -4.25878 -5.90301 31.06558
v -0.79890 -1.87357 26.48465
v -0.53314 -3.22173 30.11959
v -0.26540 -1.03776 29.76862
v -0.54219 -3.78467 32.30951
v -0.14813 -1.04849 32.26347
v -0.17259 -1.07376 33.24691
v -0.59103 -4.03998 33.25687
v -0.85957 -5.79585 33.62203
v -1.43224 -5.62632 32.73838
v -4.20187 -6.12959 33.79467
v -7.58642 -4.02496 35.48031
v -8.70554 -1.46744 35.99981
v -1.91977 -6.49535 37.10915
v -1.55963 -6.11882 34.91245
v -3.70243 -6.14644 37.48643
v -4.14828 -6.13014 35.94802
v -2.23029 -6.79032 42.95168
v -2.27856 -6.77811 40.77810
v -2.15703 -6.53362 39.07345
v -4.99042 -5.99845 40.91910
v -5.03190 -5.73292 39.17938
v -6.97937 -4.35161 41.10377
v -7.32901 -4.35430 39.37551
v -7.94434 -2.26296 41.30160
v -8.33319 -2.11065 39.77710
v -8.81965 1.23312 35.96010
v -7.27809 3.38399 34.84141
v -8.14367 0.22314 41.45016
v -8.34394 0.89060 40.17067
v -5.52226 3.73283 44.05204
v -7.53501 2.78018 43.99665
v -7.65378 2.95874 41.67455
v -7.56269 3.07478 40.31202
v -1.95493 4.91710 43.65288
v -5.46157 4.26120 43.35884
v -6.19864 4.51534 40.50023
v -5.71420 4.35964 36.95096
v -3.60238 3.94783 34.62223
v 5.71420 4.35964 36.95096
v 4.29094 5.15736 37.10643
v 1.28619 4.57483 34.72659
v 1.98514 5.59160 36.98823
v 0.00000 4.36106 34.77013
v -1.28619 4.57483 34.72659
v -4.29094 5.15736 37.10643
v -4.93210 5.44119 40.54217
v 0.00000 5.26594 37.04122
v -1.95932 5.82157 40.48309
v -1.98514 5.59160 36.98823
v -0.81736 -6.90219 42.87885
v 0.67808 -6.84729 42.91459
v 2.23029 -6.79032 42.95168
v 4.99042 -5.99845 40.70694
v 2.27856 -6.77811 40.56592
v 0.63481 -6.88451 40.60733
v -0.81736 -6.99153 40.64897
v 0.70446 -7.40112 38.64805
v 2.00762 4.69708 44.05764
v 5.52226 3.73283 44.05204
v 7.53501 2.78018 43.99665
v 2.15703 -6.53362 39.07345
v 5.03190 -5.73292 39.17937
v 6.97937 -4.35161 41.10377
v 7.94434 -2.26296 41.09142
v 8.14367 0.22314 41.39916
v 7.56269 3.07478 40.31201
v 7.65378 2.95874 41.83372
v 6.19864 4.51534 40.50023
v 4.93210 5.44119 40.54217
v 5.46157 4.26120 43.35884
v 1.95932 5.82157 40.48309
v 0.00000 5.51751 40.46494
v 1.95493 4.91710 43.65288
v 0.00000 4.83153 44.04927
v -2.00762 4.69708 44.05764
v 0.00000 5.07033 43.41603
v 9.56420 -4.40139 27.90963
v 7.77541 -4.40139 28.05948
v 8.34394 0.89060 40.17067
v 8.33319 -2.11065 39.77709
v 8.70554 -1.46744 35.99981
v 8.09279 -4.70013 33.19678
v 4.57480 -5.61426 27.33699
v 7.32901 -4.35430 39.37550
v 7.58642 -4.02496 35.48031
v 1.43224 -5.62632 32.73837
v 4.14828 -6.13014 35.94801
v 0.00000 -1.07071 33.34753
v 0.00000 -4.03584 33.10915
v -0.93010 -7.37499 38.64880
v 4.20187 -6.12959 33.79466
v 4.25878 -5.90301 31.06558
v 1.97419 -5.69212 30.48321
v 2.24252 -4.92530 26.88743
v 0.79890 -1.87357 26.48465
v 0.26540 -1.03776 29.76862
v 0.53314 -3.22173 30.11958
v 0.14813 -1.04849 32.26347
v 0.17259 -1.07376 33.24691
v 0.54219 -3.78467 32.30951
v 0.59103 -4.03998 33.25687
v 0.00000 -5.77932 33.45362
v -0.67644 -6.46303 34.63850
v -0.93010 -7.32956 36.65069
v 0.76124 -7.37129 36.66899
v 3.70242 -6.14644 37.48643
v 1.91977 -6.49535 37.10915
v 0.85957 -5.79585 33.62203
v 0.67760 -6.48400 34.63519
v 1.55963 -6.11882 34.91245
v -3.67282 3.48920 67.47674
v -3.60131 1.34406 67.50152
v -3.33093 0.02269 66.76505
v -3.17326 -1.14207 65.86722
v -2.94430 -1.88169 65.32878
v -2.58683 -3.06297 64.41657
v -1.84711 -4.37830 63.36749
v -0.97211 -5.32448 61.98394
v -3.92255 3.27741 68.29887
v -4.42673 3.23775 68.20741
v -3.85933 1.34093 68.34793
v -6.08291 3.36728 67.78891
v -4.33849 1.34529 68.25797
v -3.58896 0.02269 67.60086
v -3.57871 -1.62760 66.22988
v -5.15550 -2.13346 65.55560
v -3.42883 -2.34185 65.69546
v -5.83705 1.35835 67.83712
v -4.03641 0.05139 67.58290
v -5.38103 -1.50030 66.15369
v -5.69502 -0.00670 67.30236
v -7.13227 3.36709 67.24561
v -7.33187 1.52290 67.30315
v -7.33559 0.14731 66.90674
v -7.10411 -1.11454 66.18366
v -6.92308 -1.96532 65.23817
v -4.71053 -3.52830 64.59616
v -3.00229 -3.62232 64.77773
v -2.17737 -4.87499 63.43632
v -6.32478 -2.12499 62.68346
v -6.13671 -1.82852 63.78806
v -6.12841 -1.26759 64.75251
v -6.25455 -0.55877 65.63554
v -6.41988 0.49970 66.35812
v -6.62243 1.64725 66.62835
v -6.91398 3.41040 66.56425
v -4.51018 -4.87490 63.36012
v -6.67923 -3.11293 64.38077
v -6.38503 -3.90204 63.14949
v -7.58455 -2.56801 62.83971
v -7.51738 -2.21377 62.69747
v -7.61792 -2.23769 64.05887
v -7.55141 -1.90998 63.85112
v -7.81783 -1.57829 65.09616
v -7.77812 -1.33521 64.85840
v -8.10517 -0.77026 66.00486
v -8.09920 -0.60891 65.70465
v -8.33739 0.36713 66.80243
v -8.35998 0.47568 66.42815
v -8.48231 1.65271 66.55784
v -8.48199 1.61107 67.00677
v -7.18674 4.98250 65.41174
v -8.83155 3.35659 66.45699
v -8.82695 3.46089 66.90794
v -7.70258 2.39195 58.08330
v -7.77518 3.93733 58.85137
v -7.80458 4.97825 59.69469
v -7.70013 5.79777 61.76135
v -7.52583 5.80610 63.76398
v -9.00414 4.77575 65.38886
v -9.00382 5.10762 65.68708
v -7.04433 3.54727 67.01234
v -6.14694 3.53514 67.52630
v -4.33657 3.40999 67.93990
v -3.87065 3.44836 68.02383
v -7.48222 -2.35950 61.57680
v -6.59069 -2.31739 61.61044
v -7.07121 -1.68825 59.68998
v -7.55125 0.26214 58.31441
v -7.81974 -1.94699 59.36020
v -7.88624 -2.29909 59.18439
v -8.35425 0.05152 58.04626
v -8.62413 -0.12649 57.64519
v -8.52276 2.23388 57.80489
v -8.70011 2.19698 57.37161
v -8.40395 3.81738 58.48434
v -8.47366 4.12024 58.15562
v -8.41173 5.06472 59.57598
v -8.44254 5.50665 59.40414
v -8.76262 5.61116 61.73441
v -8.89265 6.04455 63.95179
v -8.89296 5.61970 63.82597
v -8.76230 6.05309 61.71316
v -6.11756 -4.55271 61.82803
v -4.36658 -5.38335 61.98396
v -1.65108 -6.25601 61.46727
v -7.54873 -2.75039 61.60816
v -7.16684 -5.01261 59.23908
v -7.38708 -4.66043 61.32804
v -1.70736 -7.28372 59.46483
v -4.86479 -6.83476 59.37254
v -5.05971 -5.90355 61.47226
v 7.88624 -2.29909 59.18439
v 8.62413 -0.12649 57.64519
v 8.70011 2.19698 57.37161
v 8.47366 4.12024 58.15562
v 8.44254 5.50665 59.40414
v 8.77626 6.05309 61.71316
v 8.90661 6.04455 63.95178
v 8.98859 5.10762 65.68708
v 8.98891 4.77575 65.38886
v 7.18674 4.98250 65.41174
v 8.90692 5.61970 63.82597
v 7.52583 5.80610 63.76398
v 8.77657 5.61116 61.73440
v 7.70013 5.79777 61.76134
v 8.41173 5.06472 59.57597
v 7.80458 4.97825 59.69469
v 8.40395 3.81738 58.48434
v 7.77518 3.93733 58.85137
v 8.52276 2.23388 57.80489
v 7.70258 2.39195 58.08329
v 8.35425 0.05152 58.04626
v 7.81974 -1.94698 59.36020
v 7.07121 -1.68825 59.68997
v 7.55125 0.26214 58.31440
v 6.25455 -0.55877 65.63554
v 6.41988 0.49970 66.35812
v 8.86133 3.35659 66.45699
v 6.91398 3.41040 66.56425
v 6.62243 1.64725 66.62835
v 6.12841 -1.26759 64.75251
v 8.09920 -0.60891 65.70465
v 8.35998 0.47568 66.42815
v 8.54982 1.65271 66.55784
v 7.48644 -2.35950 61.57680
v 6.59069 -2.31739 61.61044
v 6.32478 -2.12499 62.68346
v 6.13671 -1.82852 63.78806
v 7.77812 -1.33521 64.85840
v 7.81783 -1.57829 65.09616
v 8.10517 -0.77026 66.00486
v 8.33739 0.36713 66.80243
v 8.54950 1.61107 67.00677
v 8.86528 3.46089 66.90794
v 7.61792 -2.23769 64.05887
v 7.55141 -1.90998 63.85112
v 7.10411 -1.11454 66.18366
v 6.92308 -1.96532 65.23817
v 6.67923 -3.11293 64.38077
v 7.58455 -2.56801 62.83970
v 7.51738 -2.21377 62.69747
v 4.33849 1.34529 68.25797
v 5.38103 -1.50030 66.15369
v 4.03641 0.05139 67.58290
v 5.69502 -0.00670 67.30236
v 7.33559 0.14731 66.90674
v 5.83705 1.35835 67.83712
v 7.33187 1.52290 67.30315
v 7.13227 3.36709 67.24561
v 7.04433 3.54727 67.01234
v 6.08291 3.36728 67.78891
v 6.14694 3.53514 67.52630
v 4.42673 3.23775 68.20741
v 4.33657 3.40999 67.93990
v 3.87065 3.44836 68.02383
v 3.92255 3.27741 68.29887
v 3.67282 3.48920 67.47674
v 3.85933 1.34093 68.34793
v 3.60131 1.34406 67.50152
v 3.58896 0.02269 67.60086
v 3.33093 0.02269 66.76505
v 3.57871 -1.62760 66.22988
v 3.17326 -1.14207 65.86722
v 3.42883 -2.34185 65.69546
v 5.15550 -2.13346 65.55560
v 2.94430 -1.88169 65.32878
v 3.00229 -3.62232 64.77773
v 4.71053 -3.52830 64.59616
v 6.38503 -3.90204 63.14949
v 4.51018 -4.59619 63.36012
v 2.58683 -3.06297 64.41657
v 2.17737 -4.87499 63.43632
v 1.84711 -4.37830 63.36749
v 0.00000 -5.73827 61.06677
v 0.97211 -5.32448 61.98394
v -4.79860 -6.08491 58.97559
v -7.26390 -3.53742 58.69168
v -7.50736 -5.19225 56.89768
v -7.32580 -4.92349 58.39428
v -4.90631 -6.88323 56.73514
v -1.82200 -7.24377 58.70255
v -1.84506 -7.59565 56.78917
v -4.84809 -6.95615 58.70255
v -0.95185 -5.81569 61.98396
v -1.19415 -6.83038 58.97558
v -1.46672 -7.61096 45.12288
v -2.49845 -6.95230 45.14844
v -1.20284 -7.88220 45.52969
v -2.85816 -7.05932 45.57406
v 6.11756 -4.55271 61.82803
v 7.55294 -2.75038 61.60815
v 7.26390 -3.53742 58.69168
v 4.36658 -5.38335 61.98396
v 1.84506 -8.05351 56.78917
v 1.70736 -7.74158 59.46482
v 1.64269 -6.64119 61.58101
v 7.22596 -4.58775 61.44178
v 4.96057 -5.83086 61.58598
v 7.16685 -5.01261 59.23908
v 7.50736 -5.19225 56.89768
v 4.90631 -6.88323 56.73514
v 4.86479 -6.83475 59.37254
v 1.20284 -7.88220 45.52969
v 0.00000 -8.24684 45.51389
v 0.00000 -7.94651 46.88831
v 0.00000 -7.59477 49.45991
v 0.00000 -7.71212 52.06904
v 0.00000 -7.36037 54.30491
v 0.00000 -7.13832 56.18800
v 1.19415 -6.83039 58.97558
v 0.00000 -6.23842 60.99058
v 0.95185 -5.81569 61.98396
v 0.00000 -6.50747 58.93824
v 0.00000 -7.86080 45.10244
v 1.46672 -7.61096 45.12288
v 4.76640 -5.78719 45.22649
v 6.68819 -4.36039 45.24469
v 7.51501 -2.34475 45.38748
v 7.60552 0.05635 45.66125
v 7.32966 2.58285 46.15398
v 7.92895 0.43964 45.65411
v 8.15353 0.73576 46.06447
v 8.14299 -1.61591 45.52003
v 8.37773 -1.28859 45.94932
v 7.65233 -3.48304 45.81428
v 7.56853 -3.12760 45.43078
v 7.56038 -3.54944 45.83186
v 6.60704 -4.54913 45.34724
v 6.40557 -4.91000 45.72651
v 4.70737 -5.91152 45.22520
v 2.49845 -6.95230 45.14844
v 2.85816 -7.05932 45.57406
v 4.59833 -6.25281 45.62916
v 6.02977 4.23311 45.82571
v -7.60552 0.05635 45.66125
v -6.02977 4.23311 45.82571
v -2.87499 5.34522 45.88256
v 0.00000 4.94683 45.79147
v 2.87499 5.34522 45.88256
v 6.23383 4.50277 46.26412
v 6.10660 4.65940 46.24719
v 3.13591 5.51089 46.30431
v 0.00000 5.22646 46.29549
v -3.13591 5.51089 46.30431
v -6.10660 4.65940 46.24719
v -6.23383 4.50277 46.26412
v -7.32966 2.58285 46.15398
v -7.56038 -3.54944 45.83186
v -7.65233 -3.48304 45.81428
v -8.15353 0.73576 46.06447
v -8.37773 -1.28859 45.94932
v -7.92895 0.43964 45.65411
v -8.14299 -1.61591 45.52003
v -7.51501 -2.34475 45.51175
v -7.56853 -3.12760 45.43077
v -6.40557 -4.91000 45.72651
v -6.68819 -4.36039 45.24470
v -4.59833 -6.25281 45.62917
v -6.60704 -4.54913 45.34724
v -4.76640 -5.78719 45.10222
v -4.70737 -5.91152 45.22520
v -2.79539 -6.92735 46.79905
v -4.41541 -6.12883 47.01036
v -4.54230 -6.34276 49.53692
v -4.54149 -6.36032 52.10039
v -4.57143 -6.24145 54.29712
v -4.42429 -7.47745 55.32148
v -1.94944 -8.34966 55.48255
v -1.91903 -7.71714 56.18861
v -4.14047 -6.93156 55.99956
v -4.52308 -6.01198 56.15414
v -3.11223 -7.89204 47.26631
v -4.32706 -7.45806 47.57929
v -1.22218 -7.18227 56.39900
v -1.17184 -7.13973 54.34185
v -1.90062 -8.44545 53.89373
v -4.48839 -7.56736 53.89284
v -4.46696 -7.68075 52.07126
v -4.46662 -7.66322 49.80899
v -1.89719 -8.32605 47.58013
v -1.14230 -7.49143 52.10598
v -1.87918 -8.55885 52.07215
v -1.87885 -8.54132 49.80988
v -1.14296 -7.37407 49.49685
v -1.17525 -7.72587 46.92524
v -7.72746 2.71644 51.78326
v -7.18208 2.49063 46.92226
v -8.64089 1.64443 47.33230
v -8.73273 1.54927 51.19439
v -9.12451 1.76541 49.09863
v -8.26927 3.05652 51.39209
v -7.20911 4.63547 51.13794
v -8.53791 3.23276 49.09937
v -7.19907 4.47534 47.74070
v -7.41261 4.81204 49.22483
v -8.04760 3.05006 47.31032
v 6.25592 5.65469 53.72327
v 6.29005 5.85029 54.97697
v 4.47899 6.15967 54.97697
v 4.44486 5.96406 53.72327
v 6.10291 5.79097 53.67688
v 4.61575 6.26579 54.93058
v 4.58161 6.07019 53.67689
v 6.13705 5.98658 54.93058
v 5.85801 5.16086 48.94702
v 3.99005 5.52576 48.94702
v 5.67551 5.39453 48.90063
v 4.17437 5.70769 48.90063
v 4.03032 5.72020 50.20071
v 5.71578 5.58897 50.15433
v 5.89827 5.35530 50.20071
v 4.21464 5.90213 50.15433
v -6.25165 5.85029 54.97697
v -6.21751 5.65469 53.72327
v -4.44486 5.96406 53.72327
v -4.47899 6.15967 54.97697
v -4.78346 6.05647 53.67689
v -6.13704 6.00029 54.93058
v -6.10290 5.80468 53.67688
v -4.81760 6.25208 54.93059
v -3.99005 5.52576 48.94702
v -5.75211 5.16086 48.94702
v -4.36013 5.69475 48.90063
v -5.62410 5.40746 48.90063
v -5.79238 5.35530 50.20071
v -4.40040 5.88919 50.15433
v -4.03032 5.72020 50.20071
v -5.66437 5.60190 50.15433
v -8.23028 -5.08207 53.87260
v -8.15849 -5.13604 51.90691
v -7.83141 -3.85402 51.77313
v -8.04696 -5.04274 49.71741
v -7.70681 -3.75007 49.49468
v -7.74592 -4.82155 47.46550
v -5.66739 -6.51221 47.51690
v -5.81932 -6.79923 49.77413
v -4.74158 -5.93976 49.53249
v -5.93082 -6.89253 52.07219
v -4.89861 -6.14018 52.17879
v -4.92508 -5.87084 54.46475
v -6.00241 -6.83873 53.92931
v -8.09375 -5.10555 55.47648
v -7.69831 -4.70898 56.19892
v -5.13647 -5.94862 56.15851
v -6.26800 -6.79998 55.52713
v -6.07708 -6.23340 56.27272
v -7.40144 -3.50595 46.94102
v -6.27141 -4.83546 46.75053
v -6.69208 -5.65620 47.17273
v -4.75903 -6.17580 46.90313
v 1.75537 -6.97792 54.32681
v -1.75537 -6.97792 54.32681
v 0.00000 -7.38571 54.32681
v -1.75537 -6.97792 53.05749
v 1.75537 -6.97792 53.05749
v 0.00000 -7.38571 53.05749
v -1.75537 -7.27443 53.05749
v -1.75537 -7.27443 54.32681
v 0.00000 -7.68223 54.32681
v 1.75537 -7.27443 53.05749
v 0.00000 -7.68223 53.05749
v 1.75537 -7.27443 54.32681
v -1.75537 -7.29589 47.78456
v 1.75537 -7.29589 47.78456
v 0.00000 -7.70368 47.78456
v -1.75537 -7.59240 47.78456
v 1.75537 -7.59240 47.78456
v 0.00000 -8.00020 47.78455
v 1.75537 -7.29589 49.05387
v 1.75537 -7.59240 49.05387
v 0.00000 -8.00020 49.05387
v -1.75537 -7.29589 49.05387
v 0.00000 -7.70368 49.05387
v -1.75537 -7.59240 49.05387
v -9.18990 -0.09327 49.04166
v -8.48400 0.78083 49.05611
v -8.72250 -0.20769 47.35035
v -8.33562 -2.97449 47.39325
v -8.60925 -3.11876 49.08907
v -9.07298 -0.10205 50.71729
v -8.79522 -0.02612 51.42069
v -8.41032 0.79483 51.60383
v -8.54861 -2.67459 51.48301
v -8.69924 -3.03224 50.76019
v -7.83267 -3.06364 51.72282
v -7.55948 -3.30303 49.47141
v -7.98832 0.68288 46.90992
v -8.21049 -1.29693 46.74945
v -8.67222 -1.59151 47.10414
v -7.71878 -3.27505 46.87748
v -8.23352 -2.22610 55.71663
v -7.67412 -3.80617 56.01731
v -7.92706 -3.80477 53.90079
v -8.34834 -2.30285 53.72036
v -8.41873 -0.02705 53.55677
v -7.97142 2.29633 53.46566
v -8.26227 2.29868 53.61021
v -8.63196 2.27080 55.23562
v -8.34408 2.26796 55.35709
v -8.49776 0.04669 55.50090
v -8.61089 -2.22326 55.53142
v -8.63221 -0.02458 53.75320
v -8.87512 0.04953 55.35460
v -8.40595 -2.30012 53.88848
v -2.12741 -6.80243 45.12528
v 0.00000 -6.81284 45.10871
v 2.12741 -6.80243 45.12528
v 0.00000 -7.12494 44.93061
v 8.72250 -0.20769 47.35035
v 9.18990 -0.09327 49.04166
v 9.07298 -0.10205 50.71729
v 8.79522 -0.02612 51.42069
v 8.54861 -2.67459 51.48301
v 8.69924 -3.03224 50.76019
v 7.83267 -3.06364 51.72282
v 7.55948 -3.30303 49.47141
v 8.21049 -1.29693 46.74945
v 7.71878 -3.27505 46.87748
v 8.33562 -2.97449 47.39325
v 8.60925 -3.11876 49.08907
v 8.67222 -1.59151 47.10414
v 3.32679 6.37614 65.84005
v 3.19839 5.79154 66.13422
v 1.75562 6.40339 65.43561
v 1.65586 5.90540 65.67463
v -0.00000 6.49190 65.33755
v 0.00000 5.99391 65.57658
v -1.75562 6.40339 65.43561
v -1.65586 5.90540 65.67463
v -3.19839 5.79154 66.13422
v -6.56435 5.83541 66.10982
v -6.13459 6.17145 65.84415
v -3.32679 6.37614 65.84005
v 6.70200 6.03241 57.04869
v 6.37787 5.92742 55.29253
v 6.82141 6.52297 59.16083
v 6.32040 6.44185 57.00014
v 6.91340 6.86375 61.76896
v 6.40024 6.92546 59.15392
v 3.56632 6.80122 57.27180
v 6.56435 5.83540 66.10982
v 6.80465 6.72682 64.08020
v 6.45680 7.15815 61.79725
v 3.64617 7.37038 59.11350
v 1.43624 7.53194 59.12613
v -6.80465 6.72682 64.08020
v -6.91340 6.86375 61.76896
v -6.37625 6.98561 64.08894
v -6.70200 6.03241 57.04869
v -6.82141 6.52296 59.16083
v -6.45680 7.15815 61.79725
v -3.56632 7.16726 64.11949
v -1.75562 7.22239 64.06847
v -0.00000 7.55696 61.93640
v -0.00000 7.17906 63.97041
v 1.75562 7.65391 61.92479
v 1.75562 7.22239 64.06847
v 3.64616 7.51246 61.85037
v 6.37625 6.98561 64.08894
v 6.13459 6.17145 65.84415
v 3.56632 7.16726 64.11949
v -6.32040 6.44185 57.00013
v -6.40024 6.92546 59.15392
v -3.64616 7.51246 61.85037
v -1.75562 7.65391 61.92479
v 0.00000 7.44483 59.17268
v 3.28405 5.94487 51.75303
v 0.00000 5.84071 53.59863
v -3.41652 6.40451 55.31586
v -3.56632 6.80122 57.27180
v -3.64616 7.37038 59.11350
v -1.43624 7.53194 59.12613
v 0.00000 7.04471 57.51549
v -0.87732 7.15199 57.48262
v -6.64784 5.39779 55.19439
v -6.51817 4.89832 53.40446
v -6.40521 4.79031 51.56287
v -6.28227 4.75248 49.23764
v -6.10075 4.35552 47.40973
v -5.70948 4.88596 47.23434
v -3.07225 5.35558 47.18090
v -6.02939 5.28245 49.35896
v -6.14370 5.32030 51.66109
v 0.87732 7.15199 57.48262
v 0.00000 6.32932 55.38639
v 3.41652 6.40451 55.31586
v 3.34175 6.05298 53.52697
v 6.25204 5.42832 53.50269
v 6.14370 5.32030 51.66109
v 6.02939 5.28245 49.35896
v 3.24376 5.90505 49.50856
v 3.07225 5.35558 47.18090
v 0.00000 5.07524 47.21864
v -0.00000 5.62500 49.58018
v -3.24376 5.90505 49.50856
v 0.00000 5.73251 51.75700
v -3.28405 5.94487 51.75303
v -6.37787 5.92742 55.29253
v -6.25204 5.42832 53.50269
v -3.34175 6.05298 53.52697
v 5.70948 4.88596 47.23434
v 7.22576 2.55059 45.66184
v 5.43906 3.41366 45.69075
v 5.43854 3.75104 45.57292
v 2.00780 4.58426 45.69642
v 2.00728 4.92164 45.57807
v 0.00000 4.69986 45.69782
v 0.00000 5.03724 45.57938
v -2.00780 4.58426 45.69642
v -2.00728 4.92164 45.57807
v -7.22576 2.55059 45.66184
v -5.43854 3.75104 45.57292
v -5.43906 3.41366 45.69075
v 1.17184 -7.13973 54.34185
v 1.14230 -7.49143 52.10598
v 1.14296 -7.37407 49.49685
v 1.89719 -8.32605 47.17965
v 1.87885 -8.54132 49.80988
v 1.87918 -8.55885 52.07215
v 1.90062 -8.44545 53.89374
v 1.94944 -8.34966 55.32016
v 1.91903 -7.71714 56.02622
v 1.22218 -7.18227 56.23661
v 4.14047 -6.93156 55.83717
v 4.52308 -6.01198 55.99176
v 4.42429 -7.47745 55.15909
v 4.57143 -6.24146 54.29712
v 4.32706 -7.45806 47.17881
v 1.17525 -7.72587 46.52477
v 3.11223 -7.89204 46.86583
v 2.79539 -6.92735 46.39857
v 4.48839 -7.56735 53.89284
v 4.54149 -6.36032 52.10039
v 4.46696 -7.68075 52.07126
v 4.46662 -7.66322 49.80899
v 4.54230 -6.34276 49.53692
v 4.41541 -6.12883 46.60988
v 7.74592 -4.82155 47.46550
v 7.70681 -3.75007 49.49468
v 7.83141 -3.85402 51.77313
v 8.09375 -5.10555 55.47648
v 7.69831 -4.70898 56.19892
v 6.07708 -6.23340 56.27272
v 5.13647 -5.94862 56.15851
v 8.04696 -5.04275 49.71741
v 6.26800 -6.79998 55.52713
v 8.23028 -5.08207 53.87260
v 8.15849 -5.13604 51.90691
v 6.00241 -6.83873 53.92931
v 4.92508 -5.87084 54.46475
v 5.93082 -6.89253 52.07219
v 4.89861 -6.14018 52.17879
v 5.81932 -6.79923 49.77413
v 6.27141 -4.83546 46.75053
v 6.69208 -5.65620 47.17273
v 7.40144 -3.50595 46.94102
v 4.75903 -6.17580 46.90313
v 4.74158 -5.93976 49.53249
v 5.66739 -6.51221 47.51690
v 8.49776 0.04669 55.50090
v 8.23352 -2.22610 55.71663
v 7.67412 -3.80617 56.01731
v 7.92706 -3.80477 53.90079
v 8.34834 -2.30285 53.72036
v 8.41873 -0.02705 53.55677
v 7.97142 2.29633 53.46566
v 6.51817 4.89832 53.40446
v 6.64784 5.39779 55.19439
v 8.34408 2.26796 55.35709
v 8.40595 -2.30012 53.88848
v 8.61089 -2.22326 55.53142
v 8.63221 -0.02458 53.75320
v 8.63196 2.27080 55.23562
v 8.26227 2.29868 53.61021
v 8.87512 0.04953 55.35460
v -27.13672 1.42167 37.68342
v 7.18208 2.49063 46.92226
v 6.10075 4.35552 47.40973
v 6.28227 4.75248 49.23764
v 6.40521 4.79031 51.56287
v 7.72746 2.71644 51.78326
v 8.41032 0.79483 51.60383
v 8.48400 0.78083 49.05611
v 7.98832 0.68288 46.90992
v 8.64089 1.64443 47.33230
v 9.12451 1.76541 49.09863
v 8.73273 1.54927 51.19439
v 7.20911 4.63547 51.13794
v 8.26927 3.05652 51.39209
v 7.41261 4.81204 49.22483
v 8.04760 3.05006 47.31032
v 8.53791 3.23276 49.09937
v 7.19907 4.47534 47.74070
v -6.64732 0.35951 58.73972
v -6.47345 -0.65209 59.29941
v -8.91657 -0.00128 59.14756
v -7.79789 0.12578 60.07991
v -6.93257 -0.89076 60.09256
v -6.15904 -1.39816 60.43480
v -5.83379 -1.75264 62.01370
v -5.49758 -1.65432 63.34640
v -5.38550 -1.42137 64.32888
v -5.45639 -0.33725 65.41074
v -9.78831 -0.42538 59.51394
v -12.35524 -0.54235 58.96772
v -10.95557 -0.52562 60.75126
v -8.36257 -0.06591 60.46803
v -7.02086 -1.12109 60.58788
v -7.27367 -1.62220 61.85674
v -18.56537 1.12920 53.48816
v -17.89448 0.79746 52.52505
v -17.12032 0.77876 51.48756
v -16.16782 1.44757 50.59044
v -12.31104 0.65132 55.21703
v -10.35188 0.04286 57.40076
v -11.32428 0.30188 56.08143
v -11.08434 -0.33278 57.96351
v -13.15974 -0.28080 57.84614
v -12.02856 -0.18328 56.72562
v -13.00708 0.07784 55.95314
v -14.07876 0.55490 55.17201
v -16.54246 0.98343 52.18967
v -15.58540 1.42600 51.50176
v -15.29084 1.48176 52.14116
v -16.00367 1.13861 52.97576
v -13.42353 1.06518 54.45522
v -14.58795 1.43083 53.26749
v -15.32316 1.08076 53.93036
v -15.82524 4.94789 52.06767
v -16.56311 5.34440 52.67320
v -17.75476 5.23660 51.75533
v -17.34051 5.04105 53.50523
v -16.85232 4.94758 54.39525
v -16.71600 4.58340 55.53394
v -15.89301 5.49450 53.60419
v -15.37022 5.32377 54.50484
v -14.67962 5.12294 55.52312
v -14.00189 4.84629 54.85025
v -13.61808 5.24678 56.75373
v -13.04534 4.80067 55.69544
v -12.72768 5.35288 57.72616
v -11.89155 4.90554 56.78698
v -10.94903 1.53028 55.86936
v -11.28371 3.34476 56.12874
v -11.97200 1.79276 55.00755
v -12.17321 3.45473 55.30170
v -13.04919 2.14299 54.11609
v -13.10525 3.51913 54.28268
v -13.81400 2.55218 52.81184
v -14.51633 2.58996 51.61042
v -15.78179 2.39116 50.14267
v -16.26165 4.43804 50.50460
v -14.67193 4.08686 51.92257
v -14.02771 4.23596 53.44760
v -14.63284 5.12393 53.93851
v -15.21831 4.92319 52.45611
v -6.88233 1.42241 58.39628
v -7.01874 2.76065 58.47171
v -7.00454 0.83284 59.44245
v -11.11135 5.21569 58.98051
v -10.18356 4.39518 58.04486
v -9.86956 2.62841 57.56143
v -9.92406 0.78560 57.21867
v -8.50528 0.66816 59.06052
v -7.38431 0.76570 59.73721
v -7.47713 3.03091 59.45518
v -7.04064 4.24386 59.78311
v -6.61975 5.22087 62.01370
v -6.08792 4.80847 64.32888
v -5.89770 3.51594 65.72950
v -8.45494 2.40436 59.25536
v -7.85690 3.16060 59.80915
v -7.59335 4.29024 60.48129
v -8.83746 4.18198 59.78600
v -7.11798 -1.37792 64.41858
v -7.27366 -1.57304 62.90429
v -10.00602 5.04451 60.75126
v -7.32981 5.17736 62.01370
v -6.59933 4.80312 64.32888
v -8.15986 4.98475 63.78278
v -9.14220 5.13863 63.01252
v -10.04460 4.94074 62.13656
v -6.74834 0.89957 66.28966
v -6.93700 -0.23241 65.73818
v -9.74812 0.91229 65.71071
v -5.55491 0.69203 66.18051
v -5.68427 1.87101 66.26982
v -6.96969 2.16747 66.37897
v -6.23597 3.53098 65.83865
v -9.73503 2.64596 65.83701
v -8.74305 4.38583 64.93746
v -11.68720 2.77612 64.23962
v -10.20162 4.54447 63.71175
v -11.25124 4.37620 62.26878
v -11.41128 4.43792 60.80522
v -12.32128 4.74799 59.77053
v -13.94091 4.75095 58.59829
v -15.58691 4.61357 56.09985
v -14.92561 4.63153 57.33129
v -17.32216 4.69803 55.03166
v -18.85852 4.50846 53.55109
v -17.08132 3.64453 55.94162
v -16.22407 3.73481 56.62726
v -15.34807 3.71663 57.89489
v -14.41504 3.54673 59.15278
v -13.21283 3.58831 60.00747
v -12.55871 3.57990 60.67793
v -12.91819 2.66478 62.01079
v -11.59951 1.04609 64.17265
v -8.10760 -1.33447 64.32887
v -9.28092 -1.41631 63.78278
v -9.47616 -0.51837 64.93746
v -17.94630 3.44506 55.30447
v -17.22178 2.52686 55.92356
v -16.40065 2.63945 56.62726
v -15.52466 2.62127 57.89489
v -14.59162 2.45137 59.15278
v -13.55859 2.53407 60.00747
v -13.22098 2.54455 60.59915
v -12.58236 1.49716 62.10679
v -10.07249 -1.25305 61.38372
v -10.12486 -1.26649 63.01252
v -9.16179 -1.49176 62.01370
v -14.96014 0.38934 55.96960
v -14.04661 -0.01968 56.84501
v -10.98761 -0.41810 63.71175
v -10.73611 -0.87907 62.13656
v -11.82866 0.04962 62.18306
v -11.36414 -0.43661 61.42529
v -12.91348 1.43939 60.75975
v -12.07694 0.05258 60.77665
v -13.50311 1.19412 59.97569
v -13.20957 0.06340 59.66265
v -14.46969 1.22027 59.04679
v -13.95071 0.20518 58.64851
v -15.27969 1.49139 57.88123
v -14.76564 0.52989 57.48612
v -16.02085 1.59142 56.58948
v -15.53918 0.77659 56.32758
v -16.14357 0.82268 54.71343
v -16.75128 0.91900 53.87657
v -17.33114 0.98593 53.12923
v -17.79632 1.31816 54.00137
v -16.60548 1.54919 55.17205
v -17.26353 1.41202 54.49836
v -17.92995 2.54394 55.32446
v -27.06879 1.43360 36.88874
v -27.15269 0.92356 37.66938
v -27.59447 0.73930 37.65453
v -27.99486 0.89646 37.77243
v -27.99931 1.39748 37.85882
v -27.59125 1.60282 37.79466
v -27.54413 1.63237 36.96546
v -27.64466 1.50348 36.49975
v -27.33307 1.44842 36.60809
v -27.09341 1.01009 36.86545
v -27.20533 1.05779 36.56798
v -27.65821 1.04332 36.44459
v -27.81991 1.47271 36.84066
v -27.95820 1.41347 37.58966
v -27.83194 0.99506 36.77191
v -27.94694 0.90691 37.51745
v -27.53749 0.85269 36.85212
v -26.67154 4.09890 38.40086
v -26.43912 3.93715 38.46609
v -26.53584 3.49427 38.37571
v -26.65653 3.10079 38.21912
v -26.46997 3.01025 37.46338
v -26.91486 2.66577 38.14659
v -27.04323 2.11754 38.09611
v -26.73691 2.65869 37.36605
v -26.94847 2.20155 37.30155
v -27.41822 1.87429 37.25400
v -27.72422 2.00813 37.17663
v -27.59045 1.85758 38.20313
v -26.44778 3.00653 36.97177
v -26.34756 3.20267 37.23472
v -26.71012 3.34447 37.17435
v -26.94929 3.05654 36.87841
v -27.42479 3.18005 37.65675
v -26.93037 2.73264 36.82370
v -27.48198 2.78314 37.33113
v -27.76363 2.45516 37.26137
v -27.42176 2.44110 36.52289
v -27.41027 2.06541 36.43096
v -27.12268 2.44195 36.47920
v -27.02620 1.93762 36.44033
v -26.69195 2.24948 36.48313
v -26.47692 3.85109 37.76273
v -26.83782 3.89576 37.70368
v -26.90487 4.05003 38.27611
v -27.11794 3.76585 37.85506
v -26.96850 3.67821 37.64833
v -26.48526 3.41341 37.65611
v -26.42316 3.62563 37.69543
v -27.07436 3.48501 37.71997
v 2.37072 -3.58746 71.09978
v 2.47281 -3.87632 72.25610
v 2.05317 -4.29412 72.61664
v 1.77736 -4.14435 72.97005
v 2.30870 -3.91786 72.64321
v 2.59545 -3.25194 72.85894
v 2.12047 -3.83634 73.12499
v 2.64435 -3.17708 73.08760
v 3.30907 0.22861 73.22266
v 3.66821 -0.25753 73.16192
v 3.30907 -1.41139 73.54122
v 2.92285 -2.98242 73.95529
v 2.65454 -3.09326 71.12487
v 2.79645 -3.34601 72.31889
v 3.68150 -0.11455 73.02892
v 2.78030 -2.70682 70.08257
v 3.16668 -1.56756 70.33578
v 3.38414 -1.08555 71.32325
v 3.16202 -1.68118 71.25307
v 3.48802 -0.84523 72.20361
v 3.31120 -1.71499 72.20350
v 3.62079 -0.69143 72.93517
v 3.18611 -1.64789 72.97675
v 3.18910 -1.50370 73.25270
v 2.76966 -3.10222 73.55553
v 2.64355 -3.65968 74.13526
v 2.35433 -4.23080 74.17821
v 0.65212 -5.02570 74.05594
v 1.48073 -4.73762 74.13226
v 1.41606 -4.67574 73.92119
v 2.28935 -4.16473 73.91882
v 2.52951 -3.67275 73.75319
v 2.70416 -3.15029 73.31253
v 2.31196 -3.58931 73.53015
v 2.12297 -3.78972 73.40755
v 2.04913 -4.06838 73.70454
v 1.36154 -4.50886 73.76320
v 1.25373 -4.36924 73.48772
v 1.25651 -4.33855 73.23313
v 1.00497 -4.27918 73.43640
v 0.99918 -4.37995 73.47890
v 0.75326 -4.31839 73.45818
v 0.58349 -4.58779 73.56404
v 0.97626 -4.33825 73.54694
v 1.33227 -4.36994 73.68865
v 1.22504 -4.46172 73.53040
v 1.74769 -4.12378 73.65617
v 1.80130 -4.29437 73.46620
v 1.76349 -4.22119 73.42479
v 2.09926 -3.86840 73.26333
v 2.02708 -3.84437 73.26706
v 0.99929 -4.26399 73.30564
v 0.81741 -4.21127 73.32432
v 0.52086 -4.91728 73.76638
v 1.72355 -4.17625 73.22812
v 1.75615 -4.24357 73.18645
v 1.22819 -4.42704 73.19267
v 1.00214 -4.36152 73.27274
v 0.73182 -4.28316 73.32657
v 0.42715 -4.74002 73.50426
v 0.27523 -4.87923 73.63354
v -0.02696 -4.88012 73.80379
v -0.57470 -4.91728 73.85973
v 1.08019 -4.72946 71.84563
v 1.33565 -4.31790 72.91637
v -0.33055 -4.87923 73.66466
v -0.02843 -4.87923 73.71128
v 0.14905 -5.00211 73.51945
v 0.33232 -4.92309 73.25768
v 0.74636 -4.29294 73.07281
v 0.73746 -4.77942 72.64245
v 1.39769 -4.58319 72.54316
v 1.59254 -4.60548 71.86154
v 2.10533 -4.26180 72.20068
v 1.73748 -4.56219 71.18494
v 1.99310 -3.93780 71.23618
v 2.02637 -3.75894 69.99607
v 2.34680 -3.31508 70.01277
v 2.08871 -3.66128 68.99100
v 1.82642 -2.93866 68.64965
v 2.71991 -2.45966 69.24657
v 2.28971 -2.29665 68.83269
v 2.38254 -3.12102 69.07082
v -1.02452 -4.33776 73.54475
v -0.63725 -4.58779 73.59515
v -0.80702 -4.31839 73.45818
v -0.48091 -4.74002 73.50426
v -0.20273 -5.00409 73.51945
v 0.08472 -5.34468 72.84640
v 0.12206 -5.78417 72.32500
v 0.31361 -5.61212 72.34206
v 0.50778 -5.71937 72.07232
v 0.88819 -5.18509 72.01391
v 0.72899 -5.18639 72.17713
v 0.75046 -4.75974 71.88891
v 0.55269 -5.21410 72.31939
v 0.42952 -4.93247 73.02174
v 0.21593 -6.02968 72.03805
v -0.17606 -5.78417 72.32500
v -0.26993 -6.02968 72.03805
v -0.36737 -5.61212 72.34206
v -0.38607 -4.92309 73.25768
v -0.26220 -5.34468 72.84640
v -0.78275 -5.18639 72.09933
v -0.48328 -4.93247 73.02174
v -0.60645 -5.21410 72.24159
v -0.80422 -4.75974 71.88891
v -0.56153 -5.71937 72.07232
v -0.94195 -5.18509 71.93610
v 0.04824 -5.67448 70.72679
v 0.58429 -5.39854 71.11320
v 0.04233 -5.58074 71.03233
v 0.09768 -5.40564 71.25840
v -0.09764 -5.58074 71.03233
v -0.10443 -5.67448 70.72679
v -0.95562 -5.24721 70.56585
v -0.68553 -5.45075 70.67696
v -0.98523 -4.98995 70.98996
v -0.63805 -5.39854 71.00429
v -0.62604 -5.69501 71.64973
v -0.54683 -5.64955 71.56136
v -0.94820 -5.21442 71.67791
v -0.81230 -4.82419 71.50184
v 0.89444 -5.21442 71.75571
v 0.57228 -5.69501 71.64973
v 0.49307 -5.64955 71.56136
v -0.61119 -5.22666 71.56248
v -0.60158 -5.18702 71.36313
v -0.31912 -5.36465 71.36175
v -0.15259 -5.40564 71.25840
v -0.27782 -5.65555 71.45731
v -0.13491 -5.66887 71.35719
v -0.28364 -5.97171 71.55001
v 0.22879 -5.97171 71.55001
v 0.07999 -5.66887 71.35719
v 0.22406 -5.65555 71.45731
v 0.26537 -5.36465 71.36175
v 0.55743 -5.22666 71.56248
v 0.54782 -5.18702 71.36313
v 0.75854 -4.82419 71.50184
v 0.93147 -4.98995 71.05220
v 0.90549 -5.24225 70.61541
v 0.63096 -5.44658 70.80966
v 1.07896 -5.11314 70.49265
v 1.15301 -4.75421 71.07398
v 0.10430 -5.42177 70.39992
v -0.16049 -5.42183 70.37552
v -0.58297 -5.19738 70.34843
v 0.83143 -5.01874 70.28656
v 0.52841 -5.19550 70.43082
v -0.90142 -5.14284 70.14895
v -0.61219 -5.40364 70.13735
v -0.22706 -5.61168 70.16837
v 0.17163 -5.61138 70.20020
v 0.55762 -5.40213 70.22274
v 0.60896 -5.43679 69.93378
v 0.70827 -5.26265 69.58898
v 1.44287 -4.65436 69.53750
v 1.50714 -4.73350 70.00396
v 1.22416 -4.79702 69.73918
v 0.86528 -5.17001 70.08272
v 0.83707 -5.15945 70.21424
v 1.03034 -4.90833 70.19949
v 0.18901 -5.66394 69.87472
v 0.77731 -5.18082 69.35022
v 0.24114 -5.47335 69.55370
v -0.29609 -5.47335 69.55370
v -0.76284 -5.26265 69.58898
v -0.66352 -5.43829 69.88589
v -0.24421 -5.66544 69.82682
v -0.33197 -5.41300 69.29771
v 0.27785 -5.41300 69.29771
v 1.06301 -5.14018 68.85880
v 1.78335 -4.33160 69.02158
v 1.57229 -3.62030 68.52728
v 0.79404 -3.62030 68.20509
v 0.29153 -4.90720 68.02644
v 0.27775 -3.62030 68.07683
v -0.34566 -4.90720 68.02644
v -0.33159 -3.62030 68.07683
v 1.34962 -4.34831 68.43256
v 0.72252 -4.47206 68.09148
v -0.77628 -4.47206 68.09148
v -1.40338 -4.34831 68.43256
v -1.01207 -5.05386 68.37607
v -0.90029 -5.01205 70.21923
v -1.20677 -4.75421 71.01174
v -1.13353 -5.11314 70.49265
v -0.91693 -5.16650 70.03560
v -1.08543 -4.91201 70.15640
v -1.27873 -4.79702 69.73918
v -1.56171 -4.73350 70.00396
v 0.95831 -5.05386 68.34957
v 0.42274 -5.54835 68.31390
v 0.47218 -5.63460 68.88687
v -0.42226 -5.54835 68.38161
v -0.37282 -5.63460 68.95457
v -0.83107 -5.18082 69.35022
v -1.11677 -5.14018 68.85880
v -1.49662 -4.65436 69.53750
v -1.87256 -4.42161 70.01463
v -2.04686 -3.93780 71.08058
v -2.15909 -4.26180 71.95367
v -2.36246 -3.91786 72.64321
v -2.17423 -3.83634 73.12499
v -1.83112 -4.14435 72.90782
v -1.19703 -2.46351 67.96942
v -0.84780 -3.62030 68.20509
v -2.52657 -3.87632 72.00909
v -2.42448 -3.58746 71.09978
v -2.08083 -3.84437 73.27292
v -1.62605 -3.62030 68.52728
v -1.83711 -4.33160 69.02158
v -2.14247 -3.66128 68.99100
v -2.08013 -3.75894 69.99607
v -2.43630 -3.12102 69.07082
v -2.40055 -3.31508 70.01277
v -2.70830 -3.09326 71.12487
v -2.85020 -3.34601 72.13362
v -2.64921 -3.25194 72.85894
v -2.15302 -3.86840 73.26918
v -1.85506 -4.29437 73.45838
v -1.38603 -4.36994 73.68865
v -1.41530 -4.50886 73.76320
v -1.46982 -4.67574 73.98343
v -2.34311 -4.16473 73.91882
v -2.58327 -3.67275 73.75319
v -2.82342 -3.10222 73.55553
v -2.10289 -4.06838 73.70454
v -1.80145 -4.12378 73.65617
v -2.36572 -3.58931 73.53015
v -2.17673 -3.78972 73.40755
v -2.75792 -3.15029 73.31253
v -2.69811 -3.17708 73.08760
v -3.24286 -1.50370 73.25270
v -3.23986 -1.64789 72.97675
v -3.67454 -0.69143 72.93517
v -3.36496 -1.71499 72.20350
v -3.21578 -1.68118 71.25307
v -2.83406 -2.70682 70.08257
v -3.06261 -1.71847 69.72959
v -2.77367 -2.45966 69.24657
v -1.88018 -2.93866 68.64965
v -1.69085 -2.34103 68.01844
v -2.34347 -2.29665 68.83269
v -3.54178 -0.84523 72.20361
v -3.87596 -0.16019 72.61118
v -4.17007 0.47086 72.51163
v -3.50760 -0.44922 71.73036
v -3.78427 0.08723 71.03904
v -3.57230 -0.64196 70.92076
v -3.43790 -1.08555 71.32325
v -3.22043 -1.56756 70.33578
v -4.23554 0.56811 72.03848
v -4.06334 0.47438 71.48838
v -3.19909 0.24298 71.35023
v -3.27631 0.36205 72.22306
v -3.65723 -0.11455 72.94944
v -4.03116 0.76491 72.80765
v -4.08939 0.90801 72.13372
v -3.71520 0.83654 72.13372
v -3.92407 0.74980 71.35023
v -3.54989 0.67833 71.35023
v -3.69222 0.21393 70.81234
v -3.51697 -0.75075 70.52612
v -3.43416 0.10279 70.80518
v -3.31817 -0.95720 70.65487
v -3.06436 -1.01824 70.55688
# 2572 verticies
vt 0.33811 -0.30000
vt 0.36363 -0.31703
vt 0.33749 -0.31489
vt 0.35356 -0.30094
vt 0.37027 -0.29884
vt 0.37685 -0.31224
vt 0.38394 -0.29021
vt 0.56058 -0.31442
vt 0.57323 -0.31979
vt 0.55538 -0.32581
vt 0.55425 -0.31009
vt 0.54470 -0.31556
vt 0.54500 -0.29918
vt 0.53664 -0.30981
vt 0.53442 -0.28525
vt 0.14156 -0.25201
vt 0.13635 -0.25548
vt 0.13192 -0.24912
vt 0.14476 -0.25532
vt 0.14818 -0.26052
vt 0.14108 -0.26332
vt 0.15202 -0.26605
vt 0.14493 -0.27068
vt 0.15500 -0.27119
vt 0.14809 -0.27245
vt 0.15900 -0.26904
vt 0.15729 -0.26290
vt 0.15415 -0.25783
vt 0.15132 -0.25318
vt 0.14800 -0.24985
vt 0.13830 -0.24749
vt 0.13689 -0.24454
vt 0.15488 -0.24719
vt 0.15965 -0.24683
vt 0.15869 -0.25000
vt 0.16293 -0.24769
vt 0.16128 -0.25390
vt 0.16679 -0.25155
vt 0.16409 -0.25835
vt 0.16690 -0.26387
vt 0.13015 -0.24208
vt 0.13585 -0.24157
vt 0.13856 -0.24095
vt 0.14506 -0.24007
vt 0.14447 -0.24288
vt 0.15097 -0.23887
vt 0.15176 -0.24275
vt 0.15345 -0.24496
vt 0.14514 -0.24589
vt 0.14664 -0.27582
vt 0.12653 -0.25009
vt 0.11791 -0.25116
vt 0.13008 -0.25805
vt 0.12475 -0.28216
vt 0.13810 -0.28785
vt 0.12950 -0.29015
vt 0.13389 -0.27922
vt 0.14382 -0.28369
vt 0.14036 -0.27583
vt 0.14736 -0.28257
vt 0.13442 -0.26453
vt 0.12242 -0.26024
vt 0.10684 -0.25442
vt 0.10606 -0.24822
vt 0.11805 -0.24536
vt 0.12675 -0.24403
vt 0.10740 -0.26952
vt 0.12769 -0.26831
vt 0.11817 -0.27460
vt 0.16591 -0.27553
vt 0.15462 -0.27007
vt 0.16427 -0.27082
vt 0.15540 -0.27728
vt 0.16679 -0.28064
vt 0.15552 -0.28271
vt 0.40680 -0.51805
vt 0.40155 -0.48959
vt 0.37946 -0.49477
vt 0.39038 -0.52583
vt 0.40254 -0.55202
vt 0.41210 -0.54762
vt 0.42959 -0.54519
vt 0.42573 -0.51733
vt 0.42474 -0.48319
vt 0.42758 -0.46368
vt 0.40054 -0.47085
vt 0.37622 -0.47208
vt 0.35228 -0.47540
vt 0.35572 -0.50291
vt 0.37103 -0.53679
vt 0.38662 -0.55856
vt 0.39186 -0.57548
vt 0.40676 -0.57299
vt 0.41797 -0.56850
vt 0.43015 -0.56841
vt 0.45111 -0.56792
vt 0.45021 -0.54660
vt 0.45164 -0.51815
vt 0.45169 -0.47987
vt 0.45163 -0.45913
vt 0.44315 -0.44057
vt 0.45064 -0.43881
vt 0.47411 -0.45152
vt 0.47291 -0.46605
vt 0.46844 -0.48214
vt 0.48497 -0.47926
vt 0.47009 -0.52342
vt 0.46652 -0.57020
vt 0.46887 -0.54529
vt 0.51094 -0.52813
vt 0.49457 -0.54719
vt 0.50113 -0.54971
vt 0.49845 -0.52907
vt 0.51941 -0.49113
vt 0.50416 -0.48418
vt 0.50124 -0.47416
vt 0.48430 -0.47017
vt 0.48428 -0.52600
vt 0.48376 -0.54554
vt 0.48184 -0.57104
vt 0.48898 -0.57320
vt 0.49403 -0.57261
vt 0.51192 -0.55184
vt 0.52246 -0.53374
vt 0.53283 -0.49010
vt 0.53168 -0.47320
vt 0.51742 -0.47124
vt 0.50396 -0.57355
vt 0.11576 -0.33304
vt 0.12406 -0.34694
vt 0.11368 -0.34415
vt 0.12470 -0.35660
vt 0.11176 -0.35498
vt 0.12302 -0.36604
vt 0.11021 -0.36316
vt 0.12089 -0.37326
vt 0.10851 -0.37145
vt 0.13269 -0.36895
vt 0.13684 -0.37439
vt 0.13064 -0.37408
vt 0.13778 -0.37021
vt 0.13829 -0.36760
vt 0.13617 -0.35791
vt 0.13447 -0.36365
vt 0.13139 -0.31635
vt 0.13891 -0.32208
vt 0.13650 -0.32452
vt 0.13044 -0.31964
vt 0.12375 -0.32291
vt 0.12888 -0.33182
vt 0.11320 -0.32362
vt 0.12614 -0.33832
vt 0.13846 -0.34974
vt 0.14102 -0.35826
vt 0.13959 -0.36320
vt 0.14463 -0.34867
vt 0.14767 -0.34297
vt 0.15104 -0.34769
vt 0.14992 -0.33622
vt 0.14577 -0.33007
vt 0.15206 -0.33178
vt 0.14385 -0.33520
vt 0.14134 -0.34163
vt 0.14325 -0.35284
vt 0.14709 -0.32447
vt 0.15331 -0.32663
vt 0.15823 -0.34370
vt 0.15904 -0.33816
vt 0.16164 -0.33404
vt 0.16259 -0.32911
vt 0.15975 -0.34789
vt 0.16163 -0.34411
vt 0.16268 -0.33805
vt 0.17168 -0.33933
vt 0.17358 -0.33528
vt 0.17441 -0.33068
vt 0.17128 -0.34892
vt 0.17058 -0.34442
vt 0.17259 -0.37874
vt 0.17144 -0.37419
vt 0.17461 -0.37183
vt 0.16771 -0.37753
vt 0.16949 -0.38104
vt 0.16413 -0.38090
vt 0.14364 -0.37574
vt 0.16840 -0.36684
vt 0.17031 -0.36250
vt 0.16353 -0.36958
vt 0.16159 -0.37434
vt 0.16139 -0.37678
vt 0.16286 -0.38192
vt 0.16051 -0.38245
vt 0.15959 -0.37919
vt 0.15885 -0.37646
vt 0.15370 -0.37856
vt 0.14896 -0.37276
vt 0.14720 -0.37677
vt 0.14470 -0.37172
vt 0.15089 -0.37013
vt 0.14645 -0.36882
vt 0.14863 -0.36451
vt 0.15341 -0.36578
vt 0.15729 -0.36242
vt 0.15937 -0.35780
vt 0.16169 -0.35375
vt 0.15643 -0.35195
vt 0.15358 -0.35571
vt 0.15144 -0.36028
vt 0.15951 -0.34814
vt 0.16489 -0.35107
vt 0.17305 -0.35853
vt 0.17759 -0.36588
vt 0.17433 -0.35522
vt 0.41616 -0.34418
vt 0.42229 -0.33082
vt 0.43238 -0.35431
vt 0.44804 -0.34544
vt 0.44702 -0.32096
vt 0.46210 -0.34236
vt 0.46375 -0.32012
vt 0.47867 -0.33451
vt 0.47940 -0.31814
vt 0.49306 -0.31645
vt 0.49202 -0.32497
vt 0.50688 -0.31176
vt 0.50298 -0.32559
vt 0.48826 -0.33680
vt 0.46264 -0.35555
vt 0.44746 -0.35987
vt 0.90292 -0.86565
vt 0.90328 -0.91583
vt 0.87728 -0.91631
vt 0.87728 -0.86180
vt 0.85483 -0.85556
vt 0.84887 -0.91540
vt 0.83474 -0.91355
vt 0.83474 -0.85696
vt 0.82132 -0.90493
vt 0.82176 -0.86396
vt 0.81525 -0.88817
vt 0.35322 -0.44866
vt 0.37008 -0.44678
vt 0.35504 -0.43073
vt 0.37705 -0.42776
vt 0.35287 -0.41388
vt 0.37050 -0.41353
vt 0.34847 -0.39866
vt 0.77820 -0.80451
vt 0.79727 -0.78401
vt 0.79651 -0.80572
vt 0.77957 -0.82458
vt 0.79672 -0.82537
vt 0.78391 -0.84668
vt 0.75675 -0.85188
vt 0.75812 -0.82381
vt 0.81644 -0.80732
vt 0.81552 -0.82654
vt 0.80345 -0.83227
vt 0.79146 -0.86597
vt 0.76359 -0.86997
vt 0.73481 -0.87855
vt 0.73167 -0.86518
vt 0.68597 -0.86884
vt 0.69681 -0.89448
vt 0.65269 -0.89101
vt 0.65269 -0.86713
vt 0.65269 -0.85056
vt 0.68283 -0.85100
vt 0.71522 -0.83960
vt 0.81499 -0.84386
vt 0.82713 -0.85120
vt 0.84340 -0.82882
vt 0.83033 -0.82805
vt 0.83128 -0.80689
vt 0.83009 -0.77745
vt 0.81579 -0.78166
vt 0.81072 -0.76056
vt 0.80344 -0.77517
vt 0.73390 -0.82424
vt 0.76126 -0.80419
vt 0.77744 -0.78465
vt 0.78310 -0.76060
vt 0.79151 -0.74179
vt 0.82195 -0.75043
vt 0.84338 -0.77396
vt 0.84461 -0.80641
vt 0.68438 -0.74151
vt 0.69211 -0.71801
vt 0.72709 -0.72960
vt 0.65269 -0.72031
vt 0.65269 -0.74410
vt 0.65269 -0.75963
vt 0.68261 -0.75861
vt 0.71337 -0.76734
vt 0.72667 -0.74233
vt 0.75331 -0.75036
vt 0.76074 -0.73739
vt 0.75640 -0.78396
vt 0.74358 -0.80465
vt 0.73566 -0.78127
vt 0.97309 -0.94261
vt 0.97878 -0.91909
vt 0.97398 -0.91891
vt 0.97091 -0.89060
vt 0.97596 -0.89021
vt 0.97281 -0.86452
vt 0.96790 -0.86429
vt 0.96796 -0.82901
vt 0.97275 -0.82752
vt 0.98065 -0.86403
vt 0.98403 -0.88992
vt 0.98709 -0.91911
vt 0.97886 -0.94254
vt 0.97540 -0.96091
vt 0.96902 -0.95837
vt 0.96889 -0.98712
vt 0.96332 -0.98205
vt 0.98709 -0.94489
vt 0.98301 -0.96383
vt 0.98709 -0.82846
vt 0.98709 -0.86343
vt 0.97223 -0.79677
vt 0.98709 -0.79758
vt 0.97679 -0.98910
vt 0.96746 -0.79936
vt 0.90741 -0.91529
vt 0.90742 -0.86239
vt 0.94213 -0.85856
vt 0.94180 -0.90903
vt 0.95232 -0.88347
vt 0.07967 -0.31327
vt 0.07387 -0.32386
vt 0.07714 -0.31225
vt 0.07709 -0.32397
vt 0.07086 -0.33618
vt 0.07301 -0.33597
vt 0.06907 -0.35376
vt 0.07293 -0.35196
vt 0.06831 -0.36500
vt 0.07139 -0.36523
vt 0.08986 -0.35278
vt 0.09224 -0.33727
vt 0.09402 -0.32377
vt 0.11140 -0.31618
vt 0.12144 -0.31547
vt 0.13005 -0.31668
vt 0.08840 -0.36620
vt 0.79505 -0.66992
vt 0.82148 -0.67298
vt 0.82181 -0.64231
vt 0.79723 -0.63982
vt 0.76505 -0.66748
vt 0.76508 -0.63801
vt 0.73476 -0.66801
vt 0.73453 -0.63951
vt 0.70889 -0.67036
vt 0.70959 -0.64178
vt 0.68710 -0.66879
vt 0.68727 -0.63958
vt 0.66064 -0.66926
vt 0.66056 -0.63915
vt 0.63020 -0.67312
vt 0.62759 -0.64239
vt 0.60630 -0.67298
vt 0.60662 -0.64231
vt 0.62946 -0.61859
vt 0.60749 -0.61836
vt 0.82267 -0.61836
vt 0.79690 -0.61527
vt 0.76205 -0.61361
vt 0.73171 -0.61776
vt 0.70969 -0.62214
vt 0.68928 -0.61688
vt 0.66341 -0.61443
vt 0.38769 -0.38277
vt 0.40328 -0.38111
vt 0.40447 -0.39682
vt 0.42204 -0.40160
vt 0.41883 -0.41647
vt 0.43695 -0.39957
vt 0.43789 -0.41647
vt 0.44970 -0.40032
vt 0.45027 -0.38144
vt 0.46390 -0.39695
vt 0.46502 -0.38050
vt 0.47760 -0.39586
vt 0.47747 -0.41302
vt 0.48758 -0.41174
vt 0.48284 -0.43193
vt 0.49793 -0.43463
vt 0.48217 -0.44547
vt 0.49848 -0.44945
vt 0.50067 -0.45967
vt 0.51124 -0.45174
vt 0.47187 -0.43145
vt 0.46529 -0.41455
vt 0.45060 -0.41824
vt 0.47452 -0.44432
vt 0.45166 -0.42999
vt 0.44185 -0.42979
vt 0.42302 -0.43053
vt 0.40576 -0.41507
vt 0.38868 -0.40136
vt 0.36939 -0.39812
vt 0.36678 -0.38388
vt 0.34505 -0.38270
vt 0.35875 -0.35911
vt 0.33719 -0.36171
vt 0.33705 -0.33428
vt 0.35808 -0.33223
vt 0.36718 -0.32214
vt 0.33753 -0.31987
vt 0.38046 -0.33176
vt 0.38605 -0.29975
vt 0.40035 -0.28105
vt 0.39817 -0.27172
vt 0.41819 -0.26393
vt 0.41638 -0.25377
vt 0.44252 -0.25604
vt 0.44260 -0.24157
vt 0.46330 -0.25498
vt 0.46631 -0.24117
vt 0.48246 -0.26045
vt 0.48977 -0.24610
vt 0.50166 -0.27277
vt 0.51155 -0.25895
vt 0.42176 -0.29671
vt 0.40648 -0.29860
vt 0.40064 -0.33362
vt 0.40911 -0.32229
vt 0.40697 -0.30999
vt 0.42203 -0.31421
vt 0.44550 -0.29442
vt 0.46281 -0.29455
vt 0.48002 -0.29695
vt 0.49469 -0.30395
vt 0.49685 -0.28146
vt 0.39802 -0.35794
vt 0.38001 -0.35850
vt 0.43431 -0.36410
vt 0.42146 -0.38268
vt 0.41614 -0.36023
vt 0.47878 -0.36389
vt 0.46479 -0.36514
vt 0.47997 -0.34572
vt 0.44783 -0.36616
vt 0.43773 -0.38067
vt 0.51496 -0.28814
vt 0.52400 -0.27053
vt 0.52406 -0.29885
vt 0.52536 -0.32323
vt 0.49772 -0.33777
vt 0.49529 -0.36286
vt 0.47869 -0.37922
vt 0.49442 -0.37928
vt 0.52297 -0.36322
vt 0.51133 -0.38073
vt 0.51290 -0.36195
vt 0.51578 -0.34225
vt 0.52838 -0.34272
vt 0.50780 -0.39823
vt 0.49168 -0.39582
vt 0.50190 -0.41438
vt 0.54833 -0.33273
vt 0.53547 -0.32467
vt 0.54467 -0.34208
vt 0.50986 -0.43736
vt 0.51431 -0.41918
vt 0.51867 -0.40431
vt 0.52193 -0.38557
vt 0.54020 -0.37028
vt 0.51390 -0.45791
vt 0.53190 -0.44742
vt 0.54009 -0.39435
vt 0.53403 -0.41021
vt 0.52813 -0.42470
vt 0.52938 -0.43917
vt 0.48256 -0.45486
vt 0.39074 -0.41548
vt 0.40368 -0.42893
vt 0.39078 -0.42851
vt 0.40054 -0.44043
vt 0.41575 -0.43976
vt 0.42411 -0.43821
vt 0.41201 -0.45212
vt 0.39742 -0.45380
vt 0.38546 -0.45410
vt 0.38331 -0.44621
vt 0.17491 -0.27861
vt 0.17424 -0.27443
vt 0.17247 -0.26944
vt 0.18202 -0.33724
vt 0.18300 -0.33234
vt 0.18203 -0.34061
vt 0.18595 -0.34186
vt 0.18533 -0.34689
vt 0.19018 -0.34331
vt 0.18938 -0.34749
vt 0.18814 -0.35163
vt 0.19283 -0.34801
vt 0.19325 -0.34316
vt 0.19016 -0.33870
vt 0.18129 -0.34558
vt 0.17343 -0.34472
vt 0.17435 -0.33951
vt 0.18026 -0.34893
vt 0.08580 -0.25652
vt 0.07762 -0.29082
vt 0.07657 -0.30087
vt 0.07451 -0.29141
vt 0.07396 -0.27593
vt 0.09086 -0.27133
vt 0.08001 -0.30246
vt 0.07758 -0.30640
vt 0.09097 -0.28806
vt 0.10738 -0.28169
vt 0.07161 -0.27784
vt 0.07057 -0.26560
vt 0.06777 -0.26753
vt 0.11450 -0.29055
vt 0.10768 -0.29434
vt 0.10574 -0.30043
vt 0.09687 -0.30059
vt 0.08092 -0.30827
vt 0.09590 -0.31288
vt 0.09644 -0.30640
vt 0.10725 -0.30758
vt 0.12190 -0.30458
vt 0.12064 -0.29713
vt 0.12723 -0.30364
vt 0.12645 -0.29764
vt 0.13399 -0.30279
vt 0.13332 -0.29767
vt 0.13958 -0.30201
vt 0.13934 -0.29743
vt 0.14572 -0.30105
vt 0.14520 -0.29657
vt 0.15276 -0.29985
vt 0.15241 -0.29467
vt 0.15751 -0.29887
vt 0.15711 -0.29449
vt 0.10766 -0.31295
vt 0.12280 -0.30945
vt 0.12838 -0.30824
vt 0.13438 -0.30690
vt 0.14026 -0.30559
vt 0.14655 -0.30444
vt 0.15317 -0.30276
vt 0.15806 -0.30155
vt 0.16232 -0.29687
vt 0.16054 -0.29314
vt 0.16282 -0.30035
vt 0.22229 -0.27351
vt 0.22902 -0.28432
vt 0.22223 -0.27928
vt 0.23747 -0.28417
vt 0.22887 -0.26912
vt 0.22685 -0.26308
vt 0.22041 -0.26694
vt 0.22355 -0.25724
vt 0.21722 -0.26066
vt 0.22323 -0.25285
vt 0.21519 -0.25488
vt 0.22188 -0.24670
vt 0.21415 -0.24790
vt 0.21729 -0.23800
vt 0.21274 -0.24054
vt 0.21494 -0.23326
vt 0.21124 -0.23515
vt 0.20558 -0.24067
vt 0.20528 -0.23524
vt 0.20024 -0.24140
vt 0.21531 -0.26894
vt 0.21180 -0.26131
vt 0.20446 -0.26967
vt 0.20653 -0.28300
vt 0.20539 -0.27584
vt 0.19738 -0.27894
vt 0.18739 -0.27401
vt 0.19492 -0.28962
vt 0.18793 -0.29224
vt 0.19392 -0.27426
vt 0.19998 -0.26381
vt 0.20478 -0.26155
vt 0.19381 -0.26404
vt 0.18784 -0.26818
vt 0.18923 -0.26201
vt 0.19937 -0.23607
vt 0.19414 -0.24184
vt 0.19323 -0.23552
vt 0.19138 -0.24121
vt 0.19102 -0.24925
vt 0.19473 -0.24979
vt 0.18963 -0.25587
vt 0.19382 -0.25623
vt 0.20014 -0.25621
vt 0.20386 -0.25635
vt 0.21009 -0.25571
vt 0.20377 -0.24959
vt 0.20903 -0.24930
vt 0.20005 -0.24960
vt 0.17946 -0.36819
vt 0.18397 -0.36642
vt 0.18200 -0.37168
vt 0.18043 -0.36317
vt 0.18313 -0.35960
vt 0.17357 -0.25791
vt 0.17177 -0.25379
vt 0.79059 -0.33897
vt 0.82657 -0.31280
vt 0.79725 -0.30700
vt 0.84313 -0.33753
vt 0.85328 -0.32016
vt 0.82767 -0.33876
vt 0.78786 -0.36986
vt 0.87175 -0.34825
vt 0.87136 -0.32368
vt 0.86907 -0.37897
vt 0.84128 -0.37409
vt 0.81627 -0.37179
vt 0.77637 -0.40800
vt 0.89648 -0.34701
vt 0.89131 -0.32427
vt 0.90321 -0.37791
vt 0.90571 -0.40808
vt 0.87376 -0.40793
vt 0.84486 -0.41271
vt 0.81448 -0.40900
vt 0.81234 -0.43503
vt 0.76746 -0.42890
vt 0.76962 -0.43893
vt 0.89758 -0.49177
vt 0.89821 -0.46428
vt 0.87216 -0.46773
vt 0.89239 -0.52162
vt 0.87053 -0.49689
vt 0.85874 -0.46871
vt 0.84263 -0.44144
vt 0.87642 -0.44215
vt 0.90188 -0.43932
vt 0.83492 -0.46584
vt 0.85548 -0.50157
vt 0.86844 -0.52464
vt 0.89200 -0.54241
vt 0.77500 -0.55208
vt 0.78256 -0.58511
vt 0.82270 -0.58455
vt 0.80775 -0.55294
vt 0.83122 -0.54888
vt 0.80214 -0.52967
vt 0.85066 -0.55389
vt 0.85655 -0.58509
vt 0.87957 -0.57948
vt 0.86835 -0.54538
vt 0.89783 -0.57597
vt 0.85172 -0.52508
vt 0.83158 -0.49536
vt 0.81512 -0.46511
vt 0.80156 -0.43924
vt 0.76610 -0.45925
vt 0.83270 -0.52614
vt 0.80728 -0.49895
vt 0.80225 -0.46165
vt 0.76511 -0.49027
vt 0.79871 -0.49302
vt 0.76273 -0.49848
vt 0.77086 -0.52893
vt 0.82157 -0.70472
vt 0.79474 -0.70046
vt 0.76084 -0.69854
vt 0.73309 -0.69788
vt 0.70968 -0.69899
vt 0.68931 -0.69709
vt 0.66426 -0.69584
vt 0.63105 -0.70538
vt 0.60639 -0.70472
vt 0.87629 -0.16594
vt 0.87369 -0.20013
vt 0.90568 -0.19996
vt 0.84237 -0.16675
vt 0.85859 -0.13942
vt 0.83473 -0.14237
vt 0.83151 -0.11278
vt 0.83267 -0.08197
vt 0.85540 -0.10656
vt 0.87205 -0.14038
vt 0.90183 -0.16873
vt 0.92928 -0.20255
vt 0.92823 -0.23092
vt 0.90321 -0.23012
vt 0.86907 -0.22907
vt 0.84467 -0.19542
vt 0.81189 -0.17337
vt 0.81496 -0.14309
vt 0.80722 -0.10919
vt 0.80213 -0.07843
vt 0.80775 -0.05514
vt 0.80210 -0.14656
vt 0.80129 -0.16890
vt 0.79866 -0.11517
vt 0.84133 -0.23400
vt 0.87184 -0.25978
vt 0.81412 -0.19936
vt 0.76715 -0.17982
vt 0.76942 -0.16946
vt 0.76596 -0.14896
vt 0.76505 -0.11789
vt 0.76270 -0.10962
vt 0.77085 -0.07916
vt 0.77501 -0.05601
vt 0.78266 -0.02300
vt 0.96339 -0.08564
vt 0.97765 -0.11299
vt 0.97520 -0.08565
vt 0.95952 -0.11299
vt 0.98466 -0.13988
vt 0.92854 -0.08750
vt 0.92923 -0.06096
vt 0.95712 -0.05843
vt 0.97527 -0.05775
vt 0.96450 -0.03008
vt 0.98191 -0.03363
vt 0.93254 -0.03637
vt 0.89780 -0.03209
vt 0.89198 -0.06566
vt 0.89236 -0.08646
vt 0.93113 -0.11672
vt 0.96768 -0.13994
vt 0.98161 -0.17906
vt 0.96245 -0.16791
vt 0.97945 -0.22034
vt 0.87955 -0.02859
vt 0.86832 -0.06270
vt 0.85655 -0.02299
vt 0.82272 -0.02353
vt 0.83121 -0.05921
vt 0.85064 -0.05419
vt 0.86841 -0.08344
vt 0.89754 -0.11631
vt 0.93537 -0.14057
vt 0.92978 -0.16614
vt 0.95364 -0.20210
vt 0.95359 -0.23433
vt 0.97925 -0.25805
vt 0.95981 -0.26933
vt 0.85168 -0.08302
vt 0.87048 -0.11120
vt 0.89815 -0.14379
vt 0.93016 -0.26857
vt 0.89651 -0.26103
vt 0.98323 -0.28924
vt 0.96305 -0.29176
vt 0.92785 -0.29548
vt 0.89138 -0.28377
vt 0.87162 -0.28441
vt 0.84345 -0.27062
vt 0.85386 -0.28794
vt 0.82830 -0.26936
vt 0.82792 -0.29546
vt 0.79693 -0.30380
vt 0.79176 -0.26954
vt 0.81637 -0.23647
vt 0.78775 -0.23885
vt 0.77561 -0.20119
vt 0.92925 -0.54710
vt 0.93256 -0.57169
vt 0.96452 -0.57797
vt 0.95713 -0.54962
vt 0.98192 -0.57442
vt 0.97529 -0.55030
vt 0.96341 -0.52242
vt 0.97521 -0.52240
vt 0.95955 -0.49507
vt 0.97766 -0.49506
vt 0.96770 -0.46811
vt 0.98467 -0.46816
vt 0.93116 -0.49134
vt 0.92856 -0.52056
vt 0.93540 -0.46748
vt 0.92981 -0.44190
vt 0.92929 -0.40549
vt 0.93016 -0.33947
vt 0.92823 -0.37711
vt 0.95359 -0.37371
vt 0.95364 -0.40594
vt 0.96246 -0.44013
vt 0.92783 -0.31257
vt 0.95981 -0.33871
vt 0.97946 -0.38770
vt 0.98162 -0.42898
vt 0.97925 -0.34999
vt 0.98323 -0.31879
vt 0.96304 -0.31628
vt 0.10063 -0.59357
vt 0.07749 -0.59298
vt 0.07579 -0.61581
vt 0.10063 -0.61494
vt 0.12378 -0.59298
vt 0.12549 -0.61581
vt 0.11283 -0.61642
vt 0.10063 -0.61691
vt 0.54433 -0.48848
vt 0.55907 -0.48721
vt 0.55920 -0.43290
vt 0.54447 -0.43182
vt 0.63752 -0.58523
vt 0.63753 -0.57931
vt 0.53769 -0.57915
vt 0.53768 -0.58517
vt 0.63752 -0.59101
vt 0.53769 -0.59117
vt 0.63753 -0.59712
vt 0.53769 -0.59718
vt 0.63753 -0.60334
vt 0.53769 -0.60318
vt 0.58375 -0.48724
vt 0.58388 -0.43293
vt 0.55733 -0.41815
vt 0.58537 -0.41818
vt 0.59904 -0.48851
vt 0.59918 -0.43185
vt 0.55741 -0.50104
vt 0.58545 -0.50108
vt 0.23573 -0.51384
vt 0.21382 -0.52667
vt 0.22255 -0.53153
vt 0.23878 -0.48414
vt 0.22885 -0.48645
vt 0.23722 -0.44899
vt 0.22652 -0.44959
vt 0.21183 -0.49373
vt 0.20194 -0.52290
vt 0.68901 -0.79223
vt 0.69496 -0.79255
vt 0.69548 -0.82054
vt 0.68953 -0.82023
vt 0.37902 -0.02719
vt 0.36005 -0.02337
vt 0.35761 -0.03015
vt 0.34472 -0.02454
vt 0.34484 -0.03075
vt 0.33212 -0.02895
vt 0.32965 -0.02264
vt 0.31023 -0.02105
vt 0.31080 -0.02599
vt 0.28765 -0.02241
vt 0.28842 -0.02839
vt 0.27445 -0.02696
vt 0.27784 -0.03543
vt 0.26071 -0.03397
vt 0.26592 -0.04303
vt 0.22659 -0.04603
vt 0.23006 -0.05248
vt 0.21019 -0.06070
vt 0.20031 -0.05448
vt 0.18971 -0.04565
vt 0.63463 -0.85142
vt 0.63463 -0.89688
vt 0.62671 -0.88692
vt 0.58687 -0.88696
vt 0.57727 -0.89678
vt 0.58725 -0.86396
vt 0.57727 -0.85211
vt 0.62667 -0.86360
vt 0.46721 -0.90985
vt 0.45853 -0.88896
vt 0.42910 -0.89062
vt 0.41706 -0.91115
vt 0.39255 -0.91026
vt 0.39871 -0.89263
vt 0.37323 -0.89043
vt 0.37183 -0.91064
vt 0.33657 -0.07502
vt 0.33347 -0.08799
vt 0.33970 -0.08883
vt 0.34135 -0.07627
vt 0.34865 -0.08898
vt 0.34772 -0.07591
vt 0.35405 -0.08856
vt 0.35140 -0.07348
vt 0.36195 -0.08403
vt 0.36272 -0.07676
vt 0.36920 -0.09142
vt 0.37050 -0.08079
vt 0.37582 -0.10195
vt 0.37960 -0.10276
vt 0.38222 -0.12718
vt 0.39164 -0.12825
vt 0.39270 -0.15256
vt 0.41047 -0.15079
vt 0.40138 -0.16977
vt 0.42523 -0.16371
vt 0.40659 -0.12859
vt 0.38814 -0.10029
vt 0.37520 -0.08130
vt 0.36772 -0.06186
vt 0.35679 -0.05479
vt 0.57727 -0.98827
vt 0.57727 -0.94345
vt 0.58785 -0.95298
vt 0.62434 -0.95315
vt 0.63463 -0.94332
vt 0.62438 -0.97767
vt 0.63463 -0.98826
vt 0.60329 -0.98800
vt 0.58751 -0.97741
vt 0.30489 -0.08397
vt 0.30944 -0.06888
vt 0.29479 -0.06782
vt 0.31421 -0.08183
vt 0.30953 -0.10434
vt 0.30136 -0.10385
vt 0.28766 -0.10383
vt 0.29812 -0.12842
vt 0.30715 -0.12741
vt 0.31315 -0.10371
vt 0.31774 -0.08127
vt 0.32198 -0.06239
vt 0.30937 -0.05672
vt 0.29827 -0.05672
vt 0.28785 -0.05262
vt 0.28598 -0.06569
vt 0.29251 -0.08255
vt 0.33241 -0.05522
vt 0.32114 -0.05025
vt 0.31189 -0.04882
vt 0.29988 -0.05094
vt 0.28778 -0.04669
vt 0.29988 -0.04854
vt 0.28877 -0.04613
vt 0.29912 -0.04083
vt 0.29866 -0.03928
vt 0.31100 -0.03890
vt 0.30978 -0.03460
vt 0.31670 -0.04140
vt 0.31755 -0.03894
vt 0.32369 -0.04447
vt 0.32223 -0.04156
vt 0.33797 -0.04575
vt 0.31767 -0.04668
vt 0.31797 -0.04585
vt 0.31135 -0.04731
vt 0.31048 -0.04054
vt 0.31744 -0.04303
vt 0.32252 -0.04484
vt 0.15200 -0.40091
vt 0.17208 -0.39350
vt 0.14631 -0.39553
vt 0.12571 -0.40034
vt 0.13345 -0.40285
vt 0.10043 -0.41257
vt 0.11432 -0.41515
vt 0.08893 -0.43036
vt 0.09493 -0.51797
vt 0.10674 -0.54040
vt 0.10414 -0.52096
vt 0.08805 -0.48985
vt 0.08317 -0.49125
vt 0.08128 -0.46535
vt 0.09077 -0.45491
vt 0.10083 -0.42475
vt 0.12698 -0.43961
vt 0.14536 -0.42864
vt 0.16914 -0.40004
vt 0.18751 -0.39832
vt 0.19814 -0.39657
vt 0.20888 -0.41231
vt 0.22189 -0.41265
vt 0.15321 -0.52172
vt 0.14633 -0.50193
vt 0.12152 -0.49850
vt 0.18634 -0.49983
vt 0.18478 -0.45938
vt 0.20889 -0.45260
vt 0.19791 -0.43719
vt 0.17783 -0.42778
vt 0.14216 -0.46090
vt 0.11859 -0.45619
vt 0.10141 -0.45499
vt 0.09431 -0.49021
vt 0.10491 -0.49262
vt 0.14640 -0.54038
vt 0.15965 -0.54820
vt 0.18259 -0.51960
vt 0.18160 -0.54600
vt 0.16135 -0.56055
vt 0.14004 -0.54408
vt 0.12534 -0.53184
vt 0.12889 -0.52719
vt 0.13740 -0.55820
vt 0.14852 -0.56627
vt 0.12769 -0.54936
vt 0.11835 -0.53838
vt 0.19352 -0.53703
vt 0.18328 -0.55913
vt 0.15966 -0.57087
vt 0.14375 -0.57644
vt 0.12955 -0.56738
vt 0.11760 -0.55635
vt 0.20782 -0.55336
vt 0.21698 -0.56198
vt 0.22725 -0.54884
vt 0.18797 -0.57838
vt 0.20419 -0.57151
vt 0.19783 -0.56240
vt 0.20178 -0.54060
vt 0.21550 -0.54403
vt 0.23452 -0.53218
vt 0.16129 -0.58092
vt 0.18740 -0.56825
vt 0.25290 -0.48149
vt 0.24678 -0.45657
vt 0.24684 -0.48155
vt 0.24810 -0.51055
vt 0.23514 -0.42762
vt 0.22378 -0.42170
vt 0.20639 -0.33569
vt 0.22975 -0.35631
vt 0.21745 -0.33387
vt 0.20138 -0.32415
vt 0.25239 -0.38345
vt 0.26533 -0.40183
vt 0.28540 -0.39217
vt 0.27072 -0.36677
vt 0.24219 -0.37235
vt 0.25735 -0.33978
vt 0.22624 -0.32027
vt 0.21155 -0.31909
vt 0.19615 -0.31373
vt 0.24118 -0.31410
vt 0.30211 -0.49290
vt 0.28127 -0.46449
vt 0.27829 -0.48698
vt 0.30366 -0.46361
vt 0.28280 -0.44597
vt 0.30502 -0.44137
vt 0.27549 -0.41768
vt 0.29710 -0.41112
vt 0.32164 -0.38489
vt 0.29903 -0.35830
vt 0.28162 -0.32682
vt 0.27131 -0.29241
vt 0.24991 -0.29817
vt 0.25267 -0.28364
vt 0.26398 -0.27485
vt 0.26877 -0.57302
vt 0.27378 -0.56283
vt 0.26406 -0.56419
vt 0.27375 -0.54791
vt 0.26322 -0.55191
vt 0.27282 -0.52261
vt 0.30535 -0.52285
vt 0.27519 -0.50251
vt 0.28733 -0.55528
vt 0.32698 -0.57650
vt 0.33966 -0.58710
vt 0.34283 -0.56350
vt 0.31568 -0.56694
vt 0.30380 -0.55806
vt 0.31093 -0.54212
vt 0.33239 -0.52135
vt 0.33826 -0.48627
vt 0.33838 -0.45272
vt 0.33104 -0.43922
vt 0.32602 -0.39873
vt 0.34279 -0.55192
vt 0.05546 -0.47673
vt 0.05124 -0.49108
vt 0.05589 -0.49210
vt 0.05140 -0.50477
vt 0.05603 -0.50457
vt 0.05144 -0.51634
vt 0.05717 -0.51739
vt 0.05132 -0.52543
vt 0.05631 -0.52810
vt 0.04914 -0.54671
vt 0.04754 -0.52439
vt 0.04772 -0.51331
vt 0.03686 -0.51297
vt 0.03526 -0.50113
vt 0.04732 -0.50453
vt 0.03327 -0.48776
vt 0.04724 -0.49018
vt 0.04671 -0.47652
vt 0.05065 -0.47654
vt 0.62601 -0.93080
vt 0.58748 -0.93104
vt 0.58798 -0.90811
vt 0.62622 -0.90867
vt 0.01891 -0.62234
vt 0.01452 -0.62195
vt 0.01278 -0.63416
vt 0.02008 -0.60835
vt 0.01762 -0.59801
vt 0.01664 -0.60729
vt 0.03284 -0.62309
vt 0.03168 -0.63587
vt 0.01707 -0.63517
vt 0.04420 -0.60827
vt 0.04372 -0.62313
vt 0.04792 -0.62165
vt 0.04728 -0.63561
vt 0.04279 -0.63622
vt 0.03270 -0.60944
vt 0.02149 -0.59650
vt 0.02160 -0.58445
vt 0.01838 -0.58545
vt 0.02175 -0.56446
vt 0.01877 -0.56560
vt 0.02148 -0.54417
vt 0.01864 -0.54317
vt 0.02228 -0.52205
vt 0.01930 -0.52116
vt 0.02223 -0.51200
vt 0.03717 -0.52337
vt 0.03580 -0.54519
vt 0.03522 -0.56445
vt 0.03421 -0.58486
vt 0.03337 -0.59803
vt 0.04643 -0.54584
vt 0.04519 -0.56375
vt 0.04532 -0.58397
vt 0.04464 -0.59753
vt 0.01843 -0.47587
vt 0.01972 -0.48865
vt 0.02075 -0.50208
vt 0.04789 -0.56199
vt 0.04871 -0.58336
vt 0.04916 -0.59348
vt 0.04793 -0.60816
vt 0.01900 -0.51076
vt 0.01851 -0.50175
vt 0.01673 -0.48785
vt 0.01548 -0.47603
vt 0.01536 -0.46658
vt 0.01849 -0.45729
vt 0.01610 -0.45717
vt 0.01987 -0.44456
vt 0.03263 -0.45776
vt 0.03346 -0.44554
vt 0.04581 -0.44299
vt 0.03547 -0.43219
vt 0.04743 -0.42873
vt 0.03703 -0.42026
vt 0.04786 -0.41992
vt 0.01729 -0.44536
vt 0.02096 -0.43118
vt 0.01871 -0.43151
vt 0.01920 -0.42247
vt 0.02243 -0.42128
vt 0.02243 -0.41120
vt 0.03732 -0.40984
vt 0.01946 -0.41212
vt 0.02155 -0.38904
vt 0.01875 -0.38996
vt 0.02185 -0.36864
vt 0.01890 -0.36755
vt 0.02180 -0.34858
vt 0.01861 -0.34753
vt 0.02176 -0.33646
vt 0.01794 -0.33495
vt 0.01701 -0.32557
vt 0.02048 -0.32453
vt 0.01925 -0.31060
vt 0.01500 -0.31061
vt 0.01768 -0.29740
vt 0.01361 -0.29806
vt 0.01259 -0.27924
vt 0.01695 -0.27867
vt 0.03754 -0.38836
vt 0.03698 -0.36904
vt 0.03441 -0.34823
vt 0.03361 -0.33501
vt 0.03301 -0.32350
vt 0.03327 -0.30961
vt 0.03224 -0.29705
vt 0.03155 -0.27850
vt 0.04334 -0.29686
vt 0.04264 -0.27733
vt 0.04425 -0.31007
vt 0.04442 -0.32480
vt 0.04360 -0.33535
vt 0.04428 -0.34894
vt 0.04692 -0.36979
vt 0.04768 -0.40877
vt 0.04815 -0.38770
vt 0.04935 -0.37215
vt 0.04763 -0.34850
vt 0.04812 -0.33994
vt 0.04817 -0.32467
vt 0.04839 -0.31154
vt 0.04757 -0.29706
vt 0.04711 -0.27738
vt 0.04526 -0.45662
vt 0.04947 -0.45659
vt 0.04999 -0.44205
vt 0.05133 -0.42864
vt 0.05165 -0.41668
vt 0.05143 -0.40827
vt 0.05062 -0.38638
vt 0.05631 -0.40659
vt 0.05703 -0.41401
vt 0.05703 -0.42889
vt 0.05674 -0.44174
vt 0.05575 -0.45663
vt 0.03254 -0.47545
vt 0.32014 -0.17147
vt 0.31976 -0.18531
vt 0.33474 -0.18759
vt 0.33565 -0.17037
vt 0.35302 -0.18784
vt 0.35322 -0.17138
vt 0.36818 -0.18576
vt 0.36796 -0.17198
vt 0.22746 -0.14764
vt 0.22938 -0.12184
vt 0.21774 -0.12116
vt 0.23282 -0.13624
vt 0.24994 -0.15988
vt 0.21910 -0.16173
vt 0.24373 -0.17507
vt 0.25698 -0.18253
vt 0.24727 -0.20438
vt 0.23296 -0.19764
vt 0.20930 -0.18444
vt 0.19426 -0.14435
vt 0.20191 -0.13209
vt 0.18937 -0.11643
vt 0.24415 -0.23441
vt 0.23024 -0.22975
vt 0.24230 -0.23835
vt 0.25530 -0.21019
vt 0.26724 -0.16560
vt 0.26597 -0.18879
vt 0.21714 -0.22174
vt 0.19548 -0.20595
vt 0.18066 -0.17018
vt 0.16679 -0.12571
vt 0.15374 -0.14774
vt 0.13754 -0.11217
vt 0.12401 -0.13436
vt 0.11346 -0.10287
vt 0.10155 -0.12481
vt 0.10611 -0.15908
vt 0.08703 -0.14970
vt 0.13436 -0.17353
vt 0.16892 -0.18782
vt 0.63463 -0.80827
vt 0.62501 -0.84182
vt 0.58540 -0.84202
vt 0.58523 -0.81912
vt 0.57727 -0.80768
vt 0.62493 -0.81987
vt 0.35311 -0.22359
vt 0.33504 -0.22339
vt 0.33464 -0.24682
vt 0.35365 -0.24700
vt 0.33640 -0.27667
vt 0.35186 -0.27674
vt 0.31367 -0.27680
vt 0.31521 -0.28028
vt 0.31207 -0.24923
vt 0.31234 -0.22497
vt 0.31669 -0.20055
vt 0.33627 -0.20763
vt 0.35234 -0.20779
vt 0.37238 -0.20075
vt 0.37571 -0.22530
vt 0.37626 -0.24954
vt 0.37499 -0.27691
vt 0.37318 -0.28005
vt 0.14696 -0.19937
vt 0.13262 -0.23546
vt 0.14759 -0.22929
vt 0.11647 -0.21304
vt 0.12074 -0.18062
vt 0.09280 -0.20248
vt 0.09442 -0.16501
vt 0.08183 -0.16552
vt 0.07237 -0.19799
vt 0.04862 -0.17413
vt 0.03702 -0.17922
vt 0.05633 -0.21148
vt 0.02092 -0.20480
vt 0.00847 -0.23350
vt 0.04008 -0.23190
vt 0.02069 -0.26596
vt 0.01340 -0.25918
vt 0.03550 -0.25944
vt 0.52880 -0.10555
vt 0.55131 -0.11261
vt 0.55766 -0.10762
vt 0.53071 -0.09471
vt 0.53656 -0.07621
vt 0.52362 -0.07268
vt 0.51843 -0.09003
vt 0.52366 -0.05354
vt 0.54474 -0.05337
vt 0.51757 -0.06635
vt 0.51393 -0.08799
vt 0.52441 -0.10420
vt 0.54499 -0.11578
vt 0.48936 -0.05228
vt 0.47652 -0.07416
vt 0.48525 -0.08364
vt 0.47257 -0.09477
vt 0.50077 -0.09647
vt 0.50371 -0.10187
vt 0.48311 -0.11088
vt 0.48440 -0.10189
vt 0.50956 -0.08472
vt 0.51175 -0.06962
vt 0.47323 -0.11764
vt 0.46160 -0.11878
vt 0.45876 -0.13307
vt 0.47610 -0.10983
vt 0.50718 -0.05978
vt 0.51126 -0.05145
vt 0.49154 -0.05991
vt 0.48952 -0.12701
vt 0.50088 -0.11014
vt 0.46458 -0.14406
vt 0.47368 -0.15741
vt 0.49712 -0.13907
vt 0.44938 -0.17178
vt 0.56743 -0.13287
vt 0.52506 -0.11790
vt 0.53521 -0.13824
vt 0.51265 -0.16509
vt 0.48434 -0.17948
vt 0.46140 -0.19360
vt 0.43641 -0.17983
vt 0.44248 -0.15711
vt 0.44118 -0.14343
vt 0.42767 -0.18648
vt 0.43942 -0.20691
vt 0.44741 -0.20089
vt 0.45111 -0.23040
vt 0.46517 -0.22552
vt 0.45287 -0.23392
vt 0.47810 -0.21706
vt 0.40352 -0.18592
vt 0.49888 -0.20083
vt 0.52417 -0.18145
vt 0.55549 -0.16835
vt 0.58203 -0.15816
vt 0.60231 -0.15177
vt 0.59040 -0.12542
vt 0.55768 -0.10769
vt 0.58235 -0.10233
vt 0.07248 -0.68080
vt 0.08811 -0.67573
vt 0.08811 -0.68436
vt 0.10164 -0.68775
vt 0.10374 -0.68080
vt 0.11496 -0.69772
vt 0.12333 -0.69058
vt 0.12303 -0.70974
vt 0.13079 -0.70905
vt 0.12308 -0.72565
vt 0.13084 -0.72875
vt 0.11702 -0.73906
vt 0.12415 -0.74436
vt 0.11063 -0.74480
vt 0.11752 -0.75118
vt 0.10440 -0.75018
vt 0.10766 -0.75836
vt 0.09232 -0.75453
vt 0.09316 -0.76485
vt 0.08390 -0.75453
vt 0.08306 -0.76485
vt 0.07181 -0.75018
vt 0.06856 -0.75836
vt 0.06558 -0.74480
vt 0.05870 -0.75118
vt 0.05920 -0.73906
vt 0.05206 -0.74436
vt 0.05314 -0.72565
vt 0.04537 -0.72875
vt 0.05319 -0.70974
vt 0.04542 -0.70905
vt 0.06125 -0.69772
vt 0.05288 -0.69058
vt 0.07457 -0.68775
vt 0.05192 -0.77609
vt 0.06489 -0.78893
vt 0.06143 -0.79678
vt 0.04740 -0.75778
vt 0.08811 -0.79413
vt 0.04262 -0.72855
vt 0.04451 -0.74657
vt 0.08811 -0.81287
vt 0.07276 -0.81662
vt 0.08811 -0.82780
vt 0.10345 -0.81662
vt 0.11479 -0.79678
vt 0.11132 -0.78893
vt 0.12363 -0.68122
vt 0.13615 -0.68815
vt 0.13695 -0.71030
vt 0.13360 -0.72855
vt 0.13171 -0.74657
vt 0.12881 -0.75778
vt 0.12430 -0.77609
vt 0.04703 -0.66239
vt 0.04086 -0.64960
vt 0.05815 -0.64174
vt 0.04007 -0.68815
vt 0.05087 -0.67135
vt 0.06455 -0.65250
vt 0.08811 -0.64839
vt 0.08811 -0.63671
vt 0.11167 -0.65250
vt 0.11806 -0.64174
vt 0.13535 -0.64960
vt 0.10714 -0.66316
vt 0.12918 -0.66239
vt 0.12534 -0.67135
vt 0.10472 -0.67134
vt 0.08811 -0.65975
vt 0.08811 -0.66710
vt 0.06908 -0.66316
vt 0.07150 -0.67134
vt 0.05258 -0.68122
vt 0.03927 -0.71030
vt 0.63463 -0.76184
vt 0.62627 -0.79553
vt 0.58536 -0.79589
vt 0.58572 -0.77264
vt 0.57727 -0.76157
vt 0.60853 -0.76174
vt 0.62628 -0.77286
vt 0.01496 -0.10135
vt 0.03637 -0.10149
vt 0.03697 -0.09296
vt 0.01556 -0.09281
vt 0.03734 -0.03408
vt 0.01639 -0.03397
vt 0.01620 -0.04575
vt 0.03715 -0.04586
vt 0.03709 -0.08935
vt 0.01571 -0.08920
vt 0.85993 -0.77831
vt 0.86421 -0.79912
vt 0.85645 -0.79226
vt 0.85520 -0.80622
vt 0.86961 -0.81677
vt 0.86417 -0.82945
vt 0.87839 -0.82957
vt 0.88989 -0.83554
vt 0.88762 -0.84686
vt 0.90138 -0.84057
vt 0.91344 -0.84923
vt 0.91624 -0.83999
vt 0.93272 -0.84079
vt 0.94541 -0.83028
vt 0.93407 -0.82691
vt 0.94206 -0.80050
vt 0.95514 -0.80528
vt 0.95487 -0.78074
vt 0.93492 -0.77488
vt 0.94462 -0.76012
vt 0.92218 -0.75857
vt 0.92596 -0.74455
vt 0.90451 -0.75258
vt 0.90399 -0.74135
vt 0.89238 -0.75434
vt 0.88915 -0.74513
vt 0.88133 -0.76205
vt 0.87574 -0.75442
vt 0.87072 -0.77467
vt 0.86673 -0.76572
vt 0.86633 -0.78448
vt 0.78322 -0.90211
vt 0.78444 -0.89921
vt 0.80703 -0.89836
vt 0.74750 -0.89912
vt 0.74628 -0.90203
vt 0.72695 -0.89873
vt 0.72695 -0.90170
vt 0.70640 -0.89912
vt 0.70762 -0.90203
vt 0.66946 -0.89921
vt 0.67067 -0.90211
vt 0.64687 -0.89836
vt 0.64899 -0.92163
vt 0.67032 -0.91950
vt 0.70721 -0.91951
vt 0.72695 -0.91927
vt 0.74669 -0.91951
vt 0.78358 -0.91950
vt 0.80491 -0.92163
vt 0.74544 -0.94400
vt 0.77872 -0.93604
vt 0.73326 -0.93604
vt 0.74505 -0.98342
vt 0.73395 -0.99340
vt 0.76788 -0.98380
vt 0.77862 -0.99340
vt 0.76839 -0.94396
vt 0.08843 -0.02188
vt 0.08818 -0.01069
vt 0.04988 -0.00933
vt 0.04954 -0.02245
vt 0.05024 -0.04486
vt 0.03765 -0.04368
vt 0.03844 -0.02114
vt 0.04283 -0.10148
vt 0.05130 -0.09005
vt 0.04297 -0.09152
vt 0.05144 -0.10001
vt 0.07799 -0.09967
vt 0.07850 -0.11345
vt 0.05111 -0.11374
vt 0.10101 -0.06617
vt 0.08526 -0.07555
vt 0.04297 -0.09024
vt 0.85978 -0.98209
vt 0.82529 -0.99340
vt 0.87011 -0.99340
vt 0.86004 -0.94522
vt 0.86984 -0.96738
vt 0.87010 -0.93604
vt 0.83553 -0.94526
vt 0.82516 -0.93604
vt 0.83535 -0.98176
vt 0.12141 -0.07197
vt 0.12547 -0.08803
vt 0.11139 -0.09306
vt 0.10577 -0.07855
vt 0.11704 -0.06007
vt 0.78991 -0.94445
vt 0.78932 -0.98269
vt 0.81260 -0.98319
vt 0.81234 -0.94466
vt 0.10166 -0.01718
vt 0.70118 -0.94468
vt 0.69011 -0.93604
vt 0.70043 -0.98437
vt 0.68951 -0.99340
vt 0.72166 -0.98421
vt 0.72145 -0.94459
vt 0.65401 -0.94386
vt 0.64368 -0.93604
vt 0.65379 -0.98442
vt 0.64358 -0.96214
vt 0.64341 -0.99340
vt 0.67613 -0.98478
vt 0.67577 -0.94386
vt 0.56514 -0.71036
vt 0.54863 -0.71036
vt 0.54863 -0.75412
vt 0.56514 -0.75412
vt 0.54227 -0.71036
vt 0.54227 -0.75412
vt 0.57140 -0.75412
vt 0.57140 -0.71036
vt 0.75369 -0.33535
vt 0.77500 -0.31166
vt 0.74840 -0.31321
vt 0.73548 -0.36685
vt 0.72330 -0.34002
vt 0.73686 -0.31350
vt 0.70645 -0.43825
vt 0.69617 -0.36339
vt 0.72371 -0.40334
vt 0.69950 -0.42946
vt 0.70425 -0.45668
vt 0.70646 -0.48535
vt 0.69830 -0.49079
vt 0.69464 -0.45707
vt 0.67165 -0.45748
vt 0.67670 -0.43064
vt 0.62628 -0.42999
vt 0.69184 -0.40355
vt 0.62720 -0.40623
vt 0.66908 -0.38324
vt 0.69221 -0.20572
vt 0.69684 -0.24694
vt 0.73459 -0.24438
vt 0.75610 -0.27339
vt 0.72821 -0.27351
vt 0.71212 -0.28135
vt 0.68550 -0.28117
vt 0.71366 -0.30298
vt 0.68489 -0.30422
vt 0.71458 -0.32359
vt 0.68774 -0.32825
vt 0.77942 -0.29976
vt 0.69948 -0.17920
vt 0.67189 -0.15084
vt 0.67712 -0.17794
vt 0.72342 -0.20637
vt 0.74768 -0.29366
vt 0.73471 -0.29411
vt 0.73026 -0.30249
vt 0.70640 -0.12290
vt 0.70418 -0.15164
vt 0.69833 -0.11740
vt 0.69468 -0.15125
vt 0.70624 -0.17011
vt 0.72490 -0.08037
vt 0.69156 -0.08792
vt 0.67493 -0.12209
vt 0.73125 -0.05918
vt 0.73611 -0.03247
vt 0.70038 -0.03125
vt 0.71087 -0.01256
vt 0.70301 -0.01256
vt 0.70788 -0.03648
vt 0.69950 -0.04763
vt 0.71530 -0.03765
vt 0.70521 -0.05818
vt 0.74282 -0.01256
vt 0.71856 -0.01256
vt 0.69516 -0.03531
vt 0.68122 -0.03975
vt 0.67954 -0.05528
vt 0.66657 -0.09110
vt 0.62869 -0.12129
vt 0.62704 -0.14739
vt 0.65643 -0.04185
vt 0.64824 -0.09309
vt 0.65260 -0.05299
vt 0.62874 -0.09455
vt 0.62930 -0.05320
vt 0.63319 -0.04322
vt 0.60872 -0.05430
vt 0.59019 -0.04598
vt 0.58935 -0.05385
vt 0.60962 -0.04485
vt 0.60809 -0.09467
vt 0.60928 -0.12153
vt 0.61006 -0.14671
vt 0.61205 -0.17307
vt 0.62678 -0.17841
vt 0.62767 -0.20214
vt 0.66951 -0.22577
vt 0.61099 -0.20187
vt 0.62618 -0.38631
vt 0.66685 -0.36460
vt 0.62716 -0.37093
vt 0.66833 -0.32969
vt 0.62742 -0.32492
vt 0.66486 -0.30430
vt 0.62750 -0.30407
vt 0.62703 -0.28311
vt 0.59132 -0.30399
vt 0.58843 -0.28646
vt 0.58403 -0.28603
vt 0.58211 -0.22822
vt 0.59183 -0.22986
vt 0.58382 -0.20613
vt 0.62638 -0.22192
vt 0.62715 -0.23713
vt 0.66699 -0.24394
vt 0.66771 -0.27867
vt 0.59018 -0.56213
vt 0.60962 -0.56326
vt 0.60917 -0.55221
vt 0.58977 -0.55209
vt 0.58934 -0.54167
vt 0.60872 -0.54122
vt 0.60800 -0.51350
vt 0.62871 -0.51356
vt 0.60906 -0.48671
vt 0.62929 -0.54231
vt 0.60918 -0.55220
vt 0.63114 -0.55292
vt 0.60963 -0.56324
vt 0.63322 -0.56486
vt 0.65418 -0.55512
vt 0.65260 -0.54548
vt 0.58508 -0.30398
vt 0.58428 -0.32193
vt 0.58872 -0.32150
vt 0.59185 -0.37801
vt 0.58219 -0.37965
vt 0.58372 -0.40173
vt 0.61067 -0.40630
vt 0.64822 -0.52796
vt 0.62852 -0.48691
vt 0.62673 -0.46093
vt 0.60972 -0.46160
vt 0.61160 -0.43524
vt 0.67480 -0.48609
vt 0.72492 -0.52772
vt 0.71522 -0.57040
vt 0.73607 -0.57560
vt 0.73125 -0.54890
vt 0.70521 -0.54987
vt 0.70079 -0.55871
vt 0.67954 -0.55017
vt 0.66654 -0.52441
vt 0.69154 -0.52610
vt 0.69987 -0.59558
vt 0.70796 -0.59558
vt 0.70697 -0.57217
vt 0.69996 -0.57559
vt 0.69503 -0.57155
vt 0.65650 -0.56621
vt 0.74238 -0.59558
vt 0.71758 -0.59558
vt 0.68028 -0.55973
vt 0.68142 -0.56822
vt 0.32531 -0.72417
vt 0.33034 -0.74803
vt 0.32930 -0.72188
vt 0.32957 -0.71949
vt 0.32501 -0.69873
vt 0.32966 -0.70169
vt 0.32479 -0.68504
vt 0.33003 -0.68885
vt 0.32438 -0.66892
vt 0.33223 -0.66768
vt 0.32333 -0.65861
vt 0.33142 -0.65767
vt 0.32008 -0.64208
vt 0.32836 -0.63986
vt 0.31325 -0.62149
vt 0.31997 -0.61851
vt 0.30656 -0.59873
vt 0.31070 -0.59664
vt 0.29859 -0.58301
vt 0.30346 -0.58049
vt 0.33443 -0.72185
vt 0.33511 -0.71947
vt 0.35563 -0.72312
vt 0.35446 -0.72082
vt 0.33492 -0.70271
vt 0.35196 -0.66019
vt 0.37240 -0.72442
vt 0.37278 -0.72212
vt 0.35388 -0.70450
vt 0.33373 -0.68951
vt 0.35348 -0.66995
vt 0.37255 -0.67515
vt 0.37210 -0.66055
vt 0.34850 -0.64106
vt 0.37346 -0.70620
vt 0.35360 -0.69026
vt 0.37422 -0.69156
vt 0.38610 -0.72303
vt 0.38552 -0.70542
vt 0.38419 -0.69252
vt 0.38330 -0.67760
vt 0.38297 -0.66232
vt 0.37073 -0.64515
vt 0.34537 -0.62225
vt 0.34772 -0.60574
vt 0.36867 -0.62956
vt 0.36910 -0.61250
vt 0.39754 -0.62237
vt 0.40138 -0.63704
vt 0.40471 -0.62305
vt 0.38665 -0.63483
vt 0.39071 -0.62064
vt 0.39474 -0.63638
vt 0.39954 -0.65032
vt 0.39156 -0.65037
vt 0.39943 -0.66213
vt 0.39116 -0.66282
vt 0.40023 -0.67657
vt 0.39223 -0.67768
vt 0.40220 -0.69189
vt 0.39219 -0.69266
vt 0.40418 -0.70510
vt 0.39256 -0.70528
vt 0.40786 -0.72472
vt 0.39526 -0.72483
vt 0.40787 -0.75284
vt 0.38358 -0.64951
vt 0.39357 -0.74953
vt 0.40359 -0.77666
vt 0.38726 -0.74733
vt 0.41242 -0.84881
vt 0.43389 -0.82804
vt 0.41692 -0.83038
vt 0.39996 -0.83906
vt 0.40795 -0.82256
vt 0.39349 -0.82476
vt 0.40409 -0.81423
vt 0.39330 -0.79832
vt 0.40322 -0.79451
vt 0.39407 -0.77398
vt 0.39100 -0.77194
vt 0.37308 -0.74832
vt 0.37603 -0.77384
vt 0.38980 -0.79797
vt 0.37736 -0.79932
vt 0.38968 -0.82621
vt 0.37697 -0.82785
vt 0.37550 -0.85087
vt 0.39691 -0.84257
vt 0.37483 -0.87097
vt 0.41178 -0.85414
vt 0.40602 -0.87274
vt 0.43587 -0.85115
vt 0.43281 -0.87016
vt 0.45714 -0.86790
vt 0.46172 -0.83370
vt 0.47452 -0.86460
vt 0.47219 -0.83628
vt 0.46851 -0.80885
vt 0.45934 -0.83109
vt 0.46541 -0.80860
vt 0.45674 -0.80205
vt 0.45178 -0.81624
vt 0.43538 -0.84588
vt 0.47609 -0.70931
vt 0.52379 -0.73757
vt 0.52379 -0.71129
vt 0.42613 -0.69995
vt 0.44226 -0.70828
vt 0.45787 -0.69949
vt 0.48095 -0.69949
vt 0.53170 -0.70063
vt 0.53013 -0.74748
vt 0.47609 -0.74748
vt 0.47609 -0.73656
vt 0.42890 -0.74748
vt 0.44226 -0.73654
vt 0.17821 -0.85414
vt 0.18397 -0.87274
vt 0.21516 -0.87097
vt 0.19308 -0.84257
vt 0.21449 -0.85087
vt 0.20030 -0.82621
vt 0.21301 -0.82785
vt 0.20018 -0.79797
vt 0.21262 -0.79932
vt 0.19898 -0.77194
vt 0.21396 -0.77384
vt 0.20273 -0.74733
vt 0.21690 -0.74832
vt 0.20262 -0.72303
vt 0.21759 -0.72442
vt 0.23435 -0.72312
vt 0.25556 -0.72185
vt 0.25965 -0.74803
vt 0.26068 -0.72188
vt 0.26468 -0.72417
vt 0.12827 -0.83370
vt 0.13284 -0.86790
vt 0.15717 -0.87016
vt 0.11546 -0.86460
vt 0.11779 -0.83628
vt 0.12148 -0.80885
vt 0.12457 -0.80860
vt 0.13821 -0.81624
vt 0.13325 -0.80205
vt 0.13064 -0.83109
vt 0.15412 -0.85115
vt 0.15461 -0.84588
vt 0.17757 -0.84881
vt 0.19003 -0.83906
vt 0.19649 -0.82476
vt 0.19668 -0.79832
vt 0.19591 -0.77398
vt 0.19641 -0.74953
vt 0.19743 -0.70528
vt 0.19472 -0.72483
vt 0.18212 -0.72472
vt 0.18212 -0.75284
vt 0.18640 -0.77666
vt 0.18677 -0.79451
vt 0.18589 -0.81423
vt 0.18203 -0.82256
vt 0.17307 -0.83038
vt 0.15609 -0.82804
vt 0.19056 -0.66213
vt 0.18976 -0.67657
vt 0.19775 -0.67768
vt 0.19780 -0.69266
vt 0.18779 -0.69189
vt 0.18580 -0.70510
vt 0.19044 -0.65032
vt 0.19819 -0.66282
vt 0.20638 -0.66232
vt 0.20605 -0.67760
vt 0.20537 -0.69252
vt 0.20405 -0.70542
vt 0.19906 -0.62064
vt 0.19244 -0.62237
vt 0.19525 -0.63638
vt 0.18527 -0.62305
vt 0.18861 -0.63704
vt 0.19779 -0.65037
vt 0.20557 -0.64951
vt 0.21789 -0.66055
vt 0.21744 -0.67515
vt 0.21577 -0.69156
vt 0.21653 -0.70620
vt 0.21721 -0.72212
vt 0.21926 -0.64515
vt 0.20207 -0.63483
vt 0.25996 -0.68885
vt 0.25776 -0.66768
vt 0.25626 -0.68951
vt 0.26032 -0.70169
vt 0.25507 -0.70271
vt 0.26042 -0.71949
vt 0.25488 -0.71947
vt 0.23610 -0.70450
vt 0.23639 -0.69026
vt 0.23650 -0.66995
vt 0.23803 -0.66019
vt 0.24149 -0.64106
vt 0.22131 -0.62956
vt 0.25856 -0.65767
vt 0.23553 -0.72082
vt 0.26498 -0.69873
vt 0.26520 -0.68504
vt 0.26560 -0.66892
vt 0.26666 -0.65861
vt 0.26162 -0.63986
vt 0.26991 -0.64208
vt 0.27002 -0.61851
vt 0.24462 -0.62225
vt 0.22089 -0.61250
vt 0.27929 -0.59664
vt 0.24226 -0.60574
vt 0.27674 -0.62149
vt 0.28342 -0.59873
vt 0.28652 -0.58049
vt 0.29140 -0.58301
vt 0.44226 -0.75997
vt 0.47609 -0.75997
vt 0.52128 -0.76008
vt 0.52932 -0.79479
vt 0.52128 -0.78747
vt 0.47752 -0.79503
vt 0.47609 -0.78668
vt 0.47016 -0.79480
vt 0.42331 -0.79185
vt 0.44226 -0.78393
vt 0.56703 -0.78083
vt 0.54973 -0.76734
vt 0.54836 -0.80647
vt 0.56703 -0.80613
vt 0.54743 -0.84096
vt 0.56703 -0.84113
vt 0.54697 -0.86698
vt 0.56703 -0.86690
vt 0.54719 -0.89641
vt 0.56703 -0.89632
vt 0.54736 -0.92728
vt 0.56703 -0.92720
vt 0.54873 -0.95775
vt 0.56703 -0.95595
vt 0.55059 -0.97359
vt 0.56703 -0.97360
vt 0.55095 -0.98072
vt 0.56703 -0.98106
vt 0.56703 -0.99422
vt 0.53157 -0.98174
vt 0.52938 -0.97885
vt 0.50373 -0.97874
vt 0.52615 -0.97338
vt 0.50514 -0.97374
vt 0.52545 -0.96100
vt 0.50533 -0.96199
vt 0.47311 -0.59765
vt 0.48792 -0.58699
vt 0.46687 -0.58699
vt 0.50144 -0.59742
vt 0.51688 -0.58741
vt 0.51435 -0.62859
vt 0.50032 -0.62899
vt 0.51944 -0.67123
vt 0.50772 -0.66399
vt 0.47671 -0.67392
vt 0.47146 -0.66485
vt 0.47000 -0.67413
vt 0.42275 -0.67391
vt 0.42992 -0.66668
vt 0.42202 -0.63214
vt 0.43161 -0.63180
vt 0.42059 -0.58802
vt 0.43452 -0.59822
vt 0.46953 -0.63054
vt 0.66891 -0.79258
vt 0.66258 -0.79261
vt 0.66310 -0.82060
vt 0.66943 -0.82058
vt 0.11646 -0.93418
vt 0.11874 -0.96091
vt 0.12155 -0.96086
vt 0.12068 -0.93521
vt 0.11515 -0.90935
vt 0.12278 -0.90985
vt 0.11579 -0.88698
vt 0.13145 -0.88896
vt 0.17293 -0.91115
vt 0.16089 -0.89062
vt 0.19128 -0.89263
vt 0.19744 -0.91026
vt 0.21816 -0.91064
vt 0.21676 -0.89043
vt 0.08092 -0.84103
vt 0.08748 -0.86585
vt 0.08839 -0.84205
vt 0.08248 -0.86815
vt 0.08728 -0.89961
vt 0.08326 -0.90143
vt 0.08821 -0.93055
vt 0.08352 -0.93015
vt 0.08642 -0.96075
vt 0.08466 -0.96071
vt 0.08484 -0.97374
vt 0.10523 -0.96342
vt 0.10463 -0.97392
vt 0.11803 -0.97206
vt 0.11944 -0.97204
vt 0.14136 -0.96229
vt 0.14166 -0.97078
vt 0.16789 -0.96044
vt 0.16866 -0.96940
vt 0.19556 -0.95996
vt 0.19691 -0.96935
vt 0.22193 -0.95613
vt 0.22682 -0.97013
vt 0.06384 -0.97338
vt 0.06453 -0.96100
vt 0.03940 -0.97359
vt 0.04126 -0.95775
vt 0.03904 -0.98072
vt 0.06060 -0.97885
vt 0.02296 -0.98106
vt 0.02296 -0.97360
vt 0.02296 -0.95595
vt 0.04262 -0.92728
vt 0.02296 -0.92720
vt 0.04280 -0.89641
vt 0.02296 -0.89632
vt 0.04302 -0.86698
vt 0.02296 -0.86690
vt 0.04256 -0.84096
vt 0.02296 -0.84113
vt 0.04163 -0.80647
vt 0.02296 -0.80613
vt 0.04026 -0.76734
vt 0.02296 -0.78083
vt 0.02296 -0.99422
vt 0.05842 -0.98174
vt 0.08767 -0.98308
vt 0.08625 -0.97874
vt 0.10603 -0.98360
vt 0.10605 -0.97915
vt 0.12638 -0.98434
vt 0.11783 -0.98028
vt 0.13760 -0.97905
vt 0.16342 -0.98309
vt 0.16938 -0.97833
vt 0.19809 -0.97945
vt 0.26149 -0.96828
vt 0.22757 -0.97638
vt 0.26356 -0.97414
vt 0.22888 -0.96978
vt 0.22685 -0.98653
vt 0.26956 -0.98620
vt 0.29499 -0.98876
vt 0.29499 -0.97745
vt 0.32043 -0.98620
vt 0.32642 -0.97414
vt 0.36313 -0.98653
vt 0.36241 -0.97638
vt 0.39190 -0.97945
vt 0.42061 -0.97833
vt 0.42657 -0.98309
vt 0.46360 -0.98434
vt 0.42133 -0.96940
vt 0.39308 -0.96935
vt 0.36316 -0.97013
vt 0.36110 -0.96978
vt 0.32850 -0.96828
vt 0.29499 -0.96828
vt 0.23144 -0.95830
vt 0.26073 -0.95910
vt 0.29499 -0.95856
vt 0.32926 -0.95910
vt 0.35855 -0.95830
vt 0.36806 -0.95613
vt 0.39443 -0.95996
vt 0.42209 -0.96044
vt 0.44862 -0.96229
vt 0.44833 -0.97078
vt 0.48476 -0.96342
vt 0.47125 -0.96091
vt 0.47195 -0.97206
vt 0.47054 -0.97204
vt 0.50356 -0.96204
vt 0.48535 -0.97392
vt 0.47215 -0.98028
vt 0.45238 -0.97905
vt 0.46844 -0.96086
vt 0.46930 -0.93521
vt 0.47353 -0.93418
vt 0.47483 -0.90935
vt 0.47419 -0.88698
vt 0.48395 -0.98360
vt 0.48394 -0.97915
vt 0.50177 -0.93055
vt 0.50646 -0.93015
vt 0.50271 -0.89961
vt 0.50673 -0.90143
vt 0.50251 -0.86585
vt 0.50751 -0.86815
vt 0.50160 -0.84205
vt 0.50907 -0.84103
vt 0.50232 -0.98308
vt 0.85780 -0.61473
vt 0.89372 -0.61473
vt 0.89187 -0.60158
vt 0.85982 -0.60158
vt 0.84761 -0.59451
vt 0.89389 -0.71643
vt 0.87506 -0.71884
vt 0.90670 -0.72816
vt 0.87328 -0.72837
vt 0.84416 -0.72782
vt 0.85637 -0.71521
vt 0.84388 -0.68323
vt 0.85780 -0.68793
vt 0.84436 -0.65554
vt 0.85780 -0.65818
vt 0.84395 -0.62920
vt 0.85780 -0.63447
vt 0.89372 -0.63447
vt 0.90522 -0.59526
vt 0.90612 -0.62375
vt 0.90735 -0.65283
vt 0.89372 -0.65818
vt 0.89372 -0.68793
vt 0.90634 -0.68473
vt 0.87931 -0.95946
vt 0.88528 -0.98593
vt 0.89905 -0.97708
vt 0.92069 -0.97872
vt 0.91899 -0.98767
vt 0.94520 -0.97864
vt 0.95155 -0.98706
vt 0.94795 -0.96000
vt 0.96021 -0.96034
vt 0.94366 -0.94037
vt 0.95136 -0.92955
vt 0.92112 -0.93811
vt 0.92121 -0.92909
vt 0.90299 -0.93868
vt 0.88788 -0.93187
vt 0.89899 -0.95875
vt 0.92094 -0.96053
vt 0.68852 -0.82591
vt 0.66842 -0.82571
vt 0.66831 -0.82030
vt 0.68841 -0.82049
vt 0.66851 -0.78689
vt 0.68861 -0.78708
vt 0.68871 -0.79250
vt 0.66861 -0.79230
vt 0.66861 -0.79230
vt 0.66898 -0.78717
vt 0.68908 -0.78682
vt 0.68947 -0.82564
vt 0.66937 -0.82599
vt 0.96655 -0.71719
vt 0.92706 -0.68835
vt 0.92382 -0.71840
vt 0.96617 -0.68835
vt 0.92730 -0.65744
vt 0.96578 -0.65744
vt 0.92713 -0.63458
vt 0.96498 -0.63458
vt 0.92751 -0.61675
vt 0.91480 -0.59467
vt 0.91514 -0.62640
vt 0.91533 -0.65390
vt 0.91403 -0.68558
vt 0.91265 -0.72766
vt 0.94504 -0.72279
vt 0.97871 -0.72526
vt 0.98030 -0.68756
vt 0.98236 -0.65561
vt 0.98047 -0.62691
vt 0.98118 -0.59369
vt 0.96405 -0.61675
vt 0.96395 -0.60413
vt 0.93049 -0.60413
vt 0.94107 -0.73014
vt 0.15283 -0.59811
vt 0.14632 -0.59811
vt 0.14635 -0.63506
vt 0.15286 -0.63506
vt 0.15283 -0.67202
vt 0.14632 -0.67202
vt 0.14957 -0.67202
vt 0.14667 -0.67202
vt 0.14670 -0.63506
vt 0.14961 -0.63506
vt 0.14957 -0.59811
vt 0.14667 -0.59811
vt 0.17626 -0.67202
vt 0.17629 -0.63506
vt 0.17626 -0.59811
vt 0.57783 -0.67903
vt 0.54212 -0.65902
vt 0.54436 -0.67904
vt 0.57913 -0.65861
vt 0.54302 -0.64505
vt 0.53326 -0.63110
vt 0.52796 -0.65658
vt 0.53501 -0.69172
vt 0.56108 -0.68199
vt 0.58588 -0.69139
vt 0.59238 -0.65305
vt 0.57835 -0.63970
vt 0.57617 -0.63217
vt 0.54337 -0.63637
vt 0.58458 -0.62534
vt 0.55988 -0.69240
vt 0.16921 -0.76720
vt 0.15090 -0.76885
vt 0.15069 -0.74295
vt 0.16877 -0.74245
vt 0.17027 -0.74229
vt 0.17069 -0.71687
vt 0.16875 -0.71706
vt 0.17121 -0.69906
vt 0.14865 -0.70084
vt 0.15022 -0.71757
vt 0.14832 -0.71768
vt 0.14841 -0.74308
vt 0.14917 -0.76894
vt 0.15013 -0.79784
vt 0.17063 -0.80190
vt 0.17046 -0.76706
vt 0.10063 -0.59160
vt 0.54474 -0.63660
vt 0.57835 -0.64016
vt 0.54302 -0.64573
vt 0.54258 -0.66291
vt 0.57822 -0.66250
vt 0.53501 -0.69172
vt 0.53326 -0.63133
vt 0.58550 -0.62717
vt 0.57617 -0.63308
vt 0.59238 -0.65305
vt 0.31463 -0.77419
vt 0.33208 -0.75432
vt 0.31463 -0.75878
vt 0.29499 -0.77525
vt 0.29499 -0.75990
vt 0.27536 -0.77419
vt 0.27536 -0.75878
vt 0.25525 -0.77360
vt 0.25790 -0.75432
vt 0.22731 -0.75418
vt 0.22466 -0.77386
vt 0.27646 -0.75343
vt 0.29499 -0.75455
vt 0.31352 -0.75343
vt 0.36267 -0.75418
vt 0.36533 -0.77386
vt 0.33474 -0.77360
vt 0.22401 -0.87013
vt 0.22465 -0.85158
vt 0.25691 -0.87009
vt 0.22541 -0.88959
vt 0.22377 -0.82811
vt 0.25524 -0.84876
vt 0.28511 -0.84660
vt 0.22377 -0.79914
vt 0.25436 -0.82876
vt 0.27891 -0.82869
vt 0.29499 -0.82814
vt 0.25436 -0.79872
vt 0.27536 -0.79797
vt 0.29499 -0.79779
vt 0.31463 -0.79797
vt 0.36622 -0.79914
vt 0.36458 -0.88959
vt 0.36597 -0.87013
vt 0.36533 -0.85158
vt 0.36622 -0.82811
vt 0.33563 -0.79872
vt 0.25883 -0.93375
vt 0.22661 -0.90980
vt 0.22788 -0.93511
vt 0.25838 -0.90908
vt 0.29499 -0.93283
vt 0.29499 -0.90893
vt 0.29499 -0.88873
vt 0.33225 -0.88961
vt 0.33308 -0.87009
vt 0.33474 -0.84876
vt 0.33563 -0.82876
vt 0.31108 -0.82869
vt 0.29499 -0.84619
vt 0.29499 -0.86928
vt 0.25774 -0.88961
vt 0.30487 -0.84660
vt 0.36337 -0.90980
vt 0.37031 -0.93620
vt 0.36210 -0.93511
vt 0.33116 -0.93375
vt 0.33161 -0.90908
vt 0.21968 -0.93620
vt 0.66911 -0.92211
vt 0.70599 -0.92214
vt 0.72695 -0.92187
vt 0.74790 -0.92214
vt 0.78479 -0.92211
vt 0.41906 -0.12712
vt 0.42474 -0.14795
vt 0.43597 -0.12459
vt 0.41329 -0.10254
vt 0.40213 -0.10020
vt 0.40783 -0.07564
vt 0.39716 -0.07711
vt 0.39513 -0.06650
vt 0.38033 -0.06743
vt 0.39191 -0.05557
vt 0.38061 -0.05562
vt 0.39029 -0.04990
vt 0.40220 -0.05250
vt 0.40289 -0.04686
vt 0.42067 -0.05343
vt 0.42200 -0.04805
vt 0.45706 -0.05714
vt 0.41888 -0.05937
vt 0.42037 -0.07392
vt 0.40411 -0.06544
vt 0.42564 -0.10145
vt 0.45743 -0.09754
vt 0.46340 -0.04409
vt 0.48992 -0.05188
vt 0.50039 -0.04314
vt 0.48022 -0.05801
vt 0.46007 -0.05069
vt 0.42890 -0.03359
vt 0.42395 -0.04284
vt 0.41531 -0.02683
vt 0.45777 -0.07545
vt 0.41201 -0.03535
vt 0.40220 -0.02239
vt 0.40140 -0.02843
vt 0.37962 -0.02222
vt 0.35608 -0.03821
vt 0.36180 -0.03723
vt 0.35209 -0.03432
vt 0.37952 -0.03234
vt 0.39819 -0.03475
vt 0.40915 -0.04171
vt 0.40348 -0.04367
vt 0.39332 -0.03566
vt 0.38029 -0.03503
vt 0.36756 -0.04163
vt 0.37308 -0.04112
vt 0.37247 -0.03909
vt 0.37900 -0.03873
vt 0.37903 -0.04048
vt 0.39177 -0.03928
vt 0.39114 -0.04149
vt 0.39033 -0.04793
vt 0.37898 -0.04708
vt 0.37834 -0.04859
vt 0.37275 -0.04648
vt 0.37251 -0.04261
vt 0.37231 -0.04540
vt 0.36760 -0.04422
vt 0.36607 -0.04396
vt 0.40125 -0.04662
vt 0.36869 -0.05009
vt 0.35189 -0.04555
vt 0.34854 -0.03847
vt 0.34486 -0.03286
vt 0.33774 -0.03396
vt 0.32795 -0.03684
vt 0.31032 -0.03210
vt 0.29206 -0.03317
vt 0.29703 -0.03529
vt 0.38477 -0.08389
vt 0.34124 -0.03857
vt 0.33374 -0.03834
vt 0.34602 -0.05596
vt 0.35128 -0.06917
vt 0.36014 -0.07113
vt 0.35928 -0.06675
vt 0.34723 -0.06979
vt 0.34081 -0.05667
vt 0.34188 -0.07060
vt 0.33783 -0.07046
vt 0.32888 -0.06886
vt 0.32779 -0.07309
vt 0.32569 -0.07929
vt 0.35902 -0.11017
vt 0.35897 -0.11954
vt 0.36712 -0.12231
vt 0.34779 -0.12040
vt 0.34585 -0.11237
vt 0.34122 -0.12064
vt 0.34312 -0.11239
vt 0.33002 -0.12110
vt 0.33003 -0.11297
vt 0.32224 -0.12412
vt 0.32308 -0.11508
vt 0.31850 -0.11646
vt 0.31936 -0.10399
vt 0.31947 -0.09223
vt 0.32530 -0.08525
vt 0.34769 -0.10256
vt 0.34288 -0.10624
vt 0.34621 -0.10626
vt 0.36274 -0.09785
vt 0.35895 -0.10382
vt 0.36972 -0.10237
vt 0.36622 -0.11388
vt 0.35368 -0.09748
vt 0.34650 -0.09749
vt 0.34128 -0.09734
vt 0.33977 -0.10240
vt 0.33009 -0.10611
vt 0.32636 -0.09807
vt 0.33428 -0.09149
vt 0.32556 -0.09448
vt 0.33617 -0.09823
vt 0.33890 -0.09600
vt 0.35354 -0.09234
vt 0.36395 -0.09418
vt 0.34882 -0.09621
vt 0.37077 -0.11622
vt 0.37263 -0.12437
vt 0.35718 -0.12769
vt 0.36603 -0.12959
vt 0.36548 -0.12602
vt 0.35896 -0.12055
vt 0.34822 -0.12781
vt 0.34802 -0.12137
vt 0.34064 -0.12793
vt 0.34103 -0.12145
vt 0.33178 -0.12847
vt 0.33002 -0.12195
vt 0.32217 -0.12489
vt 0.32377 -0.12740
vt 0.31766 -0.12632
vt 0.32361 -0.13110
vt 0.33091 -0.13662
vt 0.31212 -0.13573
vt 0.32658 -0.14167
vt 0.32403 -0.14836
vt 0.33700 -0.14955
vt 0.33718 -0.15465
vt 0.36726 -0.12298
vt 0.36236 -0.14151
vt 0.37705 -0.13553
vt 0.35804 -0.13563
vt 0.34034 -0.13806
vt 0.34850 -0.13699
vt 0.35070 -0.14340
vt 0.36510 -0.14793
vt 0.37103 -0.15682
vt 0.38315 -0.13961
vt 0.33824 -0.14352
vt 0.35198 -0.14954
vt 0.35523 -0.15622
vt 0.36868 -0.17175
vt 0.38442 -0.17230
vt 0.36889 -0.18552
vt 0.35374 -0.18760
vt 0.33546 -0.18735
vt 0.32048 -0.18508
vt 0.30510 -0.17227
vt 0.28912 -0.17046
vt 0.29718 -0.15277
vt 0.32086 -0.17123
vt 0.31845 -0.15715
vt 0.33637 -0.17013
vt 0.30624 -0.13983
vt 0.35393 -0.17114
vt 0.28359 -0.12901
vt 0.27700 -0.10306
vt 0.28196 -0.08115
vt 0.27129 -0.05980
vt 0.29030 -0.18655
vt 0.26677 -0.14943
vt 0.25065 -0.14577
vt 0.25515 -0.12631
vt 0.26964 -0.07850
vt 0.26501 -0.10245
vt 0.27166 -0.12799
vt 0.28036 -0.15147
vt 0.23326 -0.09999
vt 0.23223 -0.07763
vt 0.23305 -0.05892
vt 0.26943 -0.05373
vt 0.28687 -0.04370
vt 0.28076 -0.04174
vt 0.26797 -0.04828
vt 0.20163 -0.05688
vt 0.21371 -0.07727
vt 0.21802 -0.09779
vt 0.19971 -0.06476
vt 0.18425 -0.06421
vt 0.20516 -0.08660
vt 0.20589 -0.10478
vt 0.18946 -0.09910
vt 0.18035 -0.05556
vt 0.17966 -0.07401
vt 0.18088 -0.08704
vt 0.18653 -0.10438
vt 0.20711 -0.11368
vt 0.21445 -0.11310
vt 0.17490 -0.06974
vt 0.17655 -0.09027
vt 0.15873 -0.09356
vt 0.16128 -0.10588
vt 0.17127 -0.09100
vt 0.15710 -0.07430
vt 0.17117 -0.07287
vt 0.15031 -0.05430
vt 0.17139 -0.05589
vt 0.16627 -0.10601
vt 0.14480 -0.11583
vt 0.13875 -0.11222
vt 0.13228 -0.10729
# 2525 texture verticies
vn 0.93399 -0.18936 -0.30298
vn 0.81386 0.16707 -0.55653
vn 0.81248 -0.23740 -0.53246
vn 0.87311 0.17501 -0.45504
vn 0.63765 0.59817 -0.48539
vn 0.17486 0.73920 -0.65039
vn 0.12155 0.98501 -0.12242
vn 0.91710 -0.29648 -0.26649
vn 0.74531 -0.49199 -0.44995
vn 0.54697 -0.55184 -0.62952
vn 0.34208 -0.87233 -0.34932
vn 0.40712 -0.79857 -0.44333
vn 0.16076 -0.97652 -0.14342
vn -0.97282 -0.23126 -0.01182
vn -0.94700 -0.26905 -0.17550
vn -0.82593 0.50562 -0.24936
vn -0.92728 -0.37341 0.02682
vn -0.94420 -0.32912 -0.01270
vn -0.95340 -0.23183 -0.19309
vn -0.81089 -0.57278 -0.11993
vn -0.67803 -0.70096 -0.22121
vn -0.00685 -0.99430 -0.10637
vn 0.87540 -0.01422 -0.48319
vn -0.03706 -0.99820 -0.04707
vn -0.78981 -0.60902 0.07283
vn -0.90169 -0.40557 0.14989
vn -0.86659 -0.45298 0.20935
vn -0.95429 -0.24695 0.16838
vn -0.96071 0.27103 -0.05978
vn -0.21697 0.96224 -0.16437
vn -0.90255 0.22154 -0.36921
vn -0.92498 0.32651 -0.19442
vn -0.90202 -0.39170 0.18149
vn -0.74901 -0.11051 -0.65328
vn -0.81157 -0.58422 0.00670
vn -0.23031 0.46165 -0.85665
vn -0.86102 -0.49993 0.09336
vn -0.18851 -0.98193 -0.01674
vn 0.20008 0.97834 -0.05308
vn 0.45712 0.88693 -0.06628
vn 0.43693 0.87153 -0.22255
vn 0.33372 0.90785 -0.25384
vn -0.41683 0.89240 -0.17288
vn 0.19305 0.79048 -0.58126
vn -0.48842 0.53347 -0.69055
vn -0.78659 0.30881 -0.53471
vn -0.93768 0.34677 -0.02260
vn 0.48817 0.10389 -0.86654
vn -0.54490 -0.04384 -0.83735
vn -0.53849 -0.03216 -0.84202
vn -0.60800 0.65238 -0.45247
vn -0.50984 0.79491 -0.32890
vn -0.81003 -0.06078 -0.58324
vn -0.53309 0.72696 -0.43284
vn -0.75331 0.01518 -0.65749
vn -0.66573 -0.11775 -0.73684
vn -0.29241 -0.01859 -0.95611
vn -0.37976 -0.76220 -0.52424
vn 0.05130 -0.83801 -0.54324
vn -0.61631 -0.17934 -0.76681
vn -0.58894 -0.67637 -0.44235
vn -0.75419 -0.14013 -0.64153
vn -0.71838 -0.46742 -0.51523
vn -0.69118 -0.07784 -0.71847
vn -0.67913 0.15096 -0.71833
vn -0.51326 0.77519 -0.36831
vn 0.15353 0.97063 0.18521
vn 0.22604 0.96908 0.09897
vn 0.26924 0.95942 0.08375
vn 0.45722 0.87877 0.13679
vn -0.65903 0.32472 -0.67841
vn -0.62122 -0.07812 -0.77973
vn -0.48295 -0.02948 -0.87515
vn -0.83481 0.54907 0.04020
vn 0.18933 0.98016 -0.05865
vn 0.12099 0.99265 0.00317
vn -0.84577 0.51868 -0.12507
vn -0.94079 0.22535 -0.25323
vn -0.80886 -0.58771 -0.01825
vn -0.78491 -0.60611 -0.12862
vn -0.65452 -0.73273 -0.18632
vn -0.07221 0.96703 -0.24422
vn -0.05299 0.99843 0.01836
vn 0.49533 0.68603 -0.53293
vn 0.45707 0.55606 -0.69418
vn 0.58156 0.39327 -0.71212
vn 0.07343 0.93348 -0.35102
vn -0.65414 0.72752 0.20692
vn -0.67802 0.69391 0.24242
vn -0.63730 0.62710 0.44788
vn -0.50289 0.74256 0.44240
vn 0.01310 0.99841 -0.05475
vn 0.43950 0.75193 -0.49136
vn 0.74662 -0.05736 -0.66277
vn 0.65393 -0.05244 -0.75473
vn 0.60092 -0.08031 -0.79526
vn 0.67787 -0.19143 -0.70982
vn 0.72129 0.01706 -0.69242
vn 0.56495 0.56735 -0.59912
vn 0.08677 0.96909 -0.23094
vn -0.47232 0.85293 0.22234
vn -0.82424 0.13676 0.54948
vn -0.87900 -0.00068 0.47682
vn -0.89379 -0.00850 0.44840
vn -0.79537 -0.04662 0.60433
vn -0.65002 -0.24861 0.71810
vn -0.65327 0.25597 0.71255
vn -0.56395 -0.48438 0.66884
vn -0.33035 -0.80090 0.49943
vn -0.15972 -0.85533 0.49284
vn -0.48780 -0.70399 0.51619
vn -0.00164 -0.98950 0.14454
vn -0.63467 -0.70529 0.31584
vn -0.58046 -0.70996 0.39878
vn -0.67973 -0.68362 0.26575
vn 0.46472 -0.59499 -0.65576
vn 0.24977 -0.90712 -0.33875
vn 0.55232 -0.54990 -0.62655
vn 0.17010 -0.94706 -0.27228
vn 0.53917 -0.72151 -0.43442
vn 0.26683 -0.95548 -0.12591
vn 0.34023 -0.93979 -0.03224
vn 0.11262 -0.96763 0.22587
vn -0.17760 -0.98204 -0.06373
vn -0.19905 -0.97971 0.02345
vn -0.01524 -0.99985 0.00766
vn 0.33720 -0.89728 -0.28492
vn 0.61261 -0.59368 -0.52178
vn 0.60377 -0.69932 -0.38264
vn 0.69591 -0.27463 0.66354
vn 0.83373 0.12551 0.53772
vn 0.79807 0.08789 0.59612
vn 0.78451 0.40174 0.47239
vn 0.78932 0.34676 0.50669
vn 0.68087 0.63557 0.36396
vn 0.58828 0.70636 0.39369
vn 0.70386 0.65517 0.27448
vn 0.77412 0.56519 0.28513
vn 0.82490 0.54727 0.14152
vn 0.92076 0.29092 0.25993
vn 0.82938 0.51980 0.20480
vn 0.03837 -0.99901 -0.02271
vn 0.13323 -0.96524 -0.22485
vn 0.24533 -0.96927 -0.01807
vn 0.61251 -0.69539 0.37585
vn 0.56182 -0.72162 0.40449
vn 0.85229 -0.10146 0.51313
vn 0.97558 0.08426 0.20284
vn 0.96179 0.26701 0.06058
vn 0.91007 0.41248 0.04042
vn 0.99243 0.10976 -0.05513
vn 0.99905 0.03540 0.02555
vn 0.63705 -0.74077 0.21312
vn 0.08154 -0.99655 -0.01561
vn -0.09301 -0.99357 -0.06462
vn 0.72903 -0.64514 0.22874
vn 0.96252 -0.06435 0.26347
vn 0.98954 0.11914 0.08139
vn 0.92448 0.38101 0.01310
vn 0.77882 0.61868 0.10335
vn 0.90803 -0.37888 0.17872
vn 0.84844 -0.52832 -0.03201
vn 0.17566 -0.98445 -0.00224
vn 0.09479 -0.99316 -0.06823
vn 0.85600 0.50109 -0.12719
vn 0.91862 -0.39002 -0.06338
vn 0.83776 -0.53133 -0.12585
vn 0.05607 -0.99218 -0.11151
vn 0.90522 0.42284 -0.04226
vn 0.33296 0.51216 -0.79173
vn -0.01839 0.85343 -0.52089
vn 0.78950 0.60555 0.09994
vn 0.78195 0.47824 -0.39979
vn 0.85867 0.40662 -0.31199
vn 0.74956 0.56429 -0.34603
vn 0.65512 0.54417 -0.52411
vn 0.20407 0.19127 -0.96009
vn 0.81759 0.42055 -0.39330
vn 0.85598 0.47671 -0.20012
vn 0.89044 0.45193 -0.05368
vn 0.92040 0.37969 0.09331
vn 0.91552 0.34939 -0.19936
vn 0.90011 0.43095 -0.06386
vn 0.89924 0.43564 -0.03977
vn 0.87095 0.46339 -0.16345
vn 0.92352 0.35003 -0.15683
vn 0.92529 0.36722 -0.09483
vn 0.84994 -0.51810 -0.09582
vn 0.87517 -0.48316 0.02506
vn 0.97656 0.20074 0.07764
vn 0.94850 0.31591 -0.02349
vn 0.88210 0.46487 0.07611
vn 0.97062 0.22982 0.07132
vn 0.96366 0.23365 0.12952
vn 0.94608 -0.28418 0.15548
vn 0.73099 -0.62622 -0.27112
vn 0.60450 0.48384 -0.63283
vn 0.41655 0.86819 0.26969
vn 0.59097 0.77214 0.23358
vn 0.68003 0.60925 0.40788
vn 0.89802 0.29949 0.32229
vn 0.77626 0.28535 0.56214
vn 0.90644 -0.27273 0.32246
vn 0.77876 -0.26350 0.56929
vn 0.76658 -0.62006 0.16700
vn 0.63906 -0.61164 0.46637
vn 0.48898 -0.85411 0.17719
vn 0.51592 -0.85604 0.03198
vn 0.11782 -0.98655 -0.11326
vn 0.30021 -0.90229 -0.30943
vn 0.67047 -0.73654 0.08930
vn 0.84646 -0.35586 0.39607
vn 0.91251 0.09497 0.39787
vn -0.00417 0.12949 -0.99157
vn -0.00868 0.11913 -0.99284
vn -0.00015 0.11740 -0.99308
vn 0.00031 0.12715 -0.99188
vn 0.00194 0.05271 -0.99861
vn 0.00373 0.04812 -0.99883
vn 0.00001 -0.07003 -0.99755
vn -0.00037 -0.14116 -0.98999
vn -0.00132 -0.27006 -0.96284
vn -0.00200 -0.30029 -0.95385
vn -0.00285 -0.38575 -0.92260
vn -0.65465 -0.12496 -0.74554
vn -0.64683 0.39607 -0.65173
vn -0.71274 -0.23995 -0.65911
vn -0.53530 0.49231 -0.68636
vn -0.61120 -0.05685 -0.78943
vn -0.45707 0.55606 -0.69418
vn -0.68508 -0.09016 -0.72286
vn -0.51607 0.62967 -0.58068
vn -0.74978 -0.14106 -0.64647
vn -0.53338 0.66916 -0.51742
vn -0.78488 -0.28440 -0.55053
vn -0.70531 0.48412 -0.51785
vn -0.82391 -0.17005 -0.54061
vn -0.72964 0.53460 -0.42642
vn -0.69348 -0.11174 -0.71175
vn -0.69490 0.38681 -0.60622
vn -0.64140 -0.06722 -0.76426
vn -0.00405 -0.35387 0.93529
vn -0.37867 -0.00025 0.92553
vn 0.05328 -0.09429 0.99412
vn 0.60264 -0.20781 0.77048
vn 0.48462 0.06303 0.87245
vn 0.86534 0.08040 0.49470
vn 0.94748 -0.10710 0.30135
vn 0.62213 -0.41007 0.66693
vn -0.06144 -0.33865 0.93891
vn 0.57813 -0.23905 0.78014
vn 0.82555 0.11200 0.55310
vn 0.95281 -0.01108 0.30336
vn 0.90908 -0.04244 0.41444
vn 0.97187 0.01621 0.23494
vn 0.98781 0.00468 0.15558
vn 0.74538 0.64816 0.15590
vn 0.76183 0.64694 0.03282
vn -0.05733 0.99771 -0.03598
vn -0.02457 0.98869 0.14796
vn -0.00455 0.95273 0.30380
vn 0.89660 0.40395 0.18146
vn 0.99253 -0.04953 0.11153
vn 0.95823 -0.18161 0.22095
vn 0.97186 -0.19507 0.13202
vn 0.82625 -0.51908 0.21876
vn 0.68982 -0.64068 0.33716
vn 0.04339 -0.87419 0.48363
vn -0.69494 -0.54888 0.46454
vn -0.64519 -0.15141 0.74887
vn -0.91853 -0.11905 0.37701
vn -0.80682 0.01066 0.59070
vn 0.76645 -0.46198 0.44623
vn 0.03456 -0.61253 0.78969
vn -0.59028 -0.22710 0.77459
vn -0.79001 -0.00867 0.61303
vn -0.95333 0.03501 0.29990
vn -0.93183 -0.20958 0.29627
vn -0.57455 -0.78474 0.23255
vn 0.17768 -0.95113 0.25254
vn -0.83513 0.54668 0.06075
vn -0.83503 0.53487 -0.12897
vn -0.98912 -0.02538 -0.14488
vn -0.79268 0.56312 0.23358
vn -0.99097 -0.08429 0.10432
vn -0.99328 -0.11575 0.00240
vn -0.97543 -0.08798 0.20196
vn -0.98145 0.14631 -0.12390
vn -0.65346 -0.50326 0.56544
vn -0.11250 -0.77040 0.62756
vn -0.84838 -0.44619 0.28488
vn 0.32325 0.06291 0.94422
vn 0.71446 -0.03932 0.69857
vn 0.34171 -0.07097 0.93712
vn 0.31591 -0.12228 0.94088
vn 0.91762 -0.04250 0.39517
vn 0.67221 0.02144 0.74005
vn 0.28251 -0.03389 0.95867
vn 0.29899 0.21993 0.92857
vn 0.69055 0.50079 0.52186
vn 0.98467 0.13325 -0.11251
vn 0.99952 0.03066 0.00431
vn 0.98918 -0.03515 0.14244
vn 0.88400 -0.15657 0.44048
vn 0.57029 -0.27727 0.77323
vn 0.27297 -0.00461 0.96201
vn 0.06955 -0.67714 0.73256
vn -0.04242 -0.06371 0.99707
vn -0.45081 -0.33018 0.82931
vn -0.17291 0.02255 0.98468
vn -0.70695 -0.10773 0.69901
vn -0.13307 0.07236 0.98846
vn -0.78711 0.09833 0.60892
vn -0.34282 -0.01418 0.93929
vn 0.96581 -0.25795 0.02577
vn 0.71525 -0.68906 0.11666
vn -0.83586 0.54136 0.09091
vn -0.98660 0.01385 0.16257
vn -0.99317 -0.00530 0.11658
vn 0.75508 0.64029 -0.14100
vn 0.97233 0.22036 -0.07761
vn -0.06875 0.86798 0.49181
vn -0.02347 0.99840 -0.05149
vn -0.72989 0.24852 0.63679
vn -0.87275 -0.07207 0.48282
vn -0.98620 0.13157 0.10046
vn -0.83626 0.06038 0.54500
vn 0.02459 -0.97102 0.23775
vn -0.69996 -0.66866 0.25091
vn -0.98773 -0.15270 0.03286
vn -0.99113 0.12648 0.04082
vn -0.51244 -0.04770 0.85740
vn -0.50743 -0.03563 0.86096
vn -0.19333 0.21539 0.95720
vn 0.01819 0.42697 0.90408
vn -0.00000 -0.00000 -1.00000
vn -0.00000 -0.00000 -1.00000
vn -0.00000 -0.00000 -1.00000
vn -0.00000 -0.00000 -1.00000
vn -0.00000 -0.00000 -1.00000
vn -0.28540 -0.82705 0.48428
vn -0.28586 -0.45067 0.84569
vn -0.33303 -0.77975 0.53018
vn 0.04898 -0.67195 0.73898
vn -0.19877 -0.05791 0.97833
vn 0.52125 0.00679 0.85338
vn -0.15799 0.46617 0.87047
vn 0.16730 0.75942 0.62872
vn -0.33715 0.88127 0.33120
vn -0.24189 0.93147 0.27175
vn 0.63936 0.61492 0.46162
vn 0.81412 -0.14977 0.56105
vn 0.51384 -0.71068 0.48052
vn 0.50588 -0.80025 0.32200
vn 0.67202 -0.72591 -0.14644
vn -0.24523 0.96778 -0.05722
vn -0.83794 0.54277 -0.05707
vn 0.00496 0.99371 -0.11185
vn 0.02214 0.99975 -0.00240
vn -0.83556 0.54919 0.01511
vn -0.98975 -0.13941 -0.03096
vn -0.98800 -0.12016 0.09703
vn -0.73415 -0.66979 -0.11139
vn -0.74113 -0.65198 0.16016
vn 0.05749 -0.98905 -0.13594
vn 0.06004 -0.97844 0.19761
vn 0.79725 -0.58691 -0.14119
vn 0.83675 -0.54206 0.07761
vn 0.98785 -0.05923 -0.14365
vn 0.99903 -0.04380 0.00353
vn 0.77468 0.60432 -0.18620
vn 0.78929 0.61383 -0.01540
vn 0.67277 0.73788 0.05391
vn -0.12128 0.99216 0.03031
vn -0.91550 0.38236 0.12513
vn -0.96170 -0.16396 0.21964
vn -0.63196 -0.71206 0.30593
vn 0.27501 -0.89768 0.34430
vn 0.88362 -0.41886 0.20925
vn 0.99319 0.02189 0.11443
vn -0.44842 0.77098 -0.45224
vn -0.00904 0.99994 -0.00683
vn 0.08274 0.99566 -0.04263
vn 0.53284 0.77369 0.34277
vn 0.45411 0.79836 0.39548
vn 0.74824 0.38896 0.53744
vn 0.66368 0.38808 0.63947
vn 0.82507 -0.04866 0.56293
vn 0.75765 -0.01367 0.65252
vn 0.80333 -0.36957 0.46698
vn 0.73465 -0.33485 0.59005
vn 0.64788 -0.71274 0.26879
vn 0.67236 -0.68517 0.28015
vn 0.30272 -0.94896 -0.08855
vn 0.39397 -0.91685 0.06466
vn -0.09400 -0.96071 -0.26116
vn 0.14574 -0.98259 0.11520
vn -0.24595 -0.96341 -0.10655
vn -0.27483 -0.95970 -0.05868
vn -0.44260 -0.86932 -0.21995
vn 0.61267 -0.65842 0.43717
vn 0.81481 -0.39379 0.42546
vn 0.74456 -0.18517 0.64135
vn 0.37404 -0.80218 0.46541
vn 0.57078 -0.42668 0.70154
vn 0.61272 0.24826 0.75029
vn 0.33212 0.79318 0.51045
vn 0.01317 0.99630 0.08493
vn -0.40938 0.79929 -0.43992
vn -0.65570 0.37967 -0.65262
vn -0.68791 0.35212 -0.63466
vn -0.71272 0.02037 -0.70116
vn -0.77553 0.17401 -0.60686
vn -0.73589 -0.28769 -0.61295
vn -0.67230 -0.23963 -0.70042
vn -0.64149 0.21082 -0.73760
vn 0.08373 0.23786 -0.96768
vn -0.01268 -0.22425 -0.97445
vn -0.45020 0.68244 -0.57584
vn -0.03232 0.98832 -0.14893
vn 0.00508 0.92450 0.38114
vn -0.07654 0.85840 0.50723
vn -0.08522 0.61121 0.78687
vn -0.24326 0.43562 0.86664
vn 0.01632 0.18489 0.98262
vn -0.10357 0.06858 0.99226
vn 0.07458 -0.26592 0.96111
vn -0.07574 -0.37426 0.92423
vn 0.07262 -0.63683 0.76758
vn -0.08165 -0.68692 0.72213
vn 0.02841 -0.90878 0.41631
vn 0.03593 -0.92621 0.37529
vn 0.16688 0.72087 0.67268
vn 0.07009 0.94884 0.30789
vn 0.04009 0.99736 -0.06052
vn 0.29944 0.95091 0.07809
vn 0.16228 0.97323 0.16276
vn 0.41417 0.80637 0.42217
vn 0.45740 0.27444 0.84586
vn 0.41496 -0.28860 0.86285
vn 0.35532 -0.63712 0.68398
vn 0.23552 -0.88482 0.40203
vn 0.10584 -0.90519 0.41161
vn -0.07056 0.99481 0.07331
vn -0.62501 0.61752 -0.47753
vn 0.62428 0.41677 0.66074
vn 0.43134 0.76784 0.47368
vn 0.39900 0.74608 0.53307
vn 0.59942 -0.65037 0.46660
vn 0.71209 -0.29436 0.63740
vn 0.60503 -0.72478 0.32960
vn 0.73507 0.02607 0.67749
vn 0.65636 0.35186 0.66737
vn 0.07061 -0.99017 0.12074
vn 0.08758 -0.98776 0.12909
vn 0.16582 -0.95879 -0.23071
vn 0.00067 -0.87196 -0.48959
vn 0.09961 -0.98320 -0.15296
vn 0.24297 -0.96542 0.09451
vn 0.59918 -0.73507 0.31728
vn 0.23389 -0.97033 -0.06130
vn -0.41314 -0.81385 -0.40861
vn -0.09485 -0.94378 -0.31668
vn -0.13141 -0.97589 -0.17429
vn -0.22912 -0.96171 -0.15041
vn -0.50481 -0.75082 -0.42594
vn 0.01422 -0.91825 -0.39574
vn 0.32520 -0.94301 -0.07049
vn 0.02210 -0.91539 -0.40195
vn 0.01947 -0.70047 -0.71341
vn -0.39652 -0.80087 -0.44875
vn -0.33685 -0.69596 -0.63417
vn -0.33774 -0.63119 -0.69823
vn -0.50361 -0.56881 -0.65026
vn -0.57713 -0.75057 -0.32182
vn -0.57659 -0.74539 -0.33457
vn -0.57348 -0.60935 -0.54755
vn 0.14729 -0.98824 -0.04096
vn 0.02878 -0.99263 0.11769
vn -0.16374 -0.93869 -0.30340
vn 0.12655 -0.98965 -0.06773
vn -0.28163 -0.89460 -0.34695
vn -0.34854 -0.89750 -0.27023
vn -0.52174 -0.64666 -0.55644
vn -0.63568 -0.58321 -0.50574
vn -0.44011 -0.66486 -0.60354
vn -0.29806 -0.94580 -0.12892
vn -0.29702 -0.95441 0.02960
vn 0.05818 -0.97795 0.20059
vn -0.07000 -0.96400 0.25653
vn 0.17113 -0.87434 0.45413
vn 0.56147 -0.39586 0.72667
vn 0.34863 -0.73752 0.57838
vn 0.36858 -0.80251 0.46918
vn -0.50181 0.83347 -0.23132
vn -0.03149 0.98279 0.18204
vn -0.44982 0.86044 -0.23937
vn -0.11337 0.98815 -0.10344
vn 0.22239 0.93138 0.28823
vn 0.49291 0.71218 0.49984
vn 0.68838 0.24235 0.68366
vn 0.73400 0.04274 0.67780
vn 0.76207 -0.20050 0.61567
vn 0.60762 -0.74613 0.27221
vn 0.44657 0.80806 0.38420
vn 0.29499 0.94216 0.15910
vn 0.09791 0.99235 -0.07518
vn 0.14403 -0.98532 0.09170
vn 0.66506 -0.68106 0.30635
vn 0.89379 -0.00850 0.44840
vn 0.60448 0.65073 0.45952
vn -0.02347 0.99905 -0.03676
vn -0.30574 0.86431 -0.39937
vn -0.48822 0.79747 -0.35452
vn -0.02099 0.99624 -0.08401
vn 0.67802 0.69391 0.24242
vn 0.87900 -0.00068 0.47682
vn 0.66479 -0.59222 0.45534
vn 0.07220 0.96703 -0.24422
vn -0.00287 0.94951 -0.31373
vn -0.23263 0.90638 -0.35264
vn 0.82424 0.13676 0.54948
vn 0.65415 0.72752 0.20692
vn 0.47232 0.85293 0.22234
vn -0.76998 -0.60621 -0.19909
vn -0.76587 0.60333 -0.22235
vn 0.07400 0.98918 -0.12670
vn -0.06259 -0.96795 -0.24323
vn 0.78955 -0.50803 -0.34426
vn 0.16559 -0.71216 -0.68221
vn 0.32000 0.54549 -0.77462
vn -0.60240 -0.10343 -0.79147
vn -0.46589 0.65110 -0.59917
vn 0.87371 0.43479 -0.21815
vn 0.84756 0.51988 -0.10664
vn 0.88639 -0.42295 -0.18819
vn -0.99391 -0.01467 -0.10919
vn -0.81901 -0.15775 0.55168
vn -0.85070 0.06428 0.52171
vn -0.83997 0.53219 0.10589
vn -0.74419 0.42888 -0.51210
vn -0.83590 -0.52069 0.17364
vn -0.56709 -0.59422 0.57035
vn -0.89556 -0.01657 -0.44464
vn -0.68032 0.24312 -0.69141
vn -0.78178 0.42520 0.45609
vn -0.56683 0.33641 -0.75202
vn -0.96157 -0.13470 -0.23924
vn -0.88614 -0.46009 -0.05543
vn -0.64448 -0.76277 -0.05317
vn -0.29030 -0.92646 0.23959
vn -0.09974 -0.94944 0.29768
vn -0.30821 -0.91784 0.25017
vn -0.38202 -0.84571 0.37261
vn -0.46939 -0.85795 0.20880
vn -0.89531 -0.44178 -0.05703
vn -0.46467 -0.87916 0.10562
vn -0.88437 -0.43224 -0.17625
vn -0.40566 -0.90823 0.10277
vn -0.88375 -0.40905 -0.22729
vn -0.36320 -0.93169 -0.00600
vn -0.87989 -0.38565 -0.27762
vn -0.31760 -0.94795 -0.02299
vn -0.88220 -0.40900 -0.23331
vn -0.39213 -0.91984 -0.01105
vn -0.90497 -0.34045 -0.25517
vn -0.30371 -0.77977 -0.54746
vn -0.57690 -0.16933 -0.79907
vn 0.03399 -0.88148 0.47101
vn 0.22161 -0.91510 0.33687
vn 0.16119 -0.95592 0.24544
vn 0.27031 -0.93318 0.23688
vn 0.32442 -0.91881 0.22480
vn 0.27020 -0.95246 0.14078
vn 0.14267 -0.97577 0.16588
vn 0.41416 -0.83351 -0.36569
vn 0.39603 0.18450 -0.89951
vn -0.06176 0.49753 -0.86524
vn 0.85237 -0.06481 -0.51891
vn -0.89056 0.02636 -0.45410
vn -0.77306 0.23612 -0.58875
vn -0.64286 0.46480 -0.60885
vn -0.74318 0.58758 -0.32004
vn -0.71454 0.64167 -0.27875
vn -0.52751 0.65650 -0.53920
vn 0.46208 0.78419 -0.41416
vn 0.95445 0.24727 -0.16699
vn -0.15920 0.64416 -0.74814
vn -0.02350 0.87923 -0.47582
vn 0.50662 0.32682 -0.79783
vn 0.74051 -0.65412 0.15414
vn 0.99342 0.09758 -0.05999
vn 0.54712 0.79463 -0.26312
vn 0.77898 -0.58969 0.21319
vn 0.79242 -0.59516 0.13365
vn 0.81840 -0.51322 0.25852
vn 0.82021 -0.49963 0.27862
vn 0.97431 0.14422 0.17295
vn 0.61673 0.78717 -0.00089
vn -0.02562 0.99160 -0.12681
vn 0.70202 0.71215 -0.00380
vn 0.15578 0.96975 -0.18794
vn 0.96698 0.20263 0.15455
vn -0.03475 0.39409 -0.91841
vn -0.17143 -0.82951 -0.53153
vn -0.83719 0.10385 -0.53696
vn 0.45139 -0.18803 -0.87229
vn -0.93026 0.36653 -0.01634
vn -0.97831 -0.20641 -0.01759
vn -0.98124 -0.08728 -0.17190
vn -0.93087 0.36431 0.02755
vn -0.98334 -0.05145 -0.17437
vn -0.91064 0.41298 -0.01327
vn -0.54854 0.82961 0.10420
vn -0.93337 0.34752 -0.08976
vn -0.98079 -0.05630 -0.18679
vn -0.43585 0.87939 0.19159
vn -0.38632 0.91232 0.13572
vn -0.29023 0.95179 -0.09934
vn 0.40270 0.91028 0.09604
vn -0.93541 0.33661 0.10818
vn -0.99117 -0.13099 0.02064
vn -0.45313 0.87276 0.18155
vn 0.46425 0.87949 0.10473
vn 0.51592 0.82212 0.24070
vn 0.49771 0.86735 -0.00005
vn 0.55860 0.82392 -0.09551
vn 0.78420 0.59451 -0.17771
vn 0.57314 0.81724 0.06022
vn 0.64780 0.75659 0.08900
vn 0.71357 -0.67068 -0.20250
vn 0.98675 -0.14623 -0.07033
vn 0.97257 -0.23066 -0.03013
vn 0.02595 -0.96121 -0.27459
vn 0.65833 -0.73607 -0.15746
vn 0.94297 -0.32943 0.04786
vn 0.97205 0.22769 -0.05730
vn 0.95836 0.28550 -0.00584
vn 0.96445 0.26239 0.03141
vn 0.97155 -0.17660 -0.15783
vn 0.67980 -0.70618 -0.19797
vn 0.00046 -0.93100 -0.36502
vn -0.64428 -0.74011 -0.19273
vn -0.61735 -0.77918 -0.10843
vn -0.66334 -0.70423 -0.25306
vn -0.51944 -0.80286 -0.29255
vn -0.00568 -0.97044 -0.24129
vn -0.71396 -0.68098 -0.16285
vn -0.65582 -0.67298 -0.34205
vn 0.05484 -0.97308 -0.22385
vn 0.71382 -0.66680 -0.21409
vn 0.72465 -0.09447 -0.68262
vn 0.73965 0.32193 -0.59099
vn 0.99096 -0.12194 0.05589
vn 0.06859 -0.96295 -0.26082
vn 0.43972 -0.75384 -0.48822
vn 0.74655 -0.10558 -0.65689
vn 0.75374 -0.65647 0.03028
vn 0.41148 -0.81242 -0.41310
vn 0.14972 -0.98643 -0.06739
vn 0.16494 -0.98522 -0.04622
vn 0.00276 -0.99586 -0.09086
vn -0.00009 -0.99327 -0.11578
vn 0.00561 -0.99781 -0.06588
vn 0.83628 0.54279 -0.07755
vn 0.00000 0.99276 -0.12012
vn 0.13381 0.97589 -0.17243
vn 0.94539 0.31863 -0.06861
vn 0.98764 -0.15608 -0.01412
vn 0.98400 -0.16970 -0.05425
vn 0.74881 -0.66119 -0.04585
vn 0.60959 -0.76711 -0.19987
vn -0.08130 -0.98870 -0.12598
vn -0.17617 -0.94085 -0.28941
vn -0.77703 -0.60048 -0.18880
vn -0.86601 -0.44775 -0.22257
vn -0.98807 -0.03761 -0.14936
vn -0.98472 -0.00285 -0.17410
vn -0.78886 0.59236 -0.16376
vn -0.64345 0.72968 -0.23138
vn -0.68867 0.71501 -0.12040
vn 0.11212 0.97293 -0.20210
vn -0.99352 -0.10802 -0.03549
vn -0.85688 -0.50163 -0.11886
vn -0.06902 -0.95295 -0.29516
vn 0.67147 -0.68765 -0.27617
vn 0.97909 -0.10656 -0.17331
vn 0.88463 0.41477 -0.21308
vn -0.00010 0.11650 -0.99319
vn 0.00424 0.12936 -0.99159
vn 0.00878 0.13939 -0.99020
vn -0.00026 0.10748 -0.99421
vn -0.00223 0.05187 -0.99865
vn -0.00434 0.05588 -0.99843
vn -0.00001 -0.07101 -0.99748
vn 0.00036 -0.14087 -0.99003
vn 0.00131 -0.26977 -0.96292
vn 0.00198 -0.29845 -0.95442
vn 0.00285 -0.38575 -0.92260
vn -0.00000 -0.00000 -1.00000
vn -0.00000 -0.00000 -1.00000
vn -0.00000 -0.00000 -1.00000
vn -0.00000 -0.00000 -1.00000
vn -0.00000 -0.00000 -1.00000
vn 0.97762 -0.08140 0.19397
vn 0.66991 0.74034 0.05584
vn 0.81782 0.57356 0.04684
vn 0.98233 -0.15334 0.10727
vn 0.82166 -0.49950 0.27454
vn 0.76898 -0.62040 0.15416
vn 0.10453 -0.92751 0.35888
vn -0.10650 -0.97420 0.19899
vn -0.74508 -0.61597 0.25581
vn -0.81856 -0.56892 0.07931
vn -0.98680 -0.09436 0.13164
vn -0.99940 -0.03452 0.00165
vn -0.89187 0.44555 0.07780
vn -0.79799 0.60126 -0.04127
vn -0.15405 0.98756 0.03150
vn -0.00722 0.99991 -0.01126
vn -0.15293 0.98417 -0.08960
vn -0.62348 0.12627 -0.77157
vn 0.69948 0.66982 -0.24912
vn 0.84496 0.51869 -0.13036
vn 0.85976 -0.45081 -0.23995
vn 0.80531 -0.58571 -0.09171
vn 0.84771 0.52842 0.04641
vn 0.82331 -0.56748 0.01167
vn -0.12391 0.99227 -0.00659
vn -0.83884 -0.52038 0.15988
vn -0.79224 -0.53861 0.28681
vn -0.96803 0.14628 0.20375
vn -0.96753 0.16751 0.18926
vn -0.83397 -0.50166 0.22984
vn -0.99384 0.06862 -0.08707
vn -0.74864 -0.63917 0.17606
vn -0.78086 -0.61110 -0.12969
vn -0.55015 -0.78842 0.27518
vn -0.49959 -0.81387 0.29669
vn -0.07142 -0.89626 0.43774
vn -0.12540 -0.93811 0.32285
vn -0.22301 -0.94314 0.24646
vn -0.19572 -0.95111 0.23891
vn -0.32283 -0.93210 0.16423
vn 0.71014 0.25282 -0.65710
vn 0.60388 0.33270 -0.72432
vn 0.92785 -0.00478 -0.37293
vn 0.00738 0.54498 -0.83842
vn 0.17618 0.01168 -0.98429
vn -0.63736 0.10306 -0.76364
vn -0.06518 -0.76374 -0.64222
vn -0.61351 0.72068 -0.32283
vn -0.61529 0.78746 0.03632
vn -0.00057 0.89352 -0.44903
vn 0.91472 -0.39312 -0.09347
vn 0.96777 -0.02536 -0.25057
vn 0.81834 -0.57430 0.02250
vn -0.27433 -0.94577 0.17399
vn -0.21095 -0.95971 0.18560
vn -0.68131 -0.70596 -0.19350
vn -0.97806 0.17277 -0.11639
vn -0.58945 0.80721 -0.03089
vn 0.02716 0.98516 -0.16948
vn 0.69223 0.48983 -0.52999
vn 0.89728 -0.39048 -0.20596
vn 0.90321 -0.35071 -0.24743
vn 0.73031 0.60801 -0.31141
vn -0.00808 0.98645 -0.16389
vn -0.36221 0.80881 -0.46329
vn -0.66841 0.09308 -0.73795
vn 0.64155 0.69883 -0.31631
vn -0.32424 0.41118 -0.85194
vn 0.51380 0.61208 -0.60114
vn 0.84756 -0.44298 -0.29227
vn 0.92715 -0.32912 -0.17908
vn 0.88728 -0.34893 -0.30164
vn 0.29775 0.26385 -0.91746
vn 0.74828 -0.42946 -0.50561
vn -0.91426 -0.39659 -0.08268
vn -0.74603 -0.62738 -0.22323
vn -0.04749 -0.99782 -0.04593
vn -0.95940 0.26078 -0.10747
vn -0.90113 0.34059 -0.26827
vn -0.02042 -0.99945 -0.02625
vn -0.84890 -0.52481 0.06281
vn -0.96635 0.25693 0.01227
vn -0.90879 0.40090 -0.11570
vn -0.74643 0.57878 -0.32841
vn -0.94423 0.32856 -0.02184
vn -0.71977 0.56139 -0.40838
vn -0.34289 0.91220 -0.22432
vn -0.25151 0.90821 -0.33450
vn -0.91455 0.35520 -0.19348
vn -0.61933 0.48131 -0.62030
vn -0.83708 0.49465 -0.23371
vn -0.73897 0.55075 -0.38806
vn -0.88387 0.43553 -0.17056
vn -0.93582 0.35228 -0.01168
vn -0.94209 0.32313 0.08972
vn -0.94124 0.33052 0.06941
vn -0.98430 0.06034 0.16585
vn -0.80793 -0.58327 0.08389
vn -0.86941 0.49108 0.05451
vn -0.90718 0.41495 -0.06952
vn -0.89156 0.43917 0.11069
vn -0.85454 0.51933 0.00796
vn -0.48859 0.87246 0.00952
vn -0.35045 0.92910 -0.11812
vn 0.93906 -0.34374 0.00394
vn 0.95991 -0.20811 -0.18778
vn 0.93900 -0.30775 -0.15355
vn 0.94094 -0.33700 -0.03250
vn 0.84437 -0.47149 -0.25445
vn 0.79597 -0.60289 -0.05431
vn 0.28182 0.93897 -0.19725
vn 0.21393 0.96464 -0.15398
vn 0.90020 0.40919 -0.14902
vn 0.97587 0.21646 0.02869
vn 0.97350 -0.22750 0.02340
vn 0.94604 -0.29065 0.14325
vn 0.50096 0.84271 -0.19717
vn 0.90652 -0.38253 0.17860
vn 0.89675 -0.40792 0.17158
vn 0.76388 -0.64316 0.05323
vn -0.96113 0.27387 0.03506
vn -0.49234 0.85191 0.17849
vn -0.49834 0.85981 0.11125
vn -0.97265 0.23100 -0.02449
vn -0.97979 -0.19688 -0.03536
vn -0.97196 -0.18391 -0.14650
vn -0.69829 -0.65792 -0.28203
vn -0.09387 -0.95035 -0.29669
vn -0.68906 -0.72362 -0.03959
vn -0.98309 -0.17942 0.03664
vn -0.94732 0.31857 0.03314
vn -0.45044 0.86693 0.21338
vn 0.43994 0.86101 0.25517
vn 0.47063 0.86950 0.14992
vn 0.48024 0.82267 0.30429
vn -0.47532 0.86438 0.16406
vn -0.74301 0.52188 -0.41902
vn -0.76307 -0.05147 -0.64426
vn -0.53295 -0.78428 -0.31761
vn -0.21508 -0.95140 -0.22040
vn 0.60248 -0.76000 -0.24376
vn -0.71658 -0.03320 -0.69671
vn -0.54237 0.73785 -0.40175
vn -0.63565 -0.42018 -0.64760
vn 0.38946 0.92044 -0.03330
vn 0.92653 0.37555 0.02268
vn -0.40886 0.90977 -0.07177
vn -0.52033 0.85352 0.02765
vn -0.89304 0.44673 0.05390
vn -0.98252 -0.18617 -0.00159
vn -0.48188 -0.87557 -0.03403
vn -0.28266 -0.95833 -0.04128
vn 0.01669 -0.99906 -0.04001
vn 0.64421 -0.76279 -0.05606
vn 0.97069 -0.21078 -0.11551
vn 0.03098 -0.86775 -0.49603
vn -0.34597 -0.34519 -0.87244
vn 0.22764 -0.46422 -0.85597
vn -0.63974 -0.61106 -0.46620
vn -0.52801 -0.08958 -0.84450
vn -0.07754 -0.99698 -0.00516
vn 0.62855 -0.77407 0.07577
vn 0.68491 -0.62032 -0.38224
vn 0.51796 -0.42210 -0.74401
vn 0.89545 -0.18107 -0.40666
vn 0.53588 -0.04144 -0.84328
vn 0.97761 -0.19126 0.08774
vn 0.98719 -0.15345 0.04368
vn 0.66760 -0.72676 -0.16168
vn -0.05515 -0.96448 -0.25835
vn -0.73103 -0.68097 -0.04333
vn -0.88343 -0.12460 -0.45169
vn -0.51080 0.47004 -0.71983
vn -0.75857 0.53075 -0.37799
vn -0.13616 0.81869 -0.55785
vn 0.97502 -0.08613 -0.20475
vn 0.66171 -0.62729 -0.41067
vn 0.98218 -0.15610 -0.10463
vn 0.96400 -0.22496 -0.14178
vn 0.66321 -0.73117 -0.15981
vn 0.59857 -0.77627 -0.19779
vn -0.00421 -0.91902 -0.39420
vn -0.71541 -0.67446 -0.18245
vn -0.97478 -0.22306 -0.00730
vn -0.96899 0.21733 0.11761
vn -0.47258 0.87408 -0.11250
vn 0.30051 0.93032 -0.21022
vn 0.50664 0.48868 -0.71029
vn 0.88878 0.33646 -0.31123
vn -0.05010 -0.98066 -0.18920
vn -0.66213 -0.70494 -0.25423
vn -0.98081 -0.18152 -0.07117
vn 0.95154 0.24280 0.18871
vn 0.94025 0.32721 0.09411
vn 0.89670 0.41116 -0.16394
vn 0.98443 0.17485 0.01780
vn 0.92512 0.37954 -0.00976
vn 0.56679 0.82170 -0.05965
vn 0.34714 0.93296 0.09531
vn -0.49495 0.86379 0.09435
vn -0.63298 -0.47750 0.60937
vn -0.97021 -0.23591 0.05503
vn -0.70283 -0.69840 0.13519
vn -0.03510 -0.95812 0.28421
vn 0.00934 -0.50278 0.86436
vn 0.56904 -0.43579 0.69734
vn 0.70472 -0.64667 0.29187
vn 0.96559 -0.24555 0.08573
vn 0.73238 -0.07731 0.67650
vn 0.98942 0.13373 0.05617
vn 0.79692 0.10016 0.59573
vn 0.13361 0.05647 0.98942
vn 0.22503 -0.03653 0.97367
vn -0.08935 -0.05172 0.99466
vn -0.29096 0.04978 0.95544
vn -0.64479 -0.02806 0.76385
vn -0.84500 -0.07326 0.52972
vn -0.99280 -0.02459 0.11724
vn -0.74305 -0.07275 0.66527
vn -0.99353 0.04781 -0.10302
vn -0.90824 0.04664 0.41584
vn -0.98732 0.13015 -0.09089
vn -0.77590 0.51654 0.36217
vn -0.97089 0.19779 -0.13511
vn -0.74939 0.63557 -0.18564
vn 0.03138 0.99767 -0.06055
vn -0.26266 0.08500 0.96114
vn -0.31686 -0.06296 0.94638
vn 0.73427 0.40573 0.54427
vn 0.99289 -0.03074 0.11501
vn 0.98914 0.00795 0.14677
vn 0.83498 0.54366 0.08508
vn -0.01047 0.76139 0.64821
vn -0.32447 -0.12012 0.93824
vn -0.32132 -0.02727 0.94658
vn -0.24548 0.28969 0.92510
vn 0.07414 0.28825 0.95468
vn 0.34550 0.07616 0.93533
vn 0.79506 -0.02876 0.60584
vn 0.84067 0.04772 0.53944
vn 0.98302 0.12293 0.13623
vn 0.31060 0.03487 0.94990
vn 0.61329 -0.07384 0.78640
vn 0.53579 -0.03195 0.84375
vn -0.63631 -0.77107 -0.02361
vn -0.96555 -0.25073 0.06967
vn -0.86760 -0.20629 -0.45246
vn -0.60007 -0.67759 -0.42519
vn -0.57959 -0.13890 -0.80298
vn -0.41643 -0.51662 -0.74812
vn 0.05872 -0.93986 -0.33647
vn 0.06548 -0.68848 -0.72230
vn 0.66742 -0.59143 -0.45250
vn 0.43764 -0.33241 -0.83545
vn 0.77811 -0.15920 -0.60762
vn 0.50138 0.06859 -0.86251
vn 0.73693 -0.67525 0.03134
vn 0.05885 -0.99808 0.01931
vn 0.98151 -0.19108 0.01148
vn 0.93131 0.33397 0.14535
vn 0.46174 0.85202 0.24671
vn -0.93174 0.29233 0.21543
vn -0.46780 0.85102 0.23858
vn -0.50894 0.85692 -0.08168
vn 0.30125 0.93356 -0.19421
vn 0.88571 0.34210 -0.31382
vn -0.89162 0.42388 -0.15917
vn -0.15508 0.85348 -0.49751
vn 0.44204 0.55082 -0.70795
vn -0.64803 0.39124 -0.65344
vn -0.98145 -0.01380 0.19124
vn -0.96264 0.08023 0.25864
vn -0.92997 -0.05373 0.36369
vn -0.78045 0.62021 0.07892
vn -0.86360 0.48695 0.13068
vn 0.03056 0.98984 0.13889
vn 0.09096 0.99516 -0.03719
vn -0.65715 0.70720 0.26082
vn -0.01963 0.94510 0.32621
vn -0.99320 -0.00101 0.11645
vn -0.90388 -0.30302 0.30197
vn -0.93970 -0.11765 0.32113
vn -0.92557 0.00868 0.37847
vn -0.95988 -0.03538 0.27817
vn -0.96643 -0.08958 0.24082
vn -0.96469 -0.22384 0.13878
vn -0.77936 -0.49397 0.38548
vn -0.73319 -0.37137 0.56967
vn -0.19309 -0.71182 0.67530
vn 0.05635 -0.06430 0.99634
vn 0.36549 0.02079 0.93058
vn 0.47354 -0.18996 0.86004
vn 0.09642 -0.38164 0.91927
vn 0.65901 -0.41285 0.62870
vn 0.08317 -0.63991 0.76393
vn -0.52645 -0.24484 0.81419
vn -0.27149 -0.07454 0.95955
vn -0.83996 -0.03722 0.54137
vn 0.98479 -0.13631 0.10771
vn 0.70688 -0.57484 0.41217
vn 0.97293 -0.18191 0.14253
vn -0.57033 -0.19665 0.79753
vn -0.13748 -0.34347 0.92905
vn 0.45402 -0.21464 0.86475
vn 0.79737 -0.02933 0.60278
vn 0.90366 0.00649 0.42821
vn -0.05382 -0.86678 0.49577
vn 0.72431 -0.56948 0.38868
vn 0.92578 -0.13788 0.35203
vn 0.82046 0.52423 0.22811
vn -0.64118 -0.73209 0.23008
vn 0.10491 -0.96476 0.24132
vn 0.80200 -0.52205 0.29026
vn 0.90435 -0.20434 0.37470
vn 0.91946 0.04785 0.39026
vn 0.99973 0.02299 0.00337
vn 0.99868 -0.02953 -0.04191
vn 0.84157 0.53786 0.04970
vn 0.82961 0.54820 -0.10594
vn 0.98674 -0.00314 -0.16229
vn -0.89916 -0.43294 0.06391
vn -0.84645 -0.51530 -0.13413
vn -0.10113 -0.99424 -0.03542
vn -0.87017 0.48857 -0.06406
vn -0.91474 0.39255 -0.09571
vn -0.07886 -0.99134 -0.10501
vn -0.89865 -0.42989 -0.08736
vn -0.85869 0.50624 -0.07987
vn -0.94336 0.27546 0.18491
vn -0.70386 -0.69924 0.12510
vn 0.13946 -0.98793 -0.06735
vn 0.51530 -0.01061 -0.85694
vn 0.64497 -0.09901 -0.75777
vn -0.48817 0.10389 -0.86654
vn 0.74489 -0.14718 -0.65075
vn 0.65756 -0.11869 -0.74399
vn 0.69794 -0.13799 -0.70274
vn 0.55656 -0.69030 -0.46229
vn 0.55714 -0.76687 -0.31859
vn 0.44886 -0.76651 -0.45933
vn 0.59611 -0.24614 -0.76424
vn 0.61734 -0.05958 -0.78444
vn 0.46395 0.10973 -0.87904
vn 0.65395 0.10443 -0.74929
vn 0.69271 0.27528 -0.66661
vn 0.77757 0.23486 -0.58329
vn 0.87532 0.06334 -0.47938
vn 0.78024 0.00170 -0.62548
vn 0.58213 0.68062 -0.44484
vn 0.44779 0.76563 -0.46183
vn 0.41622 0.88467 -0.21006
vn 0.67761 0.61196 -0.40786
vn 0.86511 0.49396 -0.08711
vn 0.99868 -0.00371 -0.05132
vn 0.73829 -0.61706 -0.27233
vn 0.71680 -0.11556 -0.68764
vn 0.73559 0.45182 -0.50475
vn -0.13938 0.99017 -0.01171
vn -0.29097 0.95486 0.05977
vn -0.27269 0.94829 0.16242
vn -0.25585 0.94257 0.21473
vn -0.04844 0.98883 0.14096
vn 0.27262 0.95549 0.11275
vn 0.55551 0.70475 0.44129
vn 0.81750 0.13870 0.55898
vn 0.88795 -0.00545 0.45991
vn 0.44230 -0.89650 0.02568
vn -0.00282 -0.67097 -0.74148
vn 0.29182 -0.95323 -0.07867
vn 0.32376 -0.94590 0.02123
vn 0.40688 -0.90875 0.09280
vn 0.45149 -0.88628 0.10325
vn 0.49240 -0.84004 0.22775
vn 0.73151 -0.60943 0.30575
vn 0.30512 -0.93844 0.16196
vn 0.49709 -0.80059 0.33459
vn 0.47659 -0.80825 0.34581
vn 0.74799 -0.38344 0.54174
vn 0.68337 -0.66274 0.30625
vn 0.42351 -0.66191 0.61848
vn 0.10611 -0.95645 0.27192
vn 0.15105 -0.92041 0.36060
vn 0.13230 0.69076 0.71088
vn -0.20854 0.68248 0.70052
vn 0.18417 0.10659 0.97710
vn -0.42091 -0.02158 0.90685
vn 0.28306 -0.27992 0.91734
vn -0.20033 -0.63997 0.74182
vn -0.43364 -0.77464 0.46032
vn -0.62087 -0.69302 0.36638
vn -0.42310 -0.90445 0.05441
vn -0.66751 -0.45560 0.58895
vn -0.83344 -0.16823 0.52638
vn -0.75051 0.43254 0.49964
vn -0.60151 0.69726 0.38989
vn -0.66105 0.64739 0.37934
vn -0.81752 0.40688 0.40757
vn -0.77537 0.33938 0.53256
vn -0.86560 0.13622 0.48184
vn -0.77380 0.03443 0.63250
vn -0.69252 0.66321 0.28383
vn -0.81047 0.54319 0.21929
vn -0.91795 0.31925 0.23548
vn -0.96699 0.12324 0.22302
vn -0.95493 -0.05914 0.29087
vn -0.83456 -0.13780 0.53340
vn -0.99542 0.08746 -0.03854
vn -0.97746 0.14511 -0.15337
vn -0.40588 -0.87006 0.27975
vn -0.72447 -0.63825 0.26035
vn -0.88026 -0.42247 0.21601
vn -0.98873 0.13204 0.07057
vn -0.96414 0.26282 0.03684
vn -0.91462 0.40352 0.02549
vn -0.82490 0.54728 0.14152
vn -0.73366 0.61485 0.28931
vn 0.03863 -0.99550 -0.08654
vn -0.01868 -0.99651 -0.08132
vn -0.10427 -0.99301 0.05539
vn 0.00011 -0.99840 -0.05654
vn -0.00254 -0.99585 -0.09101
vn 0.00009 -0.99786 -0.06534
vn -0.00517 -0.99316 -0.11663
vn -0.06505 -0.99736 0.03220
vn -0.13126 -0.44231 -0.88721
vn -0.16929 -0.98527 0.02419
vn 0.04861 -0.99828 0.03290
vn 0.10156 -0.45705 -0.88363
vn 0.18691 -0.98237 0.00337
vn -0.00559 -0.50670 -0.86210
vn 0.03710 -0.42032 -0.90662
vn 0.03709 -0.42032 -0.90662
vn -0.02719 -0.54828 -0.83585
vn -0.09077 -0.66224 -0.74377
vn -0.90488 -0.12144 0.40798
vn -0.90488 -0.12144 0.40798
vn -0.90488 -0.12144 0.40798
vn -0.97109 0.20320 0.12525
vn 0.05679 0.70706 -0.70487
vn -0.53852 0.68343 -0.49287
vn -0.80835 -0.25339 0.53138
vn -0.05029 -0.68639 0.72549
vn 0.54504 -0.66278 0.51347
vn 0.97761 -0.18255 -0.10466
vn 0.81486 0.27407 -0.51077
vn 0.25736 -0.72204 0.64220
vn 0.25736 -0.72204 0.64220
vn 0.25735 -0.72204 0.64220
vn 0.24438 0.60955 0.75413
vn 0.24438 0.60955 0.75414
vn 0.24438 0.60956 0.75413
vn 0.93977 0.04183 -0.33923
vn 0.93977 0.04183 -0.33923
vn 0.93977 0.04183 -0.33923
vn -0.18927 -0.76418 -0.61661
vn -0.18927 -0.76418 -0.61661
vn -0.18927 -0.76418 -0.61661
vn 0.21807 0.69084 0.68934
vn 0.21808 0.69082 0.68935
vn 0.21807 0.69085 0.68932
vn 0.82159 -0.38483 0.42058
vn 0.70891 -0.26863 0.65214
vn 0.75263 -0.38659 0.53301
vn 0.94451 -0.04792 0.32498
vn 0.72237 0.04232 0.69021
vn 0.96352 0.26764 -0.00207
vn 0.72638 0.36064 0.58507
vn 0.66080 0.02253 0.75022
vn 0.59068 -0.23564 0.77173
vn -0.05629 0.30929 0.94930
vn -0.05855 0.33549 0.94022
vn -0.05398 0.28286 0.95764
vn 0.06485 0.36502 0.92874
vn 0.05751 0.33667 0.93986
vn 0.07213 0.39300 0.91671
vn 0.35639 -0.75828 -0.54590
vn 0.19882 -0.90057 -0.38657
vn 0.14816 -0.82009 -0.55272
vn -0.02522 -0.92859 -0.37026
vn -0.01500 -0.98376 -0.17884
vn -0.18268 -0.86463 -0.46802
vn -0.15569 -0.88019 -0.44836
vn -0.35988 -0.83727 -0.41167
vn -0.35184 -0.76611 -0.53784
vn -0.60352 -0.71505 -0.35280
vn -0.60412 -0.60081 -0.52351
vn -0.84977 -0.45405 -0.26783
vn -0.76120 -0.48221 -0.43365
vn -0.89065 -0.38729 -0.23823
vn -0.85350 -0.42787 -0.29742
vn -0.95682 -0.27477 0.09483
vn -0.92976 -0.35713 -0.08947
vn -0.96840 -0.24811 -0.02514
vn -0.93828 0.09183 0.33347
vn -0.54069 0.24942 0.80339
vn 0.50357 0.18670 0.84354
vn -0.06876 -0.91844 0.38954
vn 0.58872 -0.58371 0.55918
vn 0.31022 -0.89664 -0.31592
vn 0.28548 -0.56591 -0.77346
vn 0.90540 -0.08497 -0.41597
vn 0.72325 0.61947 -0.30524
vn 0.82638 0.37113 0.42349
vn -0.98834 0.01707 -0.15133
vn -0.97829 -0.11389 -0.17314
vn -0.99452 0.07935 -0.06800
vn -0.99552 0.08862 0.03301
vn -0.92221 0.38646 -0.01329
vn -0.93875 0.34081 -0.05102
vn -0.85961 0.50905 -0.04390
vn -0.84427 0.52948 -0.08284
vn -0.73176 -0.53819 0.41819
vn -0.75719 -0.59578 -0.26778
vn -0.41958 -0.65767 -0.62564
vn -0.33656 -0.88749 0.31479
vn 0.35864 -0.71211 -0.60354
vn 0.38477 -0.83273 0.39813
vn 0.75062 -0.51443 -0.41465
vn 0.73845 -0.56077 0.37447
vn 0.87164 -0.32428 -0.36754
vn 0.95014 0.01197 0.31159
vn 0.90310 -0.42886 0.02207
vn 0.70074 -0.64654 0.30158
vn 0.47667 -0.84880 0.22875
vn 0.31582 -0.94775 0.04506
vn 0.47978 -0.87063 -0.10874
vn 0.81343 -0.58152 -0.01263
vn 0.77152 -0.54829 -0.32268
vn 0.84794 -0.37441 -0.37525
vn 0.56976 -0.08835 -0.81705
vn 0.56398 -0.32103 -0.76083
vn 0.90135 -0.43303 -0.00761
vn 0.67992 -0.73299 -0.02063
vn 0.20393 -0.97846 0.03214
vn 0.38832 -0.89087 0.23570
vn 0.75245 -0.58406 0.30446
vn -0.22089 -0.57465 -0.78803
vn 0.93248 -0.02834 -0.36010
vn 0.53313 -0.70016 -0.47493
vn 0.85725 -0.32691 0.39782
vn 0.49509 -0.19139 0.84750
vn -0.21916 -0.86132 0.45836
vn -0.52100 -0.57942 0.62677
vn -0.83193 -0.55391 -0.03277
vn -0.42561 -0.84408 -0.32618
vn -0.49666 -0.86765 0.02260
vn -0.31985 -0.89530 0.31005
vn -0.50463 -0.79145 0.34490
vn -0.17990 -0.98236 0.05098
vn -0.25754 -0.96520 0.04541
vn -0.70999 -0.70284 0.04390
vn -0.81872 -0.56301 -0.11280
vn -0.83539 -0.54515 -0.07029
vn -0.47798 -0.87277 -0.09906
vn -0.43016 -0.87999 0.20146
vn -0.83790 -0.46041 0.29316
vn -0.40333 -0.85368 0.32949
vn -0.25004 -0.90570 0.34232
vn -0.49940 -0.86518 0.04537
vn -0.69498 -0.66878 0.26407
vn -0.79615 -0.55861 0.23259
vn -0.68774 -0.71329 -0.13505
vn -0.80000 -0.53988 0.26180
vn -0.25691 -0.94717 0.19201
vn -0.16483 -0.93800 0.30493
vn -0.40613 -0.75663 0.51241
vn -0.68844 -0.71110 0.14277
vn -0.35815 -0.72874 0.58367
vn -0.34499 -0.78291 -0.51772
vn -0.29633 -0.73917 -0.60482
vn -0.52044 -0.82378 -0.22478
vn -0.02579 -0.79324 -0.60837
vn -0.14387 -0.98757 0.06335
vn 0.19706 -0.97100 -0.13535
vn -0.02177 -0.89967 -0.43603
vn -0.44161 -0.89341 0.08246
vn -0.59891 -0.73899 -0.30856
vn -0.78483 -0.58478 0.20510
vn 0.03565 -0.81726 0.57517
vn 0.03317 -0.77455 0.63164
vn -0.16801 -0.87829 0.44764
vn 0.06529 -0.87523 -0.47928
vn -0.05492 -0.70704 -0.70504
vn -0.12401 -0.99101 0.05018
vn -0.18672 0.55354 -0.81162
vn -0.00121 -0.07829 -0.99693
vn -0.10804 0.22004 -0.96949
vn -0.22108 0.21731 -0.95074
vn -0.45953 0.82394 -0.33161
vn -0.66298 0.43195 -0.61145
vn -0.68272 0.69650 -0.22086
vn -0.71139 0.31204 -0.62973
vn -0.94370 -0.33059 0.01218
vn -0.78838 -0.46504 0.40275
vn -0.80950 -0.32849 0.48662
vn -0.96340 -0.12811 -0.23548
vn -0.61744 -0.21777 -0.75588
vn -0.79763 0.01777 -0.60288
vn -0.96786 0.23617 -0.08641
vn -0.79601 0.60322 0.04994
vn -0.48524 0.69635 0.52881
vn -0.16530 0.86663 0.47078
vn 0.00100 0.93069 -0.36581
vn 0.44360 0.56087 -0.69903
vn 0.44152 0.20462 -0.87361
vn 0.68282 0.72788 -0.06277
vn 0.56184 0.44105 -0.69987
vn -0.21848 -0.14305 0.96530
vn -0.18983 0.10884 0.97577
vn -0.54180 0.06002 0.83836
vn 0.25917 0.07401 0.96299
vn 0.21252 0.44524 0.86983
vn 0.62106 0.42390 0.65923
vn 0.47222 0.66478 0.57886
vn 0.17344 0.82528 0.53742
vn -0.24912 0.48014 0.84107
vn -0.63968 0.39620 0.65866
vn -0.75311 0.34941 0.55744
vn -0.91509 -0.00426 0.40323
vn -0.77844 -0.03450 0.62677
vn -0.49007 -0.43516 0.75529
vn -0.19726 -0.40336 0.89353
vn 0.14381 -0.20371 0.96841
vn 0.08135 -0.40736 0.90964
vn -0.24316 -0.49666 0.83319
vn -0.57901 -0.36342 0.72985
vn -0.71484 -0.39372 0.57791
vn -0.65365 -0.29892 0.69527
vn -0.60825 -0.46287 0.64481
vn -0.48262 -0.61012 0.62836
vn -0.74984 -0.29118 0.59409
vn -0.74802 -0.34229 0.56859
vn 0.42461 -0.39714 0.81362
vn 0.23563 -0.56559 0.79031
vn -0.20030 -0.76857 0.60760
vn -0.52900 -0.72122 0.44721
vn -0.72039 -0.48087 0.49980
vn -0.82226 -0.28669 0.49163
vn 0.67176 -0.41713 0.61216
vn 0.68120 -0.55457 0.47793
vn 0.80043 -0.33695 0.49575
vn 0.28225 -0.85152 0.44186
vn 0.50480 -0.74325 0.43905
vn 0.48502 -0.62671 0.60991
vn 0.59258 -0.38244 0.70893
vn 0.76244 -0.27174 0.58724
vn 0.81131 -0.40808 0.41861
vn -0.13741 -0.88436 0.44613
vn 0.15643 -0.80154 0.57712
vn 0.82686 -0.08948 -0.55525
vn 0.90094 0.09166 -0.42415
vn 0.98090 -0.07492 -0.17951
vn 0.95510 -0.29433 0.03407
vn 0.69713 0.16168 -0.69847
vn 0.82142 0.54732 -0.16036
vn -0.78621 0.40729 0.46475
vn -0.97601 0.12232 0.18014
vn -0.60971 0.75971 0.22606
vn -0.38703 0.88682 0.25250
vn -0.45458 0.84685 0.27603
vn -0.69903 0.65704 0.28224
vn -0.82308 0.47490 0.31146
vn -0.96849 0.17696 0.17523
vn -0.49661 0.86276 -0.09502
vn -0.94981 0.01027 0.31266
vn -0.95798 0.25445 0.13239
vn 0.67088 0.70851 0.21895
vn 0.40187 0.89957 0.17108
vn 0.67404 0.69557 0.24872
vn 0.44343 0.84432 0.30083
vn 0.23582 0.91782 0.31936
vn 0.17680 0.90427 0.38863
vn -0.06558 0.91531 0.39737
vn -0.19422 0.91972 0.34118
vn -0.49969 0.84699 -0.18143
vn -0.57721 0.43734 -0.68962
vn -0.74668 0.17993 -0.64039
vn -0.87392 -0.32285 -0.36335
vn -0.94818 -0.24705 0.19983
vn -0.49573 -0.74972 -0.43837
vn -0.83335 0.06288 -0.54916
vn 0.95949 -0.28124 0.01655
vn 0.97095 -0.14828 0.18783
vn 0.85894 0.09516 0.50315
vn 0.94102 0.16568 0.29500
vn 0.54069 0.24942 0.80339
vn 0.77984 0.35782 0.51363
vn 0.97195 0.14441 0.18563
vn 0.79381 0.50007 0.34612
vn 0.88921 0.44735 0.09585
vn 0.28090 -0.89247 -0.35296
vn 0.04499 -0.13373 -0.99000
vn 0.72020 -0.18299 -0.66919
vn 0.43244 0.29277 -0.85281
vn 0.21995 0.97540 0.01499
vn 0.92855 -0.30030 0.21820
vn 0.65420 0.23482 -0.71895
vn 0.60440 0.62997 -0.48769
vn 0.12194 0.43427 -0.89249
vn 0.15437 0.98002 -0.12545
vn 0.04149 0.40506 -0.91335
vn 0.97014 -0.24238 0.00897
vn -0.18662 0.88598 0.42453
vn -0.07747 0.25062 0.96498
vn -0.45118 0.74861 0.48582
vn -0.06546 0.20254 0.97708
vn -0.53372 0.53916 0.65150
vn 0.08946 0.13912 0.98623
vn -0.51653 0.37862 0.76801
vn 0.22301 0.14357 0.96418
vn -0.40772 0.37070 0.83447
vn 0.70392 0.10322 0.70274
vn 0.88385 -0.25485 0.39224
vn 0.83600 -0.35642 0.41721
vn 0.87642 -0.42882 0.21909
vn 0.69926 -0.65890 0.27729
vn 0.63041 -0.52638 0.57053
vn 0.41678 -0.84841 0.32633
vn 0.40112 -0.63068 0.66434
vn 0.14040 -0.78036 0.60936
vn -0.09986 0.03005 0.99455
vn 0.57661 -0.15075 0.80299
vn -0.39569 -0.83415 0.38422
vn 0.27505 -0.80786 0.52126
vn -0.07550 -0.95613 -0.28303
vn 0.03175 -0.57275 -0.81911
vn 0.76907 -0.46095 -0.44279
vn 0.91782 0.21505 -0.33371
vn 0.90788 -0.15786 0.38838
vn 0.39606 0.68011 -0.61692
vn 0.28968 0.18781 -0.93852
vn 0.12249 0.27110 -0.95473
vn 0.65687 0.45224 -0.60332
vn 0.56002 0.07933 -0.82467
vn 0.43747 0.13393 -0.88920
vn 0.47906 0.85844 -0.18325
vn 0.19043 0.94005 -0.28290
vn 0.12630 0.83610 -0.53384
vn 0.71797 0.67668 0.16316
vn 0.43634 0.89474 0.09514
vn 0.30946 0.68189 0.66276
vn 0.10744 0.69524 0.71070
vn 0.12115 0.94023 0.31825
vn 0.73655 0.65248 -0.17824
vn 0.85574 0.35628 -0.37519
vn 0.86185 0.20664 -0.46316
vn 0.61379 -0.00601 -0.78945
vn 0.91466 -0.01191 -0.40406
vn 0.62981 -0.12057 -0.76733
vn 0.91698 -0.14569 -0.37137
vn 0.59147 -0.27050 -0.75960
vn 0.87762 -0.31602 -0.36045
vn 0.47049 -0.35421 -0.80819
vn 0.81187 -0.42404 -0.40132
vn 0.95659 -0.27920 0.08358
vn 0.99102 -0.13251 -0.01814
vn 0.99376 0.01181 -0.11089
vn 0.96287 0.24147 -0.12074
vn 0.87952 0.44753 -0.16175
vn 0.98851 -0.12434 0.08598
vn 0.95326 0.10650 0.28275
vn 0.93259 0.28798 0.21758
vn 0.85172 0.48136 0.20707
vn 0.18314 -0.93036 -0.31762
vn 0.45190 -0.83937 -0.30207
vn 0.69561 -0.60842 -0.38204
vn 0.84493 0.16032 0.51029
vn 0.76124 0.26523 0.59175
vn 0.59652 0.43441 0.67487
vn 0.56725 0.56767 0.59664
vn 0.37770 -0.30512 -0.87421
vn 0.35036 -0.42794 -0.83314
vn 0.30085 -0.63047 -0.71554
vn 0.13176 -0.77136 -0.62261
vn -0.02581 -0.71589 -0.69774
vn -0.10754 -0.94705 -0.30253
vn -0.16103 -0.54881 -0.82029
vn -0.38205 -0.84532 -0.37346
vn -0.18552 -0.91066 0.36917
vn -0.44927 -0.82521 0.34231
vn -0.35629 -0.72005 0.59547
vn -0.69038 -0.65744 0.30191
vn -0.61204 -0.51991 0.59589
vn -0.89183 -0.40442 0.20269
vn -0.81466 -0.34657 0.46498
vn -0.23912 -0.42161 -0.87468
vn -0.58822 -0.64539 -0.48730
vn -0.34176 -0.38525 -0.85720
vn -0.41658 -0.31921 -0.85122
vn -0.83900 -0.47156 -0.27149
vn -0.84530 -0.36359 -0.39149
vn -0.95372 -0.26810 0.13617
vn -0.56100 -0.35785 -0.74647
vn -0.89965 -0.22267 -0.37557
vn -0.62711 -0.21239 -0.74942
vn -0.91647 -0.04254 -0.39783
vn -0.62407 -0.10297 -0.77456
vn -0.89371 0.11276 -0.43424
vn -0.58035 0.05012 -0.81283
vn -0.80071 0.25165 -0.54363
vn -0.54969 0.07787 -0.83173
vn -0.43579 0.11569 -0.89258
vn -0.75969 0.50845 -0.40539
vn -0.46073 0.65641 -0.59737
vn -0.25883 0.21086 -0.94263
vn -0.19075 0.68357 -0.70452
vn -0.13474 0.29064 -0.94730
vn -0.99183 -0.12076 -0.04115
vn -0.99690 0.03862 -0.06851
vn -0.96509 0.21682 -0.14695
vn -0.88291 0.44751 -0.14212
vn -0.71541 0.68084 -0.15697
vn -0.44275 0.85797 -0.26049
vn -0.13787 0.96082 -0.24044
vn -0.17603 0.98052 0.08719
vn -0.43938 0.85381 0.27919
vn -0.73758 0.66388 0.12346
vn -0.83673 0.50372 0.21483
vn -0.92935 0.32247 0.17979
vn -0.99898 0.04506 0.00149
vn -0.90290 -0.26529 0.33821
vn -0.94060 -0.09458 0.32607
vn -0.81887 0.20641 0.53558
vn -0.63563 0.39391 0.66393
vn -0.66210 0.42553 0.61689
vn -0.51959 0.60063 0.60768
vn -0.21139 0.67143 0.71028
vn -0.05516 0.70336 0.70869
vn -0.15088 -0.71596 0.68164
vn 0.00989 0.31544 0.94889
vn 0.07637 0.10173 0.99188
vn 0.03606 0.13759 0.98983
vn -0.15301 0.09196 0.98394
vn -0.40096 0.05792 0.91426
vn -0.56264 0.12198 0.81766
vn 0.47679 0.36045 0.80171
vn 0.57239 0.42485 0.70134
vn 0.51404 0.56528 0.64516
vn 0.34065 0.70239 0.62499
vn 0.17678 0.80371 0.56816
vn 0.13113 -0.94123 0.31127
vn -0.60005 -0.46784 -0.64890
vn -0.35146 -0.05088 -0.93482
vn -0.14924 -0.18367 -0.97159
vn -0.26387 -0.80226 -0.53549
vn 0.10736 -0.17328 -0.97900
vn 0.31455 -0.63707 -0.70370
vn 0.36384 -0.09591 -0.92651
vn 0.65565 -0.52511 -0.54257
vn -0.95510 0.00456 -0.29624
vn -0.97818 0.00039 -0.20777
vn -0.87909 -0.07555 -0.47063
vn -0.91914 -0.08188 -0.38533
vn -0.78778 -0.29584 -0.54027
vn -0.95155 -0.19782 -0.23539
vn -0.77477 -0.52224 -0.35637
vn -0.46933 -0.72006 -0.51112
vn -0.50610 -0.71933 -0.47585
vn -0.79619 -0.45077 -0.40359
vn -0.96391 -0.15234 -0.21835
vn -0.95996 -0.08056 -0.26829
vn 0.11106 0.36259 -0.92531
vn -0.60521 -0.79293 -0.07064
vn -0.57570 -0.72720 -0.37382
vn -0.50750 -0.79476 0.33287
vn -0.52090 -0.71848 -0.46092
vn -0.55053 -0.25819 -0.79389
vn -0.51695 -0.63491 -0.57416
vn -0.81680 -0.40524 -0.41063
vn -0.96095 -0.11459 -0.25188
vn -0.98068 0.18272 -0.06979
vn -0.56986 0.42466 -0.70351
vn -0.79844 0.58956 0.12209
vn -0.32097 0.40542 -0.85593
vn -0.47074 0.83840 0.27475
vn -0.13602 0.50644 -0.85148
vn 0.00991 0.93947 0.34248
vn -0.41899 0.83513 0.35638
vn 0.10080 0.90306 0.41751
vn -0.74668 0.63630 0.19387
vn -0.96815 0.24759 -0.03728
vn 0.51997 0.30858 0.79650
vn 0.35484 -0.85075 0.38770
vn 0.78398 -0.32792 0.52710
vn 0.63382 -0.71469 -0.29581
vn 0.30230 -0.37646 -0.87572
vn 0.83250 0.27863 -0.47887
vn 0.39283 0.84902 -0.35335
vn 0.72789 0.56488 0.38869
vn 0.33563 -0.75282 -0.56623
vn -0.24446 -0.65799 -0.71224
vn -0.37865 -0.84950 -0.36739
vn 0.39105 -0.80400 -0.44796
vn -0.43048 -0.81001 -0.39820
vn 0.44744 -0.84745 -0.28570
vn -0.40055 -0.13763 -0.90588
vn -0.11679 -0.16983 -0.97853
vn 0.07824 -0.23855 -0.96797
vn 0.33805 -0.12843 -0.93232
vn 0.43564 -0.65982 -0.61225
vn 0.56345 -0.73924 -0.36884
vn 0.59137 -0.77222 -0.23230
vn 0.50482 -0.79678 0.33211
vn 0.18915 0.49007 -0.85091
vn 0.50645 0.62521 -0.59383
vn 0.15450 -0.34191 -0.92694
vn 0.89450 -0.01337 -0.44687
vn -0.53060 0.84268 0.09137
vn -0.40352 0.83511 -0.37385
vn 0.30498 0.55800 0.77176
vn 0.48179 0.87609 -0.01841
vn 0.66342 0.53170 -0.52647
vn 0.15807 0.43281 -0.88752
vn 0.84114 -0.33428 -0.42512
vn 0.98959 -0.06690 -0.12744
vn 0.89139 -0.45117 -0.04323
vn 0.92492 -0.35614 -0.13300
vn 0.95288 -0.18560 -0.23994
vn 0.96170 -0.27095 0.04149
vn 0.91479 -0.19549 -0.35347
vn 0.98360 -0.02827 -0.17812
vn 0.97745 -0.07651 -0.19680
vn 0.94637 0.09067 -0.31009
vn 0.97617 -0.15438 0.15252
vn 0.75558 -0.56596 0.32983
vn 0.97154 -0.05853 -0.22951
vn 0.93281 -0.08212 -0.35088
vn 0.96813 -0.13763 -0.20923
vn 0.98059 0.18154 -0.07402
vn 0.79153 -0.46143 -0.40070
vn 0.45618 0.83223 0.31510
vn 0.81140 0.56458 0.15126
vn 0.98521 0.16983 -0.02294
vn 0.96633 -0.14508 -0.21252
vn 0.78150 -0.50551 -0.36568
vn 0.46559 -0.70573 -0.53401
vn 0.75244 -0.24322 -0.61212
vn 0.88128 -0.20062 -0.42789
vn 0.48958 -0.73488 -0.46931
vn 0.62391 -0.74381 -0.23977
vn 0.80014 -0.43493 -0.41305
vn 0.96560 -0.10993 -0.23567
vn 0.98808 0.12994 -0.08252
vn 0.86270 0.49149 0.11909
vn 0.52317 0.79431 0.30881
vn 0.17847 0.26993 0.94619
vn -0.05964 0.30755 0.94966
vn 0.04310 0.30281 0.95208
vn -0.21545 0.25879 0.94160
vn -0.19328 0.17652 0.96514
vn -0.23622 0.06471 0.96954
vn -0.21453 -0.01785 0.97656
vn -0.30220 -0.23986 0.92258
vn -0.32516 -0.41149 0.85144
vn -0.31609 -0.61265 0.72439
vn -0.25521 -0.63474 0.72936
vn -0.19680 -0.66327 0.72204
vn -0.16502 -0.62069 0.76649
vn -0.15789 -0.60431 0.78094
vn -0.16839 -0.55065 0.81758
vn -0.17249 -0.52225 0.83516
vn -0.15465 -0.54360 0.82498
vn -0.09260 -0.60040 0.79432
vn -0.03327 -0.65161 0.75782
vn 0.09158 -0.64402 0.75951
vn 0.10976 -0.60093 0.79173
vn 0.13575 -0.55370 0.82157
vn 0.12175 -0.52601 0.84172
vn 0.13934 -0.55611 0.81935
vn 0.18330 -0.58328 0.79132
vn 0.14636 -0.63249 0.76061
vn 0.20710 -0.64453 0.73599
vn 0.24489 -0.63625 0.73159
vn 0.32260 -0.59364 0.73724
vn 0.32281 -0.41245 0.85187
vn 0.30089 -0.23544 0.92414
vn 0.23604 -0.04012 0.97092
vn 0.22379 0.05978 0.97280
vn 0.19382 0.16539 0.96699
vn 0.37863 -0.67100 0.63750
vn 0.06952 -0.68757 0.72278
vn -0.07654 -0.81082 0.58026
vn 0.00891 -0.54878 0.83592
vn 0.08273 -0.79999 0.59429
vn 0.08165 -0.71316 0.69623
vn 0.05145 -0.80701 0.58830
vn 0.01805 -0.67119 0.74107
vn -0.47115 -0.45234 0.75723
vn -0.21706 -0.36022 0.90726
vn -0.52933 -0.44620 0.72161
vn -0.38672 -0.48756 0.78277
vn -0.16314 -0.49959 0.85076
vn 0.06777 -0.51172 0.85648
vn -0.03674 -0.76388 0.64431
vn -0.30484 -0.69440 0.65183
vn 0.00000 -0.73733 0.67554
vn 0.28134 -0.73860 0.61263
vn -0.00644 -0.82535 0.56459
vn -0.03520 -0.73101 0.68146
vn -0.10279 -0.53122 0.84098
vn -0.18795 0.38050 0.90548
vn -0.28279 0.36025 0.88896
vn -0.27953 0.14035 0.94983
vn -0.36041 0.30034 0.88312
vn -0.13569 -0.21260 0.96767
vn 0.21496 -0.30540 0.92764
vn 0.47159 -0.37964 0.79592
vn 0.52504 -0.37064 0.76613
vn 0.37634 -0.38800 0.84132
vn 0.17308 -0.49287 0.85272
vn 0.07767 -0.41889 0.90471
vn -0.02968 -0.52446 0.85092
vn -0.24871 -0.63762 0.72910
vn 0.26623 0.71147 0.65033
vn 0.05108 0.58386 0.81024
vn 0.10145 0.91023 0.40148
vn 0.40203 0.36297 0.84061
vn 0.31685 0.64154 0.69859
vn 0.20812 0.82699 0.52228
vn -0.01538 0.91583 0.40128
vn -0.06097 0.99007 0.12665
vn -0.11583 0.87598 0.46823
vn -0.00119 0.94322 0.33216
vn -0.11515 0.72141 0.68287
vn -0.19077 0.82394 0.53360
vn -0.28726 0.66593 0.68849
vn -0.37051 0.65741 0.65616
vn -0.22396 0.72762 0.64839
vn -0.00886 0.88835 0.45908
vn -0.00761 0.77568 0.63108
vn 0.21147 0.82750 0.52012
vn 0.25007 0.57048 0.78231
vn 0.28621 0.47454 0.83241
vn 0.22683 0.14956 0.96238
vn 0.23359 0.39129 0.89013
vn 0.04026 0.46062 0.88668
vn 0.13117 -0.20479 0.96998
vn 0.30978 0.40103 0.86210
vn 0.50007 -0.75037 0.43228
vn 0.77779 -0.12562 0.61585
vn 0.84848 -0.48362 -0.21494
vn 0.67644 -0.19400 -0.71049
vn 0.77616 0.58886 -0.22543
vn 0.51436 0.73887 -0.43532
vn 0.29502 0.94296 -0.15423
vn 0.57637 0.66711 0.47198
vn 0.12543 -0.12345 0.98439
vn 0.12543 -0.12345 0.98439
vn 0.12543 -0.12345 0.98439
vn -0.12567 0.12312 -0.98440
vn -0.12567 0.12312 -0.98440
vn -0.12567 0.12312 -0.98440
vn 0.24871 -0.77906 0.57551
vn 0.24873 -0.77911 0.57543
vn 0.24869 -0.77902 0.57558
vn 0.22035 -0.95801 -0.18348
vn 0.22064 -0.95791 -0.18363
vn 0.22007 -0.95810 -0.18333
vn -0.36939 0.90774 -0.19887
vn -0.56808 0.82121 0.05392
vn -0.63711 0.76978 -0.03910
vn -0.61425 0.75505 0.22935
vn -0.61835 0.67111 0.40897
vn -0.46715 0.57450 0.67210
vn -0.43000 0.52494 0.73453
vn -0.35799 0.36755 0.85834
vn -0.37977 0.24628 0.89170
vn -0.38839 0.05991 0.91955
vn -0.33294 -0.15481 0.93015
vn -0.46889 -0.41958 0.77723
vn -0.39253 -0.50118 0.77119
vn -0.57696 -0.63939 0.50823
vn -0.62770 -0.59212 0.50535
vn -0.56453 -0.80145 0.19744
vn -0.49706 -0.84549 0.19515
vn -0.50556 -0.85700 -0.09977
vn -0.55108 -0.78316 -0.28805
vn -0.51899 -0.68986 -0.50473
vn -0.56192 -0.51508 -0.64725
vn -0.48282 -0.33758 -0.80804
vn -0.43602 -0.12939 -0.89059
vn -0.31465 0.04161 -0.94830
vn -0.30348 0.26447 -0.91540
vn -0.29864 0.41629 -0.85879
vn -0.33853 0.56533 -0.75220
vn -0.31400 0.63402 -0.70670
vn -0.27041 0.81698 -0.50934
vn -0.15631 0.80836 -0.56756
vn -0.31912 0.94346 -0.08969
vn 0.55108 -0.78316 -0.28805
vn 0.56453 -0.80145 0.19744
vn 0.50556 -0.85700 -0.09977
vn 0.49706 -0.84549 0.19515
vn 0.58868 -0.66193 0.46402
vn 0.60070 -0.57645 0.55395
vn 0.46959 -0.51641 0.71611
vn 0.43447 -0.37721 0.81789
vn 0.33294 -0.15481 0.93015
vn 0.38839 0.05991 0.91955
vn 0.36879 0.29134 0.88267
vn 0.43301 0.28592 0.85484
vn 0.46626 0.48771 0.73806
vn 0.51305 0.61829 0.59540
vn 0.61835 0.67111 0.40897
vn 0.61425 0.75505 0.22935
vn 0.56808 0.82121 0.05392
vn 0.63711 0.76978 -0.03910
vn 0.36939 0.90775 -0.19886
vn 0.31912 0.94346 -0.08969
vn 0.27041 0.81698 -0.50934
vn 0.15630 0.80836 -0.56756
vn 0.31400 0.63402 -0.70670
vn 0.33853 0.56533 -0.75220
vn 0.29864 0.41629 -0.85879
vn 0.30348 0.26447 -0.91540
vn 0.31465 0.04161 -0.94830
vn 0.43602 -0.12939 -0.89059
vn 0.48282 -0.33758 -0.80804
vn 0.56192 -0.51508 -0.64725
vn 0.51899 -0.68986 -0.50473
vn -0.10252 0.32902 -0.93874
vn -0.10937 0.32921 -0.93790
vn -0.35149 0.89702 -0.26798
vn -0.06796 0.32952 -0.94170
vn -0.04686 0.33032 -0.94271
vn -0.00852 0.33148 -0.94342
vn 0.00867 0.33148 -0.94342
vn 0.04681 0.33032 -0.94271
vn 0.06781 0.32953 -0.94171
vn 0.10252 0.32902 -0.93874
vn 0.10944 0.32921 -0.93789
vn 0.53844 0.81478 0.21496
vn 0.54010 0.81431 0.21258
vn 0.41889 0.88876 0.18611
vn 0.42899 0.87496 0.22453
vn 0.21393 0.96820 0.12973
vn 0.12977 0.98800 0.08373
vn 0.02213 0.99582 0.08863
vn -0.01918 0.99588 0.08864
vn -0.14975 0.98519 0.08351
vn -0.21733 0.96749 0.12937
vn -0.41937 0.88860 0.18577
vn -0.40369 0.88662 0.22569
vn -0.53871 0.81468 0.21471
vn -0.53757 0.81605 0.21235
vn -0.78934 -0.10509 0.60490
vn -0.08714 -0.57383 0.81432
vn -0.63000 0.60633 0.48525
vn -0.88900 0.39217 -0.23638
vn -0.58560 0.27152 -0.76378
vn -0.67790 -0.56121 -0.47487
vn 0.01700 -0.90665 -0.42153
vn -0.24037 -0.89742 0.36995
vn -0.81664 0.37590 -0.43795
vn 0.84429 0.38399 -0.37379
vn 0.36039 -0.24600 -0.89978
vn -0.26926 -0.80424 -0.52981
vn -0.91794 -0.39660 0.01005
vn 0.84044 -0.51611 -0.16520
vn 0.64345 -0.73542 0.21244
vn -0.86997 -0.48746 0.07444
vn 0.99258 -0.01322 -0.12089
vn -0.13704 -0.55720 0.81900
vn -0.74187 -0.20645 0.63797
vn 0.78803 0.03594 0.61458
vn -0.79886 0.60087 -0.02801
vn -0.98874 -0.11932 0.09034
vn -0.97916 -0.18824 0.07618
vn -0.98268 -0.17056 0.07245
vn -0.98303 -0.16960 0.06991
vn -0.02728 -0.87632 -0.48095
vn -0.56751 -0.26377 -0.77997
vn 0.64918 -0.63777 -0.41449
vn 0.56973 -0.78713 0.23629
vn 0.84354 -0.53611 -0.03220
vn 0.30094 -0.45444 0.83840
vn -0.49986 -0.63546 0.58849
vn -0.88394 0.05606 0.46424
vn -0.88202 -0.38080 -0.27754
vn -0.11156 0.66767 0.73605
vn -0.25733 0.84157 0.47491
vn -0.21802 0.86968 0.44286
vn -0.09068 0.68562 0.72229
vn 0.01009 0.37404 0.92736
vn 0.01000 0.37410 0.92733
vn -0.67468 -0.52980 0.51392
vn 0.06450 -0.66169 0.74700
vn -0.89212 0.10792 0.43873
vn -0.95935 -0.10384 -0.26242
vn -0.60689 -0.00285 -0.79478
vn -0.32364 -0.79447 -0.51388
vn 0.42643 -0.79910 -0.42379
vn 0.12419 -0.93659 0.32769
vn 0.98148 0.17318 -0.08185
vn 0.23289 0.95660 -0.17517
vn 0.98682 0.06246 -0.14931
vn -0.82983 0.16148 0.53414
vn -0.49287 -0.46108 0.73789
vn -0.51276 0.73681 0.44067
vn -0.73010 0.64347 -0.22999
vn -0.40672 0.43435 -0.80369
vn -0.82002 -0.30606 -0.48363
vn -0.34521 -0.84137 -0.41585
vn -0.64751 -0.68167 0.34067
vn 0.97837 0.18713 -0.08817
vn 0.97973 0.17800 -0.09191
vn 0.97721 0.19434 -0.08539
vn 0.97536 0.20534 -0.08068
vn -0.70323 0.36114 0.61241
vn -0.41610 -0.36167 0.83430
vn -0.37654 0.75800 0.53259
vn -0.61118 0.78973 -0.05280
vn -0.51435 0.55644 -0.65254
vn -0.92724 -0.03254 -0.37306
vn -0.57480 -0.72803 -0.37359
vn -0.73673 -0.54722 0.39722
vn 0.00000 -0.95106 0.30902
vn 0.00000 -0.30903 -0.95105
vn 0.00000 0.30903 0.95105
vn -0.91306 0.38977 -0.11998
vn -0.99185 0.05976 -0.11252
vn -0.99928 0.01938 -0.03250
vn -0.40253 0.91540 0.00289
vn -0.86395 0.50348 -0.00951
vn -0.89385 0.03121 -0.44727
vn 0.84921 0.39492 0.35054
vn -0.07500 0.95923 -0.27250
vn 0.51520 0.85621 0.03836
vn 0.83191 0.40691 0.37729
vn 0.82896 -0.17429 0.53146
vn 0.75440 -0.42868 0.49711
vn 0.56321 -0.80438 0.18911
vn 0.87972 -0.15253 0.45037
vn 0.97073 -0.22453 0.08523
vn 0.94595 0.31788 0.06429
vn 0.97478 0.20060 0.09778
vn 0.62055 0.78292 -0.04420
vn 0.80047 0.59845 -0.03313
vn 0.42974 0.86454 -0.26057
vn -0.50745 0.86036 -0.04775
vn 0.20447 0.93272 -0.29701
vn 0.23742 0.97104 0.02666
vn 0.81400 0.57859 -0.05146
vn 0.88061 0.47190 -0.04283
vn 0.59219 0.40879 -0.69441
vn -0.04798 0.73901 -0.67198
vn -0.06881 0.26358 -0.96218
vn -0.03442 0.71127 -0.70207
vn -0.36009 0.48324 -0.79801
vn 0.09873 0.74665 -0.65785
vn 0.99417 0.05225 -0.09427
vn -0.82680 0.53372 0.17764
vn -0.98069 -0.19319 0.03050
vn -0.96525 0.24804 0.08228
vn -0.34471 0.93721 0.05297
vn 0.99977 -0.00533 0.02058
vn 0.71745 0.08300 -0.69165
vn 0.05075 0.09539 -0.99415
vn -0.72903 -0.63899 0.24536
vn -0.83960 -0.16629 0.51713
vn -0.61060 -0.72451 0.31976
vn -0.84000 -0.18771 0.50909
vn -0.79647 0.13312 0.58985
vn -0.12364 -0.99053 -0.05978
vn -0.24662 -0.96873 0.02709
vn -0.82104 -0.56071 0.10718
vn 0.54758 -0.82010 -0.16614
vn 0.92271 -0.35779 -0.14351
vn 0.05528 -0.06383 -0.99643
vn 0.78475 -0.17748 -0.59386
vn 0.15189 -0.69148 -0.70625
vn 0.95894 -0.25584 -0.12240
vn 0.39613 -0.89758 -0.19347
vn 0.04154 -0.56721 -0.82253
vn -0.20408 -0.86115 -0.46558
vn -0.27490 -0.92613 -0.25829
vn -0.19618 -0.97991 -0.03604
vn -0.70736 -0.70388 0.06471
vn -0.97115 -0.20694 0.11851
vn -0.32703 -0.90794 -0.26210
vn -0.15890 -0.98722 -0.01228
vn -0.44742 -0.89047 -0.08298
vn -0.37964 -0.92509 -0.00889
vn -0.40623 -0.90593 -0.11947
vn -0.30323 -0.95283 0.01290
vn -0.25151 -0.96771 -0.01689
vn -0.02741 -0.99936 0.02288
vn -0.07912 -0.99686 -0.00384
vn -0.02595 -0.98909 0.14503
vn -0.40472 -0.90449 -0.13450
vn -0.70340 -0.70798 0.06320
vn -0.92542 -0.32006 0.20289
vn -0.97868 0.01313 0.20498
vn -0.98029 0.15813 0.11848
vn -0.80409 0.59450 -0.00175
vn -0.42974 0.86454 -0.26057
vn -0.80541 0.58222 0.11100
vn 0.62551 0.78017 0.00819
vn 0.36756 0.88012 -0.30047
vn 0.33401 0.94130 0.04881
vn 0.00287 0.96976 -0.24403
vn -0.00480 0.99265 0.12095
vn 0.02411 0.97938 -0.20058
vn 0.01268 0.99618 0.08641
vn -0.00165 0.99210 0.12541
vn 0.02163 0.95520 0.29518
vn -0.13923 0.89946 0.41422
vn -0.10420 0.89891 0.42557
vn -0.27031 0.80721 0.52473
vn -0.39115 0.85490 0.34081
vn -0.48059 0.81368 0.32705
vn -0.62759 0.77849 0.00873
vn -0.33401 0.94130 0.04881
vn -0.36756 0.88012 -0.30047
vn -0.03733 0.97523 -0.21801
vn 0.11565 -0.99157 0.05843
vn 0.03631 -0.99922 0.01544
vn 0.05041 -0.99871 0.00582
vn 0.13601 -0.98380 -0.11678
vn 0.40741 -0.90041 -0.15260
vn 0.40663 -0.91200 -0.05387
vn 0.76300 -0.63855 0.10042
vn 0.36103 -0.93072 -0.05843
vn 0.20808 -0.96803 0.14010
vn 0.33036 -0.92807 -0.17188
vn 0.39975 -0.91152 -0.09658
vn 0.00886 0.91940 0.39323
vn 0.15880 0.85012 0.50208
vn 0.06696 0.94107 0.33152
vn 0.36791 0.85933 0.35523
vn 0.29503 0.77219 0.56275
vn 0.47926 0.81318 0.33022
vn 0.80512 0.58227 0.11290
vn 0.26964 -0.96206 -0.04163
vn 0.70272 -0.71086 0.02932
vn 0.95825 -0.23813 0.15827
vn 0.93313 -0.26254 0.24565
vn 0.97594 0.00090 0.21802
vn 0.62303 -0.77560 0.10140
vn 0.10964 -0.99342 -0.03317
vn -0.94576 -0.29918 -0.12663
vn -0.93910 -0.32028 -0.12452
vn -0.53115 -0.83378 -0.15062
vn -0.35231 -0.90851 -0.22470
vn -0.22577 -0.75895 -0.61076
vn 0.27175 -0.92828 -0.25386
vn 0.23467 -0.97167 -0.02794
vn 0.13836 -0.98989 -0.03125
vn -0.43323 -0.15398 -0.88803
vn 0.16333 -0.87480 -0.45612
vn 0.93746 0.10855 0.33073
vn 0.31752 0.52785 0.78775
vn 0.34851 0.69132 0.63295
vn 0.67290 0.33485 0.65961
vn 0.95516 0.03565 0.29395
vn 0.53375 -0.08540 0.84132
vn 0.95577 -0.01190 0.29386
vn 0.51240 -0.43268 0.74178
vn 0.86393 -0.22201 0.45204
vn 0.32193 -0.56191 0.76198
vn 0.74859 -0.25385 0.61251
vn 0.35221 -0.48497 0.80047
vn 0.74776 -0.18801 0.63680
vn 0.35836 -0.50109 0.78771
vn 0.68402 -0.26663 0.67899
vn 0.46303 -0.50680 0.72716
vn 0.72335 -0.09841 0.68343
vn 0.41404 -0.59007 0.69310
vn 0.69500 -0.03999 0.71789
vn -0.05278 -0.74457 0.66546
vn -0.09797 0.84625 0.52370
vn -0.18864 0.49573 0.84774
vn -0.21634 0.80896 0.54660
vn -0.26602 0.46040 0.84691
vn -0.20174 -0.25167 0.94655
vn -0.14732 -0.66165 0.73520
vn -0.23972 0.62430 0.74349
vn -0.29931 0.39575 0.86821
vn -0.30720 -0.20940 0.92832
vn -0.11862 -0.54401 0.83065
vn -0.10783 -0.65822 0.74506
vn -0.25825 -0.66329 0.70239
vn -0.27637 -0.66254 0.69618
vn -0.16636 -0.62870 0.75964
vn -0.26939 -0.16570 0.94867
vn -0.20656 -0.46875 0.85884
vn -0.23998 -0.43778 0.86646
vn -0.65044 0.31988 0.68892
vn -0.83743 -0.12922 0.53105
vn -0.76442 -0.32738 0.55542
vn -0.80089 -0.48784 0.34726
vn -0.83498 -0.48835 0.25361
vn -0.46659 -0.69930 0.54154
vn -0.20979 -0.81673 0.53754
vn -0.34288 -0.88594 0.31232
vn -0.60492 -0.75082 0.26520
vn -0.67161 -0.71594 0.19071
vn -0.66777 0.74433 -0.00682
vn -0.06348 0.98131 -0.18164
vn -0.18916 0.97184 0.14049
vn -0.96513 -0.25895 0.03834
vn -0.98741 -0.13426 0.08369
vn -0.67174 0.71984 -0.17490
vn -0.07184 0.93867 -0.33725
vn -0.68346 0.62224 -0.38170
vn -0.07081 0.83393 -0.54730
vn -0.70246 0.46030 -0.54284
vn -0.05496 0.69948 -0.71253
vn -0.72880 0.29782 -0.61657
vn -0.04095 0.44966 -0.89226
vn -0.72749 0.10522 -0.67800
vn 0.01269 0.10261 -0.99464
vn -0.51958 -0.07570 -0.85106
vn 0.05423 -0.22879 -0.97197
vn -0.77816 -0.36388 -0.51191
vn 0.08368 -0.70191 -0.70733
vn -0.95326 -0.29600 0.06066
vn -0.67715 -0.58985 -0.43993
vn 0.11601 -0.94018 -0.32033
vn -0.79739 0.37450 0.47320
vn -0.65640 -0.05434 0.75245
vn -0.35894 0.21142 0.90910
vn -0.33076 -0.24513 0.91132
vn -0.73256 -0.30787 0.60710
vn -0.31176 -0.56056 0.76719
vn -0.77297 -0.51902 0.36488
vn -0.09182 -0.87983 0.46633
vn -0.68514 -0.72571 0.06269
vn 0.15565 -0.98007 0.12341
vn -0.66690 -0.72659 -0.16525
vn -0.81422 0.56377 0.13859
vn -0.26444 0.63137 0.72900
vn -0.30881 0.45746 0.83389
vn -0.11573 0.58669 0.80150
vn -0.34580 0.92453 0.16022
vn -0.82471 0.55785 -0.09299
vn -0.44687 0.88816 -0.10711
vn -0.86064 0.46366 -0.21053
vn -0.54168 0.82247 -0.17360
vn -0.71238 0.62880 -0.31166
vn -0.96903 0.21228 -0.12619
vn -0.85305 0.45001 -0.26420
vn -0.99262 0.11216 0.04619
vn -0.97836 0.16426 -0.12585
vn -0.98110 -0.04071 0.18918
vn -0.99774 -0.02818 -0.06108
vn -0.97123 -0.23523 0.03703
vn -0.95524 -0.20170 0.21640
vn -0.90190 -0.41036 0.13486
vn -0.87004 -0.48072 0.10925
vn -0.76922 0.48992 0.41022
vn -0.45536 0.57656 0.67840
vn -0.68015 0.18055 0.71049
vn -0.21415 -0.73057 0.64839
vn 0.10254 -0.98429 -0.14372
vn 0.26624 -0.84222 0.46881
vn -0.94289 -0.13216 0.30578
vn -0.66130 -0.55787 0.50145
vn -0.31347 -0.35864 0.87927
vn -0.18672 -0.55116 0.81324
vn 0.07293 -0.78864 0.61052
vn 0.42364 -0.90182 -0.08508
vn -0.17232 -0.51906 -0.83718
vn -0.39953 -0.82149 -0.40686
vn -0.60988 -0.33834 -0.71664
vn -0.86543 -0.39548 -0.30761
vn 0.99058 0.11078 0.08044
vn 0.95035 0.26777 -0.15852
vn 0.85305 0.45001 -0.26420
vn 0.97450 0.21166 -0.07446
vn 0.71238 0.62880 -0.31166
vn 0.92336 0.34358 -0.17133
vn 0.49398 0.84438 -0.20737
vn 0.85458 0.49701 -0.15059
vn 0.36911 0.92899 -0.02734
vn 0.82361 0.56303 0.06831
vn 0.31835 0.89475 0.31317
vn 0.81766 0.46922 0.33357
vn 0.22662 0.57013 0.78968
vn 0.73046 0.20070 0.65280
vn 0.26564 0.40145 0.87651
vn 0.30881 0.45746 0.83389
vn 0.11573 0.58669 0.80150
vn -0.31752 0.52785 0.78775
vn -0.49334 0.59240 0.63693
vn -0.94260 0.09104 0.32127
vn 0.97111 -0.19554 0.13675
vn 0.97263 -0.21296 0.09292
vn 0.99144 -0.11776 -0.05640
vn 0.90190 -0.41036 0.13487
vn 0.87023 -0.48054 0.10854
vn 0.97361 -0.22058 0.05858
vn 0.71742 0.68099 0.14682
vn 0.34089 0.81163 0.47439
vn 0.05928 0.99817 0.01220
vn 0.75609 0.36311 0.54450
vn 0.95812 -0.06125 0.27972
vn 0.65708 0.12766 0.74293
vn 0.71688 -0.14738 0.68145
vn 0.77762 -0.34042 0.52860
vn 0.74573 -0.61292 0.26118
vn 0.65361 -0.75682 -0.00423
vn 0.67735 -0.68479 -0.26881
vn 0.67910 -0.52976 -0.50811
vn 0.79581 -0.07884 -0.60039
vn 0.53206 -0.27253 -0.80165
vn -0.06709 -0.41830 -0.90583
vn -0.09621 -0.79880 -0.59385
vn -0.13812 -0.97786 -0.15719
vn -0.04382 -0.97563 0.21499
vn 0.25605 -0.73557 0.62720
vn 0.32124 -0.46400 0.82553
vn 0.30281 -0.09883 0.94791
vn 0.40861 0.31667 0.85601
vn 0.06202 0.79691 -0.60090
vn 0.04299 0.63380 -0.77230
vn 0.70628 0.36592 -0.60603
vn 0.73430 0.16384 -0.65876
vn 0.01287 0.30608 -0.95192
vn -0.04313 0.05233 -0.99770
vn 0.06936 0.90385 -0.42218
vn 0.68083 0.51995 -0.51588
vn 0.89031 -0.44603 0.09165
vn 0.79377 -0.51719 0.32007
vn 0.75780 -0.37842 0.53154
vn 0.66050 -0.19720 0.72447
vn 0.66844 0.72818 -0.15149
vn 0.07228 0.97262 -0.22088
vn 0.67553 0.67421 -0.29849
vn 0.92495 -0.35993 0.12214
vn 0.34953 -0.71296 0.60788
vn 0.23241 -0.62702 0.74352
vn 0.22156 -0.39686 0.89074
vn 0.30734 -0.06854 0.94913
vn 0.27558 0.48437 0.83033
vn 0.21991 0.79644 0.56332
vn 0.49272 -0.69576 0.52263
vn 0.95942 -0.27724 0.05142
vn -0.69121 -0.33526 0.64017
vn -0.36949 -0.55006 0.74894
vn 0.10844 -0.55247 0.82645
vn -0.55309 -0.19536 0.80989
vn 0.20346 -0.22256 0.95345
vn -0.27038 0.47817 0.83561
vn 0.18787 0.48644 0.85328
vn 0.28936 -0.17317 0.94143
vn 0.17776 -0.52517 0.83223
vn 0.14059 -0.65024 0.74660
vn 0.16574 -0.63883 0.75128
vn 0.18924 -0.72461 0.66267
vn 0.56316 -0.75936 0.32592
vn -0.35806 -0.50425 0.78583
vn 0.31799 0.45951 0.82930
vn 0.15056 0.82095 0.55079
vn 0.12637 0.85221 0.50771
vn -0.95567 0.03239 0.29264
vn -0.91307 -0.16621 0.37238
vn -0.77628 -0.26172 0.57349
vn -0.74323 -0.22966 0.62838
vn -0.36734 -0.49391 0.78811
vn -0.71705 -0.22050 0.66122
vn -0.24749 -0.65773 0.71144
vn 0.27402 -0.81981 0.50282
vn 0.53731 -0.78312 0.31308
vn -0.44816 -0.65123 0.61242
vn 0.21903 -0.85881 0.46310
vn -0.70315 -0.19043 0.68507
vn -0.75436 -0.01628 0.65626
vn -0.65577 -0.11369 0.74635
vn -0.23279 -0.25136 0.93948
vn -0.88180 -0.07311 0.46592
vn -0.68407 -0.49985 0.53122
vn -0.28118 -0.76513 0.57924
vn 0.15730 -0.64100 0.75125
vn 0.27853 -0.88690 0.36855
vn 0.39646 -0.88879 -0.22996
vn 0.01045 -0.94073 -0.33900
vn -0.10194 -0.53888 -0.83619
vn -0.39025 -0.77660 -0.49457
vn -0.24685 -0.55213 -0.79638
vn -0.72351 -0.44069 -0.53134
vn -0.90245 -0.42229 -0.08516
vn 0.15104 -0.96891 0.19596
vn 0.06376 -0.97966 0.19028
vn 0.12412 -0.98599 0.11143
vn -0.07014 -0.98890 0.13102
vn -0.10956 -0.99054 0.08262
vn -0.03684 -0.99303 0.11197
vn -0.18476 -0.97894 0.08682
vn -0.00212 -0.99847 0.05521
vn -0.18910 -0.98183 0.01583
vn 0.00208 -0.99894 0.04595
vn -0.28845 -0.94957 0.12290
vn 0.00063 -0.98787 0.15529
vn -0.36685 -0.92201 -0.12379
vn 0.01269 -0.97440 -0.22445
vn -0.19868 -0.48650 -0.85079
vn 0.04790 -0.42953 -0.90178
vn -0.00432 0.00285 -0.99999
vn -0.32717 -0.56548 -0.75709
vn -0.38508 -0.66460 -0.64033
vn -0.43056 -0.87606 -0.21712
vn -0.42843 -0.88805 -0.16675
vn -0.42821 -0.89507 0.12447
vn -0.31306 -0.94772 0.06179
vn 0.36031 -0.70068 0.61581
vn 0.29632 -0.32824 0.89691
vn 0.15366 -0.45938 0.87485
vn 0.77363 -0.41981 0.47461
vn 0.81212 -0.19434 0.55018
vn 0.99606 -0.08365 0.02943
vn 0.87145 -0.46121 0.16691
vn 0.95716 -0.22525 -0.18196
vn 0.70788 -0.64919 -0.27831
vn 0.35956 -0.54398 -0.75816
vn 0.35288 -0.79613 -0.49159
vn 0.21351 -0.57806 -0.78756
vn -0.22363 -0.68919 -0.68920
vn -0.42955 -0.86918 -0.24498
vn -0.86495 -0.49913 0.05224
vn -0.31649 -0.92307 0.21856
vn -0.58179 -0.61634 0.53071
vn 0.00652 -0.75787 0.65237
vn 0.43349 -0.87060 0.23267
vn -0.06364 -0.36014 -0.93073
vn -0.06616 -0.38730 -0.91957
vn -0.06106 -0.33266 -0.94107
vn 0.99591 -0.07585 -0.04911
vn 0.67343 -0.73654 0.06330
vn 0.84457 -0.53451 0.03176
vn 0.97743 0.20876 -0.03237
vn 0.99261 0.10036 -0.06818
vn 0.98577 -0.11280 -0.12463
vn 0.98510 -0.14522 -0.09211
vn 0.98071 -0.15663 -0.11694
vn 0.99492 0.08876 -0.04759
vn 0.99634 0.08019 0.02946
vn 0.91939 0.39319 -0.01136
vn 0.89702 0.44154 -0.01982
vn 0.85810 0.51231 -0.03483
vn 0.87095 0.48451 -0.08184
vn 0.42942 -0.90262 0.02962
vn 0.53165 -0.84572 0.04595
vn 0.11878 -0.99109 -0.06033
vn 0.64220 -0.76263 0.07731
vn 0.59158 -0.80622 0.00634
vn 0.67451 -0.73799 -0.02036
vn 0.80375 -0.59470 -0.01810
vn 0.67390 -0.73875 -0.01040
vn 0.37369 -0.92753 0.00680
vn 0.14227 -0.98482 0.09942
vn 0.43031 -0.88529 -0.17635
vn 0.66847 -0.73929 0.08123
vn 0.68282 -0.72228 -0.10989
vn 0.67774 -0.71377 -0.17664
vn 0.83829 -0.51325 -0.18395
vn 0.97860 -0.15938 0.13014
vn 0.98771 -0.10762 -0.11335
vn 0.95902 0.19804 0.20263
vn 0.94127 0.27008 -0.20265
vn 0.88645 0.41091 0.21297
vn 0.89745 0.43379 -0.08010
vn 0.83506 0.51833 0.18442
vn 0.80459 0.57108 -0.16283
vn 0.44641 -0.88294 -0.14539
vn 0.43271 -0.88599 0.16668
vn 0.35356 -0.91981 -0.17012
vn 0.29932 -0.94086 0.15870
vn 0.25839 -0.57438 -0.77674
vn 0.25233 -0.43186 -0.86593
vn 0.19820 -0.97773 0.06896
vn 0.18897 -0.98176 0.02084
vn 0.18293 -0.97877 0.09245
vn 0.03521 -0.99672 0.07291
vn -0.18821 -0.95884 0.21262
vn 0.03040 -0.00976 -0.99949
vn 0.37096 -0.52059 -0.76901
vn 0.58594 -0.39964 -0.70496
vn 0.67322 -0.53198 -0.51359
vn 0.43114 -0.10818 -0.89577
vn 0.61306 -0.33820 -0.71399
vn 0.54820 0.00819 -0.83630
vn -0.00847 0.05450 -0.99848
vn 0.55925 0.19675 -0.80531
vn 0.58716 0.34717 -0.73124
vn 0.08646 0.97880 -0.18566
vn 0.29385 0.45611 -0.84001
vn 0.02432 0.63008 -0.77615
vn 0.46813 0.84598 -0.25530
vn 0.04496 0.13072 -0.99040
vn 0.03448 0.18079 -0.98292
vn -0.00903 0.31179 -0.95011
vn 0.01051 0.66337 -0.74822
vn -0.02512 0.25727 -0.96601
vn -0.07820 0.56082 -0.82424
vn -0.04536 0.14812 -0.98793
vn -0.45713 0.45287 -0.76546
vn -0.59755 0.33207 -0.72984
vn -0.42943 0.11902 -0.89522
vn 0.05935 0.03151 -0.99774
vn 0.04838 0.08202 -0.99546
vn -0.95966 0.24599 -0.13613
vn -0.88028 0.47015 -0.06383
vn -0.83272 0.53664 -0.13638
vn -0.54495 0.78586 -0.29232
vn -0.06784 0.98150 -0.17902
vn -0.00432 0.99018 -0.13975
vn 0.60571 0.79321 0.06273
vn 0.12390 0.98988 0.06913
vn -0.02991 0.98604 0.16379
vn 0.00287 0.98508 0.17205
vn -0.42706 0.90023 0.08483
vn -0.80149 0.57450 0.16602
vn -0.87286 0.44496 0.20031
vn -0.93214 0.29682 0.20740
vn -0.97937 -0.01168 0.20175
vn -0.98087 -0.08682 -0.17426
vn -0.72084 -0.67890 0.13959
vn -0.78420 -0.61656 0.06989
vn -0.67659 -0.71424 -0.17912
vn -0.78531 -0.57928 -0.21847
vn -0.28317 -0.95613 0.07501
vn -0.70760 -0.69416 -0.13209
vn -0.59030 -0.40211 -0.69990
vn -0.59492 -0.07365 -0.80040
vn -0.81963 -0.56560 0.09117
vn -0.99364 -0.07807 -0.08118
vn -0.97417 0.20430 -0.09620
vn -0.98853 -0.09993 -0.11323
vn -0.96103 -0.27399 -0.03686
vn -0.51283 -0.37894 -0.77033
vn -0.63995 -0.64962 -0.41043
vn -0.66647 -0.74484 -0.03202
vn -0.79820 -0.59937 -0.06025
vn -0.66719 -0.74488 0.00101
vn -0.58800 -0.80790 0.03943
vn -0.66549 -0.74641 -0.00004
vn -0.55558 -0.83139 0.01046
vn -0.45802 -0.88894 0.00081
vn -0.10108 -0.98705 0.12460
vn -0.43515 -0.68085 -0.58914
vn -0.56326 -0.72190 0.40199
vn 0.16991 -0.89216 0.41855
vn -0.11597 -0.54211 0.83227
vn -0.40758 -0.45865 0.78963
vn -0.72991 -0.24057 0.63981
vn -0.10419 -0.96944 -0.22212
vn -0.25924 -0.61324 -0.74614
vn 0.39361 -0.76058 -0.51632
vn -0.20598 -0.37095 -0.90552
vn -0.63690 -0.31868 -0.70199
vn -0.75036 -0.60365 -0.26938
vn -0.99643 -0.07311 -0.04220
vn -0.79537 -0.60366 -0.05461
vn -0.99839 -0.05657 -0.00374
vn -0.79581 -0.60553 0.00425
vn -0.99799 -0.06311 0.00547
vn -0.78912 -0.61201 0.05224
vn 0.43431 -0.89810 0.06920
vn 0.59804 -0.61118 0.51846
vn 0.86445 -0.50010 0.05133
vn 0.83485 -0.54923 0.03697
vn 0.32071 -0.94685 0.02481
vn 0.27183 -0.96198 -0.02643
vn 0.84082 -0.54121 0.01027
vn -0.29450 0.21489 -0.93118
vn -0.79591 -0.33562 -0.50388
vn -0.78081 0.12458 -0.61222
vn -0.99334 -0.10908 -0.03713
vn -0.87111 -0.49092 -0.01321
vn -0.94225 -0.15410 0.29737
vn -0.79848 -0.05894 0.59912
vn -0.77992 0.33117 0.53108
vn -0.46934 0.30005 0.83048
vn -0.61323 0.64658 0.45374
vn -0.26150 0.90403 0.33814
vn -0.47723 0.87401 -0.09138
vn 0.05041 0.98806 -0.14559
vn -0.27107 0.84920 -0.45319
vn -0.13684 0.64472 -0.75207
vn -0.60219 0.44475 -0.66299
vn -0.87416 0.48060 -0.06978
vn 0.68124 0.72025 -0.13093
vn 0.68124 0.72026 -0.13093
vn 0.68124 0.72025 -0.13093
vn -0.63133 0.76868 -0.10274
vn -0.63133 0.76868 -0.10274
vn -0.63133 0.76868 -0.10274
vn 0.17830 0.97146 -0.15643
vn 0.17830 0.97146 -0.15643
vn 0.17830 0.97146 -0.15643
vn 0.79385 0.59655 -0.11802
vn 0.79385 0.59655 -0.11802
vn 0.79385 0.59655 -0.11802
vn -0.71071 0.69827 -0.08547
vn -0.71071 0.69827 -0.08547
vn -0.71071 0.69827 -0.08547
vn -0.04372 -0.21683 -0.97523
vn -0.04451 -0.22785 -0.97268
vn -0.04293 -0.20578 -0.97766
vn 0.20171 0.96687 -0.15643
vn 0.20171 0.96687 -0.15643
vn 0.20171 0.96687 -0.15643
vn 0.04436 0.21927 0.97466
vn 0.04064 0.20801 0.97728
vn 0.04808 0.23049 0.97189
vn 0.05795 -0.31616 -0.94693
vn 0.05103 -0.29237 -0.95494
vn 0.06484 -0.33974 -0.93828
vn -0.80604 0.58105 -0.11261
vn -0.80604 0.58105 -0.11261
vn -0.80604 0.58106 -0.11261
vn 0.27856 0.95006 -0.14065
vn 0.27856 0.95006 -0.14065
vn 0.27856 0.95007 -0.14065
vn -0.18515 0.97018 -0.15641
vn -0.18515 0.97018 -0.15642
vn -0.18515 0.97018 -0.15641
vn -0.89070 0.44401 -0.09747
vn -0.89071 0.44401 -0.09747
vn -0.89070 0.44401 -0.09747
vn 0.42506 0.89644 -0.12538
vn 0.42506 0.89644 -0.12538
vn 0.42506 0.89644 -0.12538
vn 0.04288 -0.19690 -0.97949
vn 0.03840 -0.18543 -0.98191
vn 0.04735 -0.20834 -0.97691
vn -0.21891 0.96313 -0.15641
vn -0.21891 0.96313 -0.15641
vn -0.21891 0.96313 -0.15641
vn -0.04181 0.19309 0.98029
vn -0.04267 0.20604 0.97761
vn -0.04094 0.18012 0.98279
vn -0.41277 -0.87088 -0.26682
vn -0.94177 -0.31809 -0.10902
vn -0.89047 -0.32659 -0.31687
vn -0.06242 -0.99609 -0.06258
vn -0.94432 -0.32502 -0.05111
vn -0.01142 -0.99989 -0.00956
vn -0.94569 -0.32267 0.03948
vn 0.09487 -0.99446 0.04532
vn -0.83415 -0.44548 0.32518
vn -0.68736 0.25145 0.68140
vn -0.97214 0.23426 0.00826
vn -0.96874 0.24428 -0.04327
vn -0.96900 0.23338 -0.08108
vn -0.69987 -0.09708 -0.70764
vn -0.43338 -0.48733 -0.75808
vn 0.13214 -0.84106 -0.52456
vn 0.61559 -0.78797 0.01256
vn 0.60567 -0.79475 0.03919
vn 0.64646 -0.75952 0.07224
vn 0.49646 -0.69356 0.52201
vn -0.11812 -0.92650 0.35729
vn -0.14805 -0.39337 0.90738
vn -0.54376 -0.10715 0.83237
vn -0.32451 -0.29583 -0.89843
vn 0.00000 0.00000 1.00000
vn 0.00000 0.00000 -1.00000
vn -0.22629 -0.97406 -0.00000
vn -0.22629 -0.97406 0.00000
vn 0.00000 -1.00000 0.00000
vn 0.22629 -0.97406 0.00000
vn 0.22629 -0.97406 0.00000
vn 0.00000 0.00001 -1.00000
vn 0.00000 0.00001 -1.00000
vn 0.00000 0.00001 -1.00000
vn -0.00000 0.00001 -1.00000
vn -0.22629 -0.97406 0.00000
vn -0.22629 -0.97406 0.00000
vn 0.22629 -0.97406 -0.00000
vn 0.22629 -0.97406 0.00000
vn -0.91696 -0.35870 -0.17470
vn -0.96711 0.23505 -0.09717
vn -0.93951 0.24262 -0.24177
vn -0.75694 -0.65134 -0.05286
vn -0.98116 0.06852 0.18065
vn -0.76638 0.35459 0.53565
vn -0.78349 0.60351 -0.14809
vn -0.73406 0.28665 -0.61563
vn -0.79472 -0.08358 -0.60120
vn -0.56256 -0.67327 -0.47983
vn -0.16489 -0.98537 0.04317
vn -0.68009 -0.70693 0.19426
vn -0.71293 -0.21209 0.66839
vn -0.80653 0.09196 0.58400
vn -0.40250 -0.68967 0.60195
vn -0.59876 -0.02537 -0.80053
vn -0.84278 0.25703 0.47292
vn -0.78308 0.32177 -0.53221
vn -0.85405 0.02523 -0.51958
vn -0.86891 0.00497 0.49495
vn -0.36905 0.07394 0.92646
vn -0.41426 0.02669 0.90977
vn -0.88948 -0.21140 0.40515
vn -0.76433 -0.27301 0.58418
vn -0.92497 -0.36551 -0.10405
vn -0.93933 -0.17026 -0.29778
vn -0.93258 -0.17300 -0.31680
vn -0.78849 -0.02134 -0.61467
vn -0.52329 0.11395 -0.84450
vn -0.68844 0.41479 -0.59497
vn -0.82226 0.53097 0.20487
vn -0.38180 0.16834 0.90878
vn 0.00000 -0.49564 0.86853
vn 0.00434 -0.49563 0.86852
vn -0.00434 -0.49563 0.86852
vn 0.77794 0.02537 0.62782
vn 0.87396 -0.43101 0.22454
vn 0.94232 0.28274 0.17916
vn 0.97253 0.20044 -0.11837
vn 0.67710 -0.73314 -0.06358
vn 0.82834 -0.10518 -0.55027
vn 0.85114 0.23780 -0.46799
vn 0.75849 0.37585 -0.53239
vn 0.78923 0.61265 -0.04225
vn 0.80253 0.34677 0.48549
vn 0.38494 -0.68383 0.61984
vn 0.70553 -0.30821 0.63815
vn 0.25685 -0.96645 -0.00322
vn 0.64250 -0.71811 -0.26741
vn 0.63028 -0.53438 -0.56320
vn 0.59876 -0.02537 -0.80053
vn 0.03608 0.93924 0.34137
vn 0.05654 0.74633 0.66317
vn 0.07327 0.68692 0.72303
vn -0.01198 0.94286 0.33299
vn -0.01445 0.69224 0.72153
vn 0.00856 0.93964 0.34205
vn -0.09189 0.69964 0.70856
vn 0.02403 0.93635 0.35023
vn -0.03943 0.71313 0.69993
vn 0.14080 0.84110 0.52223
vn 0.28069 0.92058 0.27156
vn 0.23858 0.71611 0.65595
vn -0.14531 0.46360 0.87405
vn -0.09411 0.44441 0.89086
vn 0.00938 0.43431 0.90071
vn 0.15487 0.45896 0.87485
vn 0.06393 0.51810 0.85293
vn -0.20369 0.75483 0.62350
vn -0.20371 0.75411 0.62435
vn -0.46819 0.82866 0.30678
vn -0.30120 0.91660 0.26292
vn -0.06307 0.96874 0.23993
vn 0.65389 0.71892 -0.23577
vn 0.85981 0.47362 -0.19080
vn 0.86994 0.46788 -0.15587
vn 0.77792 0.60017 -0.18613
vn 0.44220 0.86883 -0.22269
vn 0.69973 0.69497 -0.16554
vn 0.09613 0.96457 -0.24567
vn 0.59183 0.78895 -0.16523
vn 0.89029 0.45050 -0.06656
vn 0.40460 0.89788 -0.17350
vn 0.59350 0.80368 -0.04306
vn 0.10872 0.96267 -0.24789
vn -0.02204 0.96441 -0.26351
vn 0.34324 0.93925 0.00163
vn 0.51978 0.83334 0.18807
vn 0.10972 0.98391 -0.14101
vn 0.01052 0.98874 -0.14927
vn -0.01189 0.99114 -0.13227
vn 0.08290 0.99336 0.07977
vn 0.01384 0.99721 0.07330
vn -0.00463 0.99720 0.07457
vn -0.00112 0.99752 0.07032
vn -0.53332 0.84586 0.00961
vn -0.63678 0.75878 -0.13699
vn -0.36193 0.93220 0.00293
vn -0.59288 0.78900 -0.16116
vn -0.83551 0.51706 -0.18593
vn -0.42850 0.87318 -0.23225
vn -0.48554 0.84024 -0.24133
vn -0.71161 0.67144 -0.20684
vn -0.44656 0.88310 -0.14392
vn -0.10629 0.99428 0.01039
vn 0.10687 0.98649 -0.12419
vn 0.47911 0.87588 -0.05727
vn 0.67768 0.72497 -0.12316
vn 0.02416 0.99868 -0.04540
vn -0.02606 0.99084 -0.13249
vn 0.02531 0.99850 -0.04854
vn -0.00643 0.98872 -0.14961
vn -0.06199 0.98782 -0.14271
vn -0.03816 0.97653 -0.21197
vn -0.08501 0.95592 -0.28104
vn -0.10995 0.97447 -0.19577
vn 0.00670 0.99083 -0.13492
vn 0.01328 0.96594 -0.25842
vn -0.01962 0.95720 -0.28875
vn 0.07877 0.98662 -0.14272
vn -0.00103 0.95697 -0.29018
vn -0.87957 0.46093 -0.11792
vn -0.72625 0.68425 -0.06607
vn -0.88968 0.45154 -0.06775
vn -0.88771 0.44995 -0.09750
vn -0.53316 0.83264 -0.14984
vn -0.84493 0.49437 -0.20416
vn -0.53904 0.80962 -0.23225
vn -0.09546 0.96979 -0.22450
vn -0.01437 0.99128 -0.13096
vn 0.02970 0.97379 -0.22551
vn -0.12108 0.99169 -0.04352
vn 0.86227 0.48158 -0.15676
vn 0.56110 0.79373 -0.23486
vn -0.00170 0.97301 -0.23076
vn 0.81895 0.53852 -0.19827
vn 0.17205 0.32503 0.92992
vn 0.13307 0.32739 0.93547
vn 0.14277 0.32653 0.93434
vn 0.08232 0.32957 0.94054
vn 0.05107 0.33071 0.94235
vn 0.00656 0.33116 0.94355
vn -0.00657 0.33116 0.94355
vn -0.05112 0.33071 0.94235
vn -0.08231 0.32957 0.94054
vn -0.13307 0.32739 0.93547
vn -0.14270 0.32653 0.93435
vn -0.17205 0.32503 0.92992
vn -0.84864 -0.52623 0.05380
vn -0.14811 -0.90964 0.38810
vn -0.28324 -0.51989 0.80591
vn -0.19526 -0.97838 0.06811
vn -0.32594 -0.94465 0.03744
vn -0.82905 -0.55867 0.02383
vn -0.32524 -0.94433 -0.04958
vn -0.79348 -0.60859 0.00149
vn -0.35216 -0.90578 -0.23569
vn -0.19975 -0.74890 -0.63186
vn 0.29678 -0.75420 -0.58575
vn 0.73324 -0.67819 -0.04916
vn 0.79606 -0.60493 0.01888
vn 0.79462 -0.60537 0.04576
vn 0.78324 -0.51726 0.34493
vn 0.33631 -0.46560 0.81860
vn 0.03568 -0.58149 0.81277
vn 0.72348 -0.27728 0.63221
vn 0.99667 -0.07634 0.02875
vn 0.99834 -0.05729 -0.00624
vn 0.70267 -0.58005 -0.41206
vn 0.78827 -0.26551 -0.55509
vn 0.20598 -0.37095 -0.90552
vn 0.99805 -0.06026 -0.01626
vn 0.96914 0.24125 0.05065
vn 0.73267 0.23735 0.63786
vn 0.94012 -0.16285 0.29942
vn 0.44599 -0.17409 0.87794
vn -0.35686 -0.42149 0.83366
vn 0.90748 -0.40492 -0.11184
vn 0.00596 -0.99998 0.00363
vn 0.00229 -0.99598 -0.08959
vn 0.51224 -0.60121 -0.61332
vn 0.82830 -0.31527 -0.46317
vn 0.81962 -0.00587 -0.57288
vn 0.96826 0.24318 -0.05784
vn 0.94583 -0.32248 -0.03770
vn 0.96997 0.23916 -0.04434
vn 0.94930 -0.31425 -0.00834
vn 0.16401 -0.92613 0.33968
vn 0.07592 -0.50704 0.85858
vn -0.61339 -0.78600 0.07723
vn 0.14564 -0.98910 0.02161
vn -0.59722 -0.80168 0.02512
vn -0.54761 -0.83674 -0.00056
vn -0.04081 -0.96313 -0.26594
vn 0.03991 -0.76904 -0.63796
vn 0.32451 -0.29583 -0.89843
vn 0.87030 0.06949 0.48759
vn 0.37461 0.14238 0.91619
vn 0.38739 0.04991 0.92056
vn 0.85335 -0.14238 0.50152
vn 0.44031 0.02444 0.89751
vn 0.87535 -0.31796 0.36423
vn 0.95047 -0.27421 -0.14637
vn 0.94801 -0.30254 -0.09869
vn 0.86830 -0.16425 -0.46806
vn 0.92104 -0.03663 -0.38775
vn 0.60493 0.01318 -0.79617
vn 0.79919 0.20569 -0.56479
vn 0.44000 0.13625 -0.88760
vn 0.75748 0.46599 -0.45726
vn 0.86937 0.38450 0.31041
vn 0.75824 0.48684 0.43365
vn 0.03311 0.99623 -0.08021
vn 0.78999 0.57660 -0.20846
vn 0.79067 -0.53850 -0.29130
vn 0.64419 0.36547 -0.67190
vn 0.60603 -0.08007 -0.79140
vn 0.24179 0.30028 -0.92270
vn 0.45035 0.66588 -0.59480
vn 0.05070 0.86783 -0.49427
vn 0.43539 0.89836 -0.05812
vn 0.02395 0.99850 -0.04924
vn 0.41209 0.86821 0.27639
vn 0.40701 0.68253 0.60703
vn 0.74159 0.41800 0.52470
vn 0.53290 0.18795 0.82504
vn 0.88041 0.11694 0.45958
vn 0.89710 -0.26914 0.35039
vn 0.99597 -0.05802 -0.06844
vn 0.84186 -0.52782 -0.11259
vn 0.87480 -0.15261 -0.45982
vn 0.88444 0.46344 -0.05467
vn -0.81292 -0.18934 -0.55074
vn -0.95646 -0.19192 -0.21988
vn -0.86745 -0.30089 -0.39623
vn -0.56545 -0.56728 -0.59872
vn -0.55468 -0.65179 -0.51720
vn -0.27865 -0.88161 -0.38095
vn 0.54966 -0.64727 -0.52812
vn 0.68428 -0.17068 -0.70897
vn 0.76244 -0.09298 -0.64035
vn 0.65929 -0.26907 -0.70209
vn 0.45968 -0.74902 -0.47715
vn 0.03940 -0.20351 -0.97828
vn -0.06112 -0.69518 -0.71623
vn 0.16549 -0.95562 -0.24373
vn 0.20734 -0.97111 -0.11812
vn -0.10618 -0.82968 -0.54804
vn -0.34917 -0.79851 -0.49037
vn -0.13684 -0.97326 -0.18451
vn -0.07707 -0.99676 -0.02303
vn -0.07625 -0.99266 0.09387
vn -0.05321 -0.98680 0.15295
vn -0.04664 -0.92499 0.37711
vn 0.03767 -0.83537 0.54840
vn -0.04762 -0.62682 0.77771
vn 0.07994 -0.59078 0.80286
vn -0.06245 -0.29268 0.95417
vn 0.04119 -0.25111 0.96708
vn -0.00327 0.09941 0.99504
vn -0.24259 -0.96832 -0.05930
vn -0.15812 -0.98726 0.01760
vn 0.11625 -0.93754 -0.32787
vn 0.32748 -0.67095 -0.66527
vn -0.00157 -0.89907 -0.43780
vn 0.33445 -0.61012 -0.71826
vn -0.00554 -0.91091 -0.41257
vn 0.37994 -0.74578 -0.54723
vn 0.05213 -0.96159 -0.26948
vn -0.28811 -0.95751 0.01290
vn -0.55885 -0.71245 0.42439
vn -0.64040 -0.62839 0.44160
vn -0.60510 -0.79463 0.04918
vn -0.23040 -0.90563 -0.35602
vn -0.19680 -0.96728 -0.16014
vn 0.82138 -0.27116 -0.50181
vn 0.00561 -0.98704 0.16036
vn 0.24857 -0.96704 0.05514
vn 0.49878 -0.84195 -0.20575
vn 0.54297 -0.78896 -0.28761
vn 0.81081 -0.22333 -0.54103
vn 0.42265 -0.79411 -0.43676
vn 0.70068 -0.18521 -0.68902
vn 0.61564 -0.06519 -0.78533
vn -0.63673 -0.70987 0.30111
vn -0.63024 -0.72869 0.26796
vn -0.31564 -0.94828 -0.03369
vn -0.28160 -0.95034 -0.13250
vn -0.28585 -0.95737 0.04158
vn 0.20925 -0.97022 -0.12201
vn -0.19510 -0.97372 0.11747
vn 0.01347 0.99153 -0.12920
vn -0.25339 0.94642 0.20019
vn -0.25155 0.93548 0.24819
vn -0.41999 0.78983 0.44696
vn -0.56590 0.37684 0.73331
vn -0.68984 0.39776 0.60491
vn -0.36624 0.74297 0.56024
vn -0.07830 0.96629 0.24525
vn 0.04180 0.99894 -0.01930
vn 0.43871 0.82515 -0.35589
vn 0.23633 0.90856 -0.34447
vn -0.41913 0.75815 0.49954
vn 0.45879 0.87595 -0.14908
vn -0.03278 0.99473 0.09719
vn -0.52457 0.79001 0.31736
vn -0.06929 0.99703 -0.03355
vn -0.47761 0.77033 0.42247
vn -0.01289 0.99991 0.00464
vn -0.37077 0.77737 0.50816
vn 0.18240 0.98224 -0.04392
vn 0.02042 0.99966 -0.01619
vn 0.70202 0.33595 -0.62794
vn 0.42101 0.77690 -0.46817
vn 0.50623 0.72057 -0.47382
vn 0.65797 0.38501 -0.64718
vn 0.51634 0.79139 -0.32726
vn 0.77046 0.36530 -0.52244
vn 0.77407 0.49116 -0.39948
vn 0.59933 0.67175 -0.43538
vn 0.73938 0.27312 -0.61541
vn 0.73694 0.41635 -0.53251
vn -0.93421 0.04372 -0.35404
vn -0.63765 0.59817 -0.48539
vn -0.74287 0.16353 -0.64915
vn 0.49064 0.60020 -0.63169
vn 0.64458 0.17630 -0.74394
vn 0.04798 0.31072 -0.94929
vn -0.17486 0.73920 -0.65039
vn -0.15793 0.96228 -0.22154
vn 0.02750 0.99334 -0.11191
vn -0.02699 0.93405 0.35612
vn 0.02736 0.88352 0.46759
vn 0.18054 0.63622 0.75009
vn 0.06172 0.59064 0.80457
vn 0.17722 0.19064 0.96553
vn -0.76679 -0.29928 0.56786
vn -0.68535 0.30570 0.66094
vn -0.88603 0.29983 0.35363
vn -0.42665 -0.27275 0.86231
vn -0.37421 -0.63283 0.67786
vn -0.09457 -0.91764 0.38601
vn -0.27380 -0.90672 0.32075
vn -0.43936 -0.89321 0.09561
vn -0.66786 -0.65102 0.36075
vn -0.54595 -0.83775 -0.01051
vn -0.49153 0.80254 0.33812
vn -0.28123 0.95781 0.05929
vn -0.21032 0.95669 0.20125
vn -0.01579 0.92653 0.37589
vn -0.24092 0.76407 0.59846
vn -0.50884 0.75642 0.41099
vn -0.54534 0.81066 0.21316
vn -0.31462 0.23473 0.91974
vn -0.72631 0.57683 0.37382
vn -0.59892 0.38530 0.70202
vn -0.65672 0.32786 0.67914
vn -0.75413 0.35747 0.55090
vn -0.61512 -0.21132 0.75959
vn -0.79172 -0.17725 0.58460
vn -0.81482 -0.01889 0.57941
vn -0.69910 0.02106 0.71472
vn -0.75676 0.11039 0.64431
vn -0.94121 0.07399 0.32962
vn -0.89598 -0.33838 0.28760
vn -0.61204 -0.63028 0.47765
vn -0.79592 -0.46693 0.38533
vn -0.79779 -0.39465 0.45583
vn -0.75715 -0.32037 0.56929
vn -0.69231 -0.22442 0.68581
vn -0.84646 -0.35586 0.39607
vn -0.76970 -0.62063 0.14959
vn -0.63475 -0.73511 0.23812
vn -0.42595 -0.75415 0.49983
vn -0.12397 0.81705 -0.56309
vn 0.58486 0.37276 -0.72041
vn 0.57267 -0.44741 -0.68693
vn -0.05209 -0.96392 -0.26105
vn -0.33961 -0.32542 -0.88248
vn -0.82103 -0.54049 -0.18376
vn -0.89710 0.42566 -0.11842
vn -0.79999 0.55020 -0.23938
vn -0.86512 -0.39803 -0.30519
vn 0.94877 -0.31487 0.02642
vn 0.90978 -0.19813 -0.36474
vn 0.16739 0.45662 -0.87377
vn 0.85836 -0.49883 0.11996
vn 0.67818 0.02821 -0.73435
vn 0.92499 0.32651 -0.19441
vn 0.95074 0.27298 -0.14687
vn 0.69328 -0.71370 0.10001
vn 0.24126 -0.96986 0.03427
vn 0.45730 0.78461 -0.41863
vn -0.11212 0.64072 -0.75954
vn 0.64898 0.01427 -0.76067
vn 0.03057 -0.74026 -0.67163
vn -0.59263 -0.14570 -0.79218
vn 0.03475 0.39409 -0.91841
vn -0.48593 0.60738 -0.62845
vn -0.33067 0.56159 -0.75846
vn 0.14579 0.84810 -0.50938
vn -0.40876 0.36019 -0.83855
vn 0.79971 -0.59241 -0.09752
vn 0.79548 -0.35393 -0.49188
vn 0.89776 -0.42851 -0.10201
vn 0.78059 -0.59763 -0.18307
vn 0.78595 -0.59122 -0.18093
vn 0.77487 -0.63164 -0.02455
vn 0.65543 -0.75364 -0.04936
vn 0.60128 -0.73067 0.32340
vn 0.31658 -0.85763 0.40527
vn 0.51359 -0.80722 0.29089
vn 0.10861 -0.99392 -0.01810
vn 0.49869 -0.79152 0.35328
vn 0.74869 -0.65811 0.07973
vn 0.70584 -0.70828 -0.01119
vn 0.85039 -0.51952 -0.08324
vn 0.84166 -0.52372 -0.13161
vn 0.93125 -0.34646 0.11283
vn 0.85862 -0.46055 0.22508
vn 0.90616 -0.41826 0.06268
vn 0.73493 -0.55061 0.39586
vn 0.90430 -0.41011 -0.11857
vn 0.94668 -0.31070 -0.08523
vn 0.94332 -0.26297 0.20248
vn 0.93043 -0.35210 -0.10166
vn 0.90637 -0.33756 -0.25406
vn 0.90160 -0.37537 -0.21497
vn 0.86763 -0.43994 -0.23165
vn 0.95923 -0.28196 -0.01923
vn 0.97131 -0.20610 -0.11867
vn 0.71823 -0.52619 -0.45527
vn 0.73518 -0.60420 -0.30734
vn 0.50568 -0.66150 -0.55381
vn 0.43116 -0.82920 -0.35570
vn 0.74561 -0.66492 -0.04409
vn 0.43693 -0.58761 -0.68104
vn 0.35440 -0.93397 -0.04584
vn 0.28706 -0.53989 -0.79127
vn 0.41099 -0.57142 -0.71033
vn 0.63570 -0.63461 -0.43948
vn 0.70065 -0.70438 -0.11370
vn 0.59863 -0.80076 0.02066
vn 0.26295 -0.76117 -0.59286
vn 0.32284 -0.89231 -0.31551
vn -0.01262 -0.82633 -0.56305
vn -0.11416 -0.99196 -0.05469
vn 0.03917 -0.99920 0.00759
vn 0.06514 -0.74145 -0.66784
vn 0.39346 -0.78065 -0.48557
vn 0.20767 -0.63789 -0.74160
vn 0.41257 -0.81008 0.41660
vn 0.04774 -0.86304 0.50287
vn 0.11918 -0.84303 0.52449
vn -0.05168 -0.78864 0.61268
vn -0.11611 -0.86076 -0.49559
vn -0.13369 -0.82463 0.54964
vn 0.24793 -0.96706 0.05769
vn 0.50226 -0.86363 -0.04330
vn 0.47586 -0.81352 0.33426
vn 0.43482 -0.83024 0.34877
vn 0.76621 -0.60160 0.22582
vn 0.39962 -0.82711 0.39521
vn 0.01552 -0.92816 0.37185
vn -0.27072 -0.96173 -0.04217
vn -0.48244 -0.70175 -0.52421
vn -0.26250 -0.55233 -0.79122
vn -0.32752 -0.55964 -0.76127
vn -0.59459 -0.73959 -0.31539
vn 0.35778 -0.93086 0.07417
vn -0.39595 -0.84031 0.37029
vn -0.74117 -0.67015 0.03951
vn 0.38685 -0.76665 0.51243
vn 0.59764 -0.49576 0.63012
vn 0.67942 -0.05868 0.73140
vn 0.77056 -0.25703 0.58324
vn 0.25630 -0.71183 0.65391
vn -0.56990 -0.68132 0.45936
vn -0.17878 -0.74480 0.64289
vn -0.64181 -0.51584 0.56745
vn -0.79865 -0.25279 0.54612
vn -0.67212 0.00722 0.74041
vn -0.91807 -0.19316 0.34617
vn 0.38621 -0.88819 -0.24890
vn 0.30480 -0.75381 -0.58212
vn 0.41783 -0.88915 -0.18662
vn 0.22713 -0.97051 0.08071
vn 0.16725 -0.95212 -0.25594
vn -0.25553 -0.96356 0.07914
vn -0.20834 -0.97243 -0.10476
vn -0.44705 -0.88574 -0.12496
vn -0.48130 -0.85215 -0.20542
vn -0.49254 -0.87015 -0.01555
vn -0.56630 -0.81575 -0.11775
vn -0.55045 -0.82615 -0.12036
vn -0.67797 -0.64244 0.35724
vn -0.82143 -0.56684 0.06284
vn -0.83598 -0.13400 -0.53215
vn 0.28207 -0.91341 -0.29347
vn -0.12587 -0.86790 0.48053
vn 0.14846 -0.89390 0.42296
vn 0.60007 -0.76571 0.23155
vn 0.54160 -0.73941 0.39993
vn 0.68834 -0.60221 0.40439
vn 0.57573 -0.81421 -0.07480
vn 0.57938 -0.53946 -0.61099
vn 0.29473 -0.40366 -0.86614
vn -0.23866 -0.37466 -0.89592
vn -0.44642 -0.85587 -0.26113
vn -0.50801 -0.77194 0.38215
vn -0.64163 -0.76648 0.02863
vn -0.47110 -0.25768 -0.84360
vn -0.60943 -0.39729 -0.68611
vn -0.54035 -0.50645 -0.67196
vn -0.48226 -0.29601 -0.82451
vn 0.50906 -0.21739 -0.83282
vn 0.64195 -0.35739 -0.67836
vn 0.50359 -0.24064 -0.82976
vn 0.51161 -0.84284 -0.16697
vn 0.54462 -0.83845 -0.01987
vn 0.52576 -0.77026 0.36093
vn 0.72537 -0.68054 0.10344
vn 0.63902 -0.55119 0.53651
vn 0.42719 -0.56467 0.70616
vn 0.17658 -0.87156 0.45738
vn -0.25674 -0.85071 0.45867
vn -0.49121 -0.66357 0.56426
vn -0.61428 -0.61987 0.48828
vn -0.54475 -0.83856 0.00736
vn -0.72870 -0.66258 0.17317
vn -0.60585 -0.79372 0.05427
vn -0.61446 -0.78805 -0.03759
vn -0.52502 -0.81845 -0.23342
vn -0.54143 -0.82589 0.15736
vn -0.21048 -0.97614 0.05333
vn -0.24996 -0.92369 0.29039
vn 0.59750 -0.78719 -0.15274
vn 0.59126 -0.80617 0.02235
vn 0.57074 -0.81618 -0.08998
vn -0.23450 -0.95806 -0.16469
vn 0.26364 -0.94809 -0.17784
vn 0.25626 -0.92009 -0.29626
vn 0.49800 -0.86718 -0.00005
vn 0.63055 -0.76897 0.10528
vn 0.58142 -0.81232 -0.04563
vn -0.15404 -0.90045 -0.40677
vn 0.25803 -0.93170 0.25563
vn 0.34942 -0.93452 0.06763
vn 0.65187 -0.18860 -0.73450
vn -0.60275 -0.13931 -0.78567
vn -0.58282 -0.13168 -0.80186
vn -0.82169 -0.48871 -0.29325
vn -0.64634 -0.76302 -0.00563
vn -0.61313 -0.78980 -0.01708
vn -0.86966 -0.49010 -0.05906
vn -0.76772 -0.60413 -0.21360
vn -0.82594 -0.56323 -0.02444
vn -0.85362 -0.49634 0.15807
vn -0.81998 -0.38341 -0.42500
vn -0.81313 -0.18096 -0.55324
vn -0.91113 -0.39745 -0.10898
vn -0.91218 -0.40443 0.06599
vn -0.89165 -0.42362 -0.15972
vn -0.82201 -0.55705 -0.11827
vn -0.83198 -0.39512 -0.38947
vn -0.94057 -0.33002 -0.08005
vn -0.95408 -0.29505 -0.05178
vn -0.92241 -0.35428 0.15380
vn -0.87660 -0.48117 -0.00625
vn -0.77670 -0.61311 0.14430
vn -0.61552 -0.62916 -0.47465
vn -0.83558 -0.53444 -0.12719
vn -0.97261 -0.22661 -0.05176
vn -0.93161 -0.33465 -0.14183
vn -0.88613 -0.44023 0.14478
vn -0.92810 -0.28183 0.24332
vn -0.92526 -0.37151 -0.07663
vn -0.96997 -0.23384 -0.06697
vn -0.93015 -0.29863 -0.21364
vn -0.57613 0.61429 0.53919
vn -0.99916 -0.01286 -0.03896
vn -0.94320 -0.04800 -0.32875
vn -0.60304 0.27911 -0.74729
vn -0.62847 -0.26376 -0.73175
vn -0.22942 -0.52970 -0.81657
vn -0.59465 0.79700 -0.10576
vn -0.32299 0.82676 -0.46059
vn 0.51491 0.78027 -0.35503
vn 0.48480 0.85610 0.17907
# 3165 normals
usemtl t_guerilla_tga
f  1288/1/1 232/2/2 294/3/3
f  1288/1/1 1287/4/4 232/2/2
f  232/2/2 1287/4/4 1286/5/5
f  232/2/2 1286/5/5 234/6/6
f  234/6/6 1286/5/5 1285/7/7
f  1289/8/8 1288/9/1 294/10/3
f  1290/11/9 1289/8/8 294/10/3
f  1290/11/9 294/10/3 295/12/10
f  1291/13/11 1290/11/9 295/12/10
f  295/12/10 308/14/12 1291/13/11
f  308/14/12 1292/15/13 1291/13/11
f  4/16/14 15/17/15 21/18/16
f  15/17/15 4/16/14 3/19/17
f  2/20/18 15/17/15 3/19/17
f  2/20/18 17/21/19 15/17/15
f  1/22/20 17/21/19 2/20/18
f  1/22/20 16/23/21 17/21/19
f  120/24/22 118/25/23 16/23/21
f  120/24/22 16/23/21 1/22/20
f  123/26/24 120/24/22 1/22/20
f  123/26/24 1/22/20 9/27/25
f  9/27/25 1/22/20 2/20/18
f  9/27/25 2/20/18 8/28/26
f  8/28/26 2/20/18 3/19/17
f  8/28/26 3/19/17 6/29/27
f  4/16/14 6/29/27 3/19/17
f  4/16/14 14/30/28 6/29/27
f  14/30/28 4/16/14 13/31/29
f  4/16/14 21/18/16 13/31/29
f  13/31/29 21/18/16 11/32/30
f  90/33/31 86/34/32 5/35/33
f  5/35/33 86/34/32 85/36/34
f  7/37/35 5/35/33 85/36/34
f  7/37/35 85/36/34 496/38/36
f  496/38/36 494/39/37 7/37/35
f  492/40/38 123/26/24 9/27/25
f  11/32/30 21/18/16 87/41/39
f  11/32/30 87/41/39 96/42/40
f  95/43/41 11/32/30 96/42/40
f  94/44/42 11/32/30 95/43/41
f  94/44/42 10/45/43 11/32/30
f  10/45/43 94/44/42 93/46/44
f  10/45/43 93/46/44 92/47/45
f  91/48/46 10/45/43 92/47/45
f  91/48/46 12/49/47 10/45/43
f  90/33/31 12/49/47 91/48/46
f  90/33/31 14/30/28 12/49/47
f  14/30/28 90/33/31 5/35/33
f  14/30/28 5/35/33 6/29/27
f  7/37/35 6/29/27 5/35/33
f  7/37/35 8/28/26 6/29/27
f  494/39/37 8/28/26 7/37/35
f  494/39/37 9/27/25 8/28/26
f  492/40/38 9/27/25 494/39/37
f  12/49/47 11/32/30 10/45/43
f  12/49/47 13/31/29 11/32/30
f  14/30/28 13/31/29 12/49/47
f  118/25/48 28/50/49 16/23/50
f  20/51/51 21/18/52 15/17/53
f  19/52/54 20/51/51 18/53/55
f  20/51/51 15/17/53 18/53/55
f  18/53/55 15/17/53 17/21/56
f  450/54/57 73/55/58 451/56/59
f  450/54/57 26/57/60 73/55/58
f  26/57/60 70/58/61 73/55/58
f  26/57/60 24/59/62 70/58/61
f  24/59/62 76/60/63 70/58/61
f  24/59/62 28/50/49 76/60/63
f  24/59/62 16/23/50 28/50/49
f  23/61/64 16/23/50 24/59/62
f  23/61/64 17/21/56 16/23/50
f  18/53/55 17/21/56 23/61/64
f  22/62/65 18/53/55 23/61/64
f  19/52/54 18/53/55 22/62/65
f  406/63/66 19/52/54 22/62/65
f  405/64/67 19/52/54 406/63/66
f  405/64/67 62/65/68 19/52/54
f  62/65/68 20/51/51 19/52/54
f  62/65/68 63/66/69 20/51/51
f  63/66/69 21/18/52 20/51/51
f  63/66/69 87/41/70 21/18/52
f  416/67/71 25/68/72 417/69/73
f  406/63/66 22/62/65 416/67/71
f  416/67/71 22/62/65 25/68/72
f  22/62/65 23/61/64 25/68/72
f  25/68/72 23/61/64 24/59/62
f  25/68/72 24/59/62 26/57/60
f  417/69/73 25/68/72 26/57/60
f  417/69/73 26/57/60 450/54/57
f  387/70/74 82/71/75 399/72/76
f  27/73/77 28/50/78 118/25/23
f  27/73/77 118/25/23 82/71/75
f  387/70/74 27/73/77 82/71/75
f  388/74/79 27/73/77 387/70/74
f  388/74/79 81/75/80 27/73/77
f  81/75/80 28/50/78 27/73/77
f  81/75/80 76/60/81 28/50/78
f  29/76/82 30/77/83 31/78/84
f  29/76/82 31/78/84 32/79/85
f  33/80/86 34/81/87 32/79/85
f  29/76/82 32/79/85 34/81/87
f  34/81/87 35/82/88 29/76/82
f  36/83/89 29/76/82 35/82/88
f  36/83/89 30/77/83 29/76/82
f  37/84/90 30/77/83 36/83/89
f  30/77/83 37/84/90 2209/85/91
f  30/77/83 2209/85/91 2139/86/92
f  31/78/84 30/77/83 2139/86/92
f  31/78/84 2139/86/92 2160/87/93
f  2160/87/93 2159/88/94 31/78/84
f  53/89/95 31/78/84 2159/88/94
f  31/78/84 53/89/95 32/79/85
f  51/90/96 32/79/85 53/89/95
f  32/79/85 51/90/96 33/80/86
f  56/91/97 33/80/86 51/90/96
f  841/92/98 33/80/86 56/91/97
f  841/92/98 814/93/99 33/80/86
f  814/93/99 34/81/87 33/80/86
f  814/93/99 849/94/100 34/81/87
f  849/94/100 850/95/101 34/81/87
f  35/82/88 34/81/87 850/95/101
f  850/95/101 851/96/102 35/82/88
f  38/97/103 35/82/88 851/96/102
f  35/82/88 38/97/103 36/83/89
f  39/98/104 36/83/89 38/97/103
f  36/83/89 39/98/104 37/84/90
f  41/99/105 37/84/90 39/98/104
f  2209/85/91 37/84/90 41/99/105
f  2209/85/91 41/99/105 42/100/106
f  2209/85/91 42/100/106 2221/101/107
f  2221/101/107 42/100/106 2254/102/108
f  2251/103/109 2254/102/108 42/100/106
f  2251/103/109 42/100/106 2118/104/110
f  42/100/106 40/105/111 2118/104/110
f  2118/104/110 40/105/111 44/106/112
f  44/106/112 40/105/111 45/107/113
f  851/96/102 852/108/114 38/97/103
f  47/109/115 38/97/103 852/108/114
f  38/97/103 47/109/115 39/98/104
f  45/107/113 39/98/104 47/109/115
f  39/98/104 45/107/113 41/99/105
f  40/105/111 41/99/105 45/107/113
f  42/100/106 41/99/105 40/105/111
f  52/110/116 49/111/117 50/112/118
f  52/110/116 43/113/119 49/111/117
f  54/114/120 43/113/119 52/110/116
f  54/114/120 55/115/121 43/113/119
f  43/113/119 55/115/121 44/106/112
f  44/106/112 55/115/121 2120/116/122
f  44/106/112 2120/116/122 2119/117/123
f  2118/104/110 44/106/112 2119/117/123
f  43/113/119 44/106/112 46/118/124
f  49/111/117 43/113/119 46/118/124
f  49/111/117 46/118/124 48/119/125
f  44/106/112 45/107/113 46/118/124
f  46/118/124 45/107/113 47/109/115
f  46/118/124 47/109/115 48/119/125
f  852/108/114 48/119/125 47/109/115
f  852/108/114 853/120/126 48/119/125
f  853/120/126 49/111/117 48/119/125
f  853/120/126 844/121/127 49/111/117
f  49/111/117 844/121/127 843/122/128
f  49/111/117 843/122/128 50/112/118
f  843/122/128 56/123/97 50/112/118
f  51/124/96 50/112/118 56/123/97
f  51/124/96 52/110/116 50/112/118
f  53/125/95 52/110/116 51/124/96
f  53/125/95 54/114/120 52/110/116
f  54/114/120 53/125/95 2159/126/94
f  54/114/120 2159/126/94 2121/127/129
f  2120/116/122 54/114/120 2121/127/129
f  2120/116/122 55/115/121 54/114/120
f  843/122/128 841/128/98 56/123/97
f  200/129/130 58/130/131 201/131/132
f  201/131/132 58/130/131 57/132/133
f  201/131/132 57/132/133 203/133/134
f  203/133/134 57/132/133 64/134/135
f  203/133/134 64/134/135 204/135/136
f  204/135/136 64/134/135 62/136/68
f  204/135/136 62/136/68 405/137/67
f  61/138/137 87/139/70 63/140/69
f  61/138/137 97/141/138 87/139/70
f  97/141/138 61/138/137 109/142/139
f  58/130/131 59/143/140 57/132/133
f  57/132/133 59/143/140 60/144/141
f  57/132/133 60/144/141 64/134/135
f  451/145/59 73/146/58 71/147/142
f  451/145/59 71/147/142 198/148/143
f  197/149/144 198/148/143 71/147/142
f  197/149/144 71/147/142 68/150/145
f  199/151/146 197/149/144 68/150/145
f  199/151/146 68/150/145 200/129/130
f  200/129/130 68/150/145 66/152/147
f  200/129/130 66/152/147 58/130/131
f  66/152/147 65/153/148 58/130/131
f  58/130/131 65/153/148 59/143/140
f  65/153/148 113/154/149 59/143/140
f  113/154/149 60/144/141 59/143/140
f  113/154/149 111/155/150 60/144/141
f  60/144/141 111/155/150 109/142/139
f  61/138/137 60/144/141 109/142/139
f  64/134/135 60/144/141 61/138/137
f  64/134/135 61/138/137 63/140/69
f  64/134/135 63/140/69 62/136/68
f  117/156/151 77/157/152 118/158/48
f  74/159/153 72/160/154 75/161/155
f  74/159/153 69/162/156 72/160/154
f  69/162/156 74/159/153 77/157/152
f  69/162/156 77/157/152 67/163/157
f  67/163/157 77/157/152 117/156/151
f  67/163/157 117/156/151 65/153/148
f  115/164/158 65/153/148 117/156/151
f  65/153/148 115/164/158 113/154/149
f  66/152/147 67/163/157 65/153/148
f  68/150/145 67/163/157 66/152/147
f  68/150/145 69/162/156 67/163/157
f  69/162/156 68/150/145 71/147/142
f  69/162/156 71/147/142 72/160/154
f  70/165/61 76/166/63 75/161/155
f  70/165/61 75/161/155 72/160/154
f  73/146/58 70/165/61 72/160/154
f  73/146/58 72/160/154 71/147/142
f  78/167/159 77/157/160 74/159/161
f  78/167/159 74/159/161 79/168/162
f  79/168/162 74/159/161 75/161/163
f  79/168/162 75/161/163 80/169/164
f  80/169/164 75/161/163 76/166/81
f  80/169/164 76/166/81 81/170/80
f  82/171/75 118/158/23 77/157/160
f  82/171/75 77/157/160 78/167/159
f  83/172/165 82/171/75 78/167/159
f  83/172/165 78/167/159 79/168/162
f  83/172/165 79/168/162 84/173/166
f  80/169/164 84/173/166 79/168/162
f  397/174/167 84/173/166 80/169/164
f  397/174/167 80/169/164 395/175/168
f  395/175/168 80/169/164 81/170/80
f  395/175/168 81/170/80 388/176/79
f  399/177/76 82/171/75 83/172/165
f  399/177/76 83/172/165 398/178/169
f  398/178/169 83/172/165 84/173/166
f  398/178/169 84/173/166 397/174/167
f  85/179/34 88/180/170 496/181/36
f  89/182/171 88/180/170 85/179/34
f  85/179/34 86/183/32 89/182/171
f  89/182/171 86/183/32 90/184/31
f  96/185/40 87/139/39 97/141/172
f  496/181/36 103/186/173 122/187/174
f  88/180/170 103/186/173 496/181/36
f  88/180/170 102/188/175 103/186/173
f  89/182/171 102/188/175 88/180/170
f  89/182/171 101/189/176 102/188/175
f  89/182/171 90/184/31 101/189/176
f  90/184/31 98/190/177 101/189/176
f  90/184/31 91/191/46 98/190/177
f  98/190/177 91/191/46 92/192/45
f  98/190/177 92/192/45 93/193/44
f  93/193/44 99/194/178 98/190/177
f  93/193/44 94/195/42 99/194/178
f  94/195/42 100/196/179 99/194/178
f  94/195/42 95/197/41 100/196/179
f  95/197/41 108/198/180 100/196/179
f  95/197/41 96/185/40 108/198/180
f  96/185/40 97/141/172 108/198/180
f  109/142/181 108/198/180 97/141/172
f  98/190/177 99/194/178 101/189/176
f  99/194/178 107/199/182 101/189/176
f  99/194/178 100/196/179 107/199/182
f  107/199/182 100/196/179 108/198/180
f  107/199/182 110/200/183 112/201/184
f  107/199/182 112/201/184 104/202/185
f  101/189/176 107/199/182 104/202/185
f  101/189/176 104/202/185 102/188/175
f  102/188/175 104/202/185 105/203/186
f  102/188/175 105/203/186 103/186/173
f  103/186/173 105/203/186 106/204/187
f  103/186/173 106/204/187 122/187/174
f  122/187/174 106/204/187 121/205/188
f  106/204/187 119/206/189 121/205/188
f  106/204/187 116/207/190 119/206/189
f  106/204/187 114/208/191 116/207/190
f  104/202/185 112/201/184 114/208/191
f  104/202/185 114/208/191 105/203/186
f  106/204/187 105/203/186 114/208/191
f  107/199/182 108/198/180 110/200/183
f  109/142/181 110/200/183 108/198/180
f  111/155/192 110/200/183 109/142/181
f  111/155/192 112/201/184 110/200/183
f  113/154/193 112/201/184 111/155/192
f  113/154/193 114/208/191 112/201/184
f  115/164/194 114/208/191 113/154/193
f  115/164/194 116/207/190 114/208/191
f  117/156/195 116/207/190 115/164/194
f  117/156/195 119/206/189 116/207/190
f  119/206/189 117/156/195 118/158/23
f  119/206/189 118/158/23 120/209/22
f  121/205/188 119/206/189 120/209/22
f  121/205/188 120/209/22 123/210/24
f  123/210/24 489/211/196 121/205/188
f  122/187/174 121/205/188 489/211/196
f  488/212/197 122/187/174 489/211/196
f  496/181/36 122/187/174 488/212/197
f  492/213/38 489/211/196 123/210/24
f  268/214/198 254/215/199 270/216/200
f  127/217/201 270/216/200 254/215/199
f  252/218/202 127/217/201 254/215/199
f  126/219/203 127/217/201 252/218/202
f  126/219/203 252/218/202 250/220/204
f  125/221/205 126/219/203 250/220/204
f  125/221/205 250/220/204 248/222/206
f  246/223/207 125/221/205 248/222/206
f  246/223/207 124/224/208 125/221/205
f  124/224/208 246/223/207 275/225/209
f  276/226/210 124/224/208 275/225/209
f  276/226/210 271/227/211 124/224/208
f  124/224/208 271/227/211 125/221/205
f  125/221/205 271/227/211 272/228/212
f  272/228/212 126/219/203 125/221/205
f  126/219/203 272/228/212 263/229/213
f  263/229/213 127/217/201 126/219/203
f  270/216/200 127/217/201 263/229/213
f  534/230/214 532/231/215 161/232/216
f  534/230/214 161/232/216 180/233/217
f  161/232/216 179/234/218 180/233/217
f  161/232/216 168/235/219 179/234/218
f  179/234/218 168/235/219 169/236/220
f  179/234/218 169/236/220 178/237/221
f  178/237/221 169/236/220 172/238/222
f  178/237/221 172/238/222 176/239/223
f  173/240/224 176/239/223 172/238/222
f  322/91/225 411/93/226 409/92/227
f  322/91/225 377/80/228 411/93/226
f  323/90/229 377/80/228 322/91/225
f  377/80/228 323/90/229 376/79/230
f  321/89/231 376/79/230 323/90/229
f  376/79/230 321/89/231 375/78/232
f  320/88/233 375/78/232 321/89/231
f  375/78/232 320/88/233 374/87/234
f  317/241/235 374/87/234 320/88/233
f  317/241/235 368/242/236 374/87/234
f  315/243/237 368/242/236 317/241/235
f  315/243/237 366/244/238 368/242/236
f  313/245/239 366/244/238 315/243/237
f  313/245/239 344/246/240 366/244/238
f  344/246/240 313/245/239 341/247/241
f  141/248/242 142/249/243 129/250/244
f  128/251/245 141/248/242 129/250/244
f  128/251/245 129/250/244 130/252/246
f  131/253/247 128/251/245 130/252/246
f  139/254/248 128/251/245 131/253/247
f  139/254/248 140/255/249 128/251/245
f  141/248/242 128/251/245 140/255/249
f  137/256/250 129/250/244 142/249/243
f  135/257/251 129/250/244 137/256/250
f  135/257/251 130/252/246 129/250/244
f  135/257/251 133/258/252 130/252/246
f  131/253/247 130/252/246 133/258/252
f  133/258/252 156/259/253 131/253/247
f  139/254/248 131/253/247 156/259/253
f  139/254/248 156/259/253 157/260/254
f  139/254/248 157/260/254 158/261/255
f  139/254/248 158/261/255 138/262/256
f  132/263/257 138/262/256 158/261/255
f  132/263/257 158/261/255 188/264/258
f  132/263/257 188/264/258 189/265/259
f  132/263/257 189/265/259 148/266/260
f  132/263/257 148/266/260 207/267/261
f  132/263/257 207/267/261 219/268/262
f  138/262/256 132/263/257 219/268/262
f  138/262/256 219/268/262 220/269/263
f  135/257/251 134/270/264 133/258/252
f  133/258/252 134/270/264 156/259/253
f  163/271/265 156/259/253 134/270/264
f  164/272/266 163/271/265 134/270/264
f  164/272/266 134/270/264 147/273/267
f  135/257/251 147/273/267 134/270/264
f  135/257/251 146/274/268 147/273/267
f  135/257/251 137/256/250 146/274/268
f  137/256/250 145/275/269 146/274/268
f  137/256/250 136/276/270 145/275/269
f  144/277/271 145/275/269 136/276/270
f  144/277/271 136/276/270 143/278/272
f  136/276/270 142/249/243 143/278/272
f  137/256/250 142/249/243 136/276/270
f  139/254/248 138/262/256 220/269/263
f  139/254/248 220/269/263 217/279/273
f  140/255/249 139/254/248 217/279/273
f  152/280/274 140/255/249 217/279/273
f  141/248/242 140/255/249 152/280/274
f  151/281/275 141/248/242 152/280/274
f  141/248/242 151/281/275 142/249/243
f  150/282/276 142/249/243 151/281/275
f  150/282/276 143/278/272 142/249/243
f  190/283/277 143/278/272 150/282/276
f  190/283/277 144/277/271 143/278/272
f  167/284/278 144/277/271 190/283/277
f  167/284/278 145/275/269 144/277/271
f  167/284/278 166/285/279 145/275/269
f  166/285/279 146/274/268 145/275/269
f  166/285/279 165/286/280 146/274/268
f  165/286/280 147/273/267 146/274/268
f  165/286/280 164/272/266 147/273/267
f  149/287/281 185/288/282 183/289/283
f  149/287/281 189/290/259 185/288/282
f  149/287/281 148/291/260 189/290/259
f  149/287/281 207/292/261 148/291/260
f  149/287/281 209/293/284 207/292/261
f  149/287/281 211/294/285 209/293/284
f  149/287/281 155/295/286 211/294/285
f  149/287/281 183/289/283 155/295/286
f  154/296/287 155/295/286 183/289/283
f  154/296/287 183/289/283 192/297/288
f  154/296/287 192/297/288 190/283/277
f  154/296/287 190/283/277 150/282/276
f  154/296/287 150/282/276 151/281/275
f  154/296/287 151/281/275 153/298/289
f  151/281/275 152/280/274 153/298/289
f  153/298/289 152/280/274 215/299/290
f  152/280/274 217/279/273 215/299/290
f  153/298/289 215/299/290 213/300/291
f  154/296/287 153/298/289 213/300/291
f  155/295/286 154/296/287 213/300/291
f  155/295/286 213/300/291 211/294/285
f  163/301/292 162/302/293 156/303/294
f  157/304/295 156/303/294 162/302/293
f  157/304/295 162/302/293 160/305/296
f  157/304/295 160/305/296 159/306/297
f  157/304/295 159/306/297 158/307/298
f  188/308/299 158/307/298 159/306/297
f  188/308/299 159/306/297 187/309/300
f  159/306/297 532/310/301 187/309/300
f  160/305/296 532/310/301 159/306/297
f  160/305/296 161/311/302 532/310/301
f  162/302/293 161/311/302 160/305/296
f  162/302/293 168/312/303 161/311/302
f  170/313/304 168/312/303 162/302/293
f  163/301/292 170/313/304 162/302/293
f  163/301/292 171/314/305 170/313/304
f  163/301/292 164/315/306 171/314/305
f  164/315/306 174/316/307 171/314/305
f  164/315/306 165/317/308 174/316/307
f  165/317/308 175/314/309 174/316/307
f  165/317/308 166/315/310 175/314/309
f  166/315/310 177/313/311 175/314/309
f  166/315/310 167/301/312 177/313/311
f  167/301/312 191/302/313 177/313/311
f  167/301/312 190/303/314 191/302/313
f  170/313/304 169/318/315 168/312/303
f  172/319/316 169/318/315 170/313/304
f  172/319/316 170/313/304 171/314/305
f  172/319/316 171/314/305 174/316/307
f  194/320/317 531/321/318 534/310/319
f  195/320/320 532/310/301 533/321/321
f  195/320/320 187/309/300 532/310/301
f  195/320/320 186/322/322 187/309/300
f  195/320/320 193/323/323 186/322/322
f  194/320/317 186/322/322 193/323/323
f  194/320/317 184/309/324 186/322/322
f  194/320/317 534/310/319 184/309/324
f  182/306/325 184/309/324 534/310/319
f  182/306/325 534/310/319 180/311/326
f  182/306/325 180/311/326 181/305/327
f  172/319/316 174/316/307 173/324/328
f  176/319/329 173/324/328 174/316/307
f  176/319/329 174/316/307 175/314/309
f  176/319/329 175/314/309 177/313/311
f  176/319/329 177/313/311 178/318/330
f  191/302/313 178/318/330 177/313/311
f  191/302/313 179/312/331 178/318/330
f  180/311/326 179/312/331 191/302/313
f  180/311/326 191/302/313 181/305/327
f  192/304/332 181/305/327 191/302/313
f  192/304/332 182/306/325 181/305/327
f  192/304/332 183/307/333 182/306/325
f  183/307/333 184/309/324 182/306/325
f  183/307/333 185/308/334 184/309/324
f  185/308/334 186/322/322 184/309/324
f  185/308/334 189/325/335 186/322/322
f  189/325/335 187/309/300 186/322/322
f  189/325/335 188/308/299 187/309/300
f  192/304/332 191/302/313 190/303/314
f  533/326/336 531/327/337 194/328/338
f  533/326/336 194/328/338 195/329/339
f  195/329/339 194/328/338 193/330/340
f  423/331/341 378/332/342 422/333/343
f  423/331/341 428/334/344 378/332/342
f  428/334/344 380/335/345 378/332/342
f  428/334/344 427/336/346 380/335/345
f  427/336/346 381/337/347 380/335/345
f  427/336/346 196/338/348 381/337/347
f  196/338/348 410/339/349 381/337/347
f  196/338/348 412/340/350 410/339/349
f  205/341/351 412/340/350 196/338/348
f  427/336/346 205/341/351 196/338/348
f  427/336/346 202/342/352 205/341/351
f  427/336/346 429/343/353 202/342/352
f  202/342/352 429/343/353 199/151/146
f  453/344/354 199/151/146 429/343/353
f  199/151/146 453/344/354 454/345/355
f  199/151/146 454/345/355 197/149/144
f  454/345/355 198/148/143 197/149/144
f  454/345/355 451/346/59 198/148/143
f  202/342/352 199/151/146 200/129/130
f  201/131/132 202/342/352 200/129/130
f  202/342/352 201/131/132 203/133/134
f  202/342/352 203/133/134 205/341/351
f  203/133/134 204/135/136 205/341/351
f  205/341/351 204/135/136 405/137/67
f  205/341/351 405/137/67 414/347/356
f  205/341/351 414/347/356 412/340/350
f  535/348/357 541/349/358 206/350/359
f  535/348/357 206/350/359 208/351/360
f  536/352/361 535/348/357 208/351/360
f  536/352/361 208/351/360 210/353/362
f  537/354/363 536/352/361 210/353/362
f  537/354/363 210/353/362 212/355/364
f  538/356/365 537/354/363 212/355/364
f  538/356/365 212/355/364 214/357/366
f  539/358/367 538/356/365 214/357/366
f  539/358/367 214/357/366 216/359/368
f  540/360/369 539/358/367 216/359/368
f  540/360/369 216/359/368 218/361/370
f  542/362/371 540/360/369 218/361/370
f  542/362/371 218/361/370 221/363/372
f  541/364/358 542/362/371 221/363/372
f  541/364/358 221/363/372 206/365/359
f  206/365/359 221/363/372 219/366/373
f  206/365/359 219/366/373 207/367/374
f  208/351/360 206/350/359 207/368/374
f  208/351/360 207/368/374 209/369/375
f  210/353/362 208/351/360 209/369/375
f  210/353/362 209/369/375 211/370/376
f  212/355/364 210/353/362 211/370/376
f  212/355/364 211/370/376 213/371/377
f  214/357/366 212/355/364 213/371/377
f  214/357/366 213/371/377 215/372/378
f  216/359/368 214/357/366 215/372/378
f  216/359/368 215/372/378 217/373/379
f  218/361/370 216/359/368 217/373/379
f  218/361/370 217/373/379 220/374/380
f  221/363/372 218/361/370 220/374/380
f  221/363/372 220/374/380 219/366/373
f  261/375/381 265/376/382 231/377/383
f  265/376/382 282/378/384 231/377/383
f  231/377/383 282/378/384 230/379/385
f  283/380/386 230/379/385 282/378/384
f  283/380/386 229/381/387 230/379/385
f  229/381/387 283/380/386 225/382/388
f  283/380/386 281/383/389 225/382/388
f  224/384/390 225/382/388 281/383/389
f  224/384/390 281/383/389 291/385/391
f  293/386/392 224/384/390 291/385/391
f  224/384/390 293/386/392 223/387/393
f  293/386/392 297/388/394 223/387/393
f  297/388/394 222/389/395 223/387/393
f  297/388/394 299/390/396 222/389/395
f  327/391/397 222/389/395 299/390/396
f  327/391/397 299/390/396 298/392/398
f  327/391/397 298/392/398 326/393/399
f  318/394/400 326/393/399 298/392/398
f  227/395/401 222/389/395 327/391/397
f  222/389/395 227/395/401 223/387/393
f  223/387/393 227/395/401 226/396/402
f  224/384/390 223/387/393 226/396/402
f  225/382/388 224/384/390 226/396/402
f  225/382/388 226/396/402 228/397/403
f  229/381/387 225/382/388 228/397/403
f  226/396/402 227/395/401 228/397/403
f  227/395/401 327/391/397 331/398/404
f  330/399/405 227/395/401 331/398/404
f  227/395/401 330/399/405 228/397/403
f  349/400/406 228/397/403 330/399/405
f  349/400/406 229/381/387 228/397/403
f  229/381/387 349/400/406 348/401/407
f  229/381/387 348/401/407 230/379/385
f  339/402/408 230/379/385 348/401/407
f  231/377/383 230/379/385 339/402/408
f  343/403/409 231/377/383 339/402/408
f  261/375/381 231/377/383 343/403/409
f  261/375/381 343/403/409 342/404/410
f  261/375/381 342/404/410 260/405/411
f  342/404/410 340/406/412 260/405/411
f  259/407/413 260/405/411 340/406/412
f  259/407/413 340/406/412 310/408/414
f  304/409/415 259/407/413 310/408/414
f  304/409/415 258/410/416 259/407/413
f  294/3/3 233/411/417 296/412/418
f  294/3/3 232/2/2 233/411/417
f  233/411/417 232/2/2 234/6/6
f  296/412/418 258/410/416 304/409/415
f  258/410/416 296/412/418 233/411/417
f  257/413/419 258/410/416 233/411/417
f  234/6/6 257/413/419 233/411/417
f  257/413/419 234/6/6 237/414/420
f  237/414/420 234/6/6 1285/7/7
f  1285/7/7 236/415/421 237/414/420
f  1285/7/7 1299/416/422 236/415/421
f  1299/416/422 235/417/423 236/415/421
f  1299/416/422 1298/418/424 235/417/423
f  1298/418/424 240/419/425 235/417/423
f  1298/418/424 1297/420/426 240/419/425
f  1297/420/426 241/421/427 240/419/425
f  1297/420/426 1296/422/428 241/421/427
f  1296/422/428 242/423/429 241/421/427
f  1296/422/428 1295/424/430 242/423/429
f  1295/424/430 273/425/431 242/423/429
f  1295/424/430 1294/426/432 273/425/431
f  240/419/425 239/427/433 235/417/423
f  239/427/433 236/415/421 235/417/423
f  239/427/433 238/428/434 236/415/421
f  237/414/420 236/415/421 238/428/434
f  256/429/435 257/413/419 237/414/420
f  237/414/420 255/430/436 256/429/435
f  237/414/420 245/431/437 255/430/436
f  237/414/420 238/428/434 245/431/437
f  253/432/438 245/431/437 238/428/434
f  253/432/438 238/428/434 239/427/433
f  251/433/439 253/432/438 239/427/433
f  240/419/425 251/433/439 239/427/433
f  249/434/440 251/433/439 240/419/425
f  249/434/440 240/419/425 241/421/427
f  247/435/441 249/434/440 241/421/427
f  247/435/441 241/421/427 242/423/429
f  242/423/429 244/436/442 247/435/441
f  242/423/429 243/437/443 244/436/442
f  242/423/429 273/425/431 243/437/443
f  273/425/431 275/225/209 243/437/443
f  244/436/442 243/437/443 275/225/209
f  246/223/207 244/436/442 275/225/209
f  247/435/441 244/436/442 246/223/207
f  253/432/438 255/430/436 245/431/437
f  247/435/441 246/223/207 248/222/206
f  248/222/206 249/434/440 247/435/441
f  248/222/206 250/220/204 249/434/440
f  250/220/204 251/433/439 249/434/440
f  250/220/204 252/218/202 251/433/439
f  251/433/439 252/218/202 253/432/438
f  252/218/202 254/215/199 253/432/438
f  253/432/438 254/215/199 255/430/436
f  255/430/436 254/215/199 268/214/198
f  268/214/198 256/429/435 255/430/436
f  268/214/198 267/438/444 256/429/435
f  257/413/419 256/429/435 267/438/444
f  257/413/419 267/438/444 262/439/445
f  258/410/416 257/413/419 262/439/445
f  258/410/416 262/439/445 259/407/413
f  262/439/445 260/405/411 259/407/413
f  262/439/445 261/375/381 260/405/411
f  262/439/445 265/376/382 261/375/381
f  262/439/445 267/438/444 265/376/382
f  264/440/446 266/441/447 269/442/448
f  270/216/200 264/440/446 269/442/448
f  263/229/213 264/440/446 270/216/200
f  278/443/449 279/444/450 277/445/451
f  277/445/451 279/444/450 272/228/212
f  279/444/450 280/446/452 272/228/212
f  272/228/212 280/446/452 263/229/213
f  263/229/213 280/446/452 264/440/446
f  284/447/453 264/440/446 280/446/452
f  264/440/446 284/447/453 266/441/447
f  284/447/453 282/378/384 266/441/447
f  265/376/382 266/441/447 282/378/384
f  267/438/444 266/441/447 265/376/382
f  267/438/444 269/442/448 266/441/447
f  268/214/198 269/442/448 267/438/444
f  270/216/200 269/442/448 268/214/198
f  277/445/451 271/227/211 276/226/210
f  272/228/212 271/227/211 277/445/451
f  273/425/431 274/448/454 275/225/209
f  274/448/454 273/425/431 1294/426/432
f  274/448/454 1294/426/432 1293/449/455
f  309/450/456 274/448/454 1293/449/455
f  274/448/454 309/450/456 275/225/209
f  309/450/456 307/451/457 275/225/209
f  307/451/457 276/226/210 275/225/209
f  276/226/210 307/451/457 286/452/458
f  277/445/451 276/226/210 286/452/458
f  288/453/459 277/445/451 286/452/458
f  288/453/459 278/443/449 277/445/451
f  290/454/460 278/443/449 288/453/459
f  279/444/450 278/443/449 290/454/460
f  279/444/450 290/454/460 291/385/391
f  280/446/452 279/444/450 291/385/391
f  280/446/452 291/385/391 281/383/389
f  284/447/453 280/446/452 281/383/389
f  283/380/386 284/447/453 281/383/389
f  284/447/453 283/380/386 282/378/384
f  290/454/460 288/453/459 289/455/461
f  303/456/462 302/457/463 287/458/464
f  285/459/465 303/456/462 287/458/464
f  285/459/465 305/460/466 303/456/462
f  307/451/457 305/460/466 285/459/465
f  286/452/458 307/451/457 285/459/465
f  287/458/464 286/452/458 285/459/465
f  287/458/464 288/453/459 286/452/458
f  288/453/459 287/458/464 302/457/463
f  288/453/459 302/457/463 289/455/461
f  301/461/467 289/455/461 302/457/463
f  301/461/467 292/462/468 289/455/461
f  292/462/468 290/454/460 289/455/461
f  292/462/468 293/386/392 290/454/460
f  293/386/392 291/385/391 290/454/460
f  292/462/468 301/461/467 300/463/469
f  292/462/468 300/463/469 297/388/394
f  293/386/392 292/462/468 297/388/394
f  295/12/10 294/10/3 296/464/418
f  308/14/12 295/12/10 306/465/470
f  295/12/10 296/464/418 306/465/470
f  306/465/470 296/464/418 304/466/415
f  297/388/394 300/463/469 299/390/396
f  299/390/396 318/394/400 298/392/398
f  299/390/396 316/467/471 318/394/400
f  300/463/469 316/467/471 299/390/396
f  300/463/469 314/468/472 316/467/471
f  314/468/472 300/463/469 301/461/467
f  314/468/472 301/461/467 312/469/473
f  312/469/473 301/461/467 302/457/463
f  312/469/473 302/457/463 311/470/474
f  303/456/462 311/470/474 302/457/463
f  310/471/414 311/470/474 303/456/462
f  305/460/466 310/471/414 303/456/462
f  305/460/466 304/466/415 310/471/414
f  306/465/470 304/466/415 305/460/466
f  307/451/457 306/465/470 305/460/466
f  308/14/12 306/465/470 307/451/457
f  309/450/456 308/14/12 307/451/457
f  308/14/12 309/450/456 1292/15/13
f  309/450/456 1293/449/455 1292/15/13
f  320/126/233 319/472/475 317/473/235
f  310/471/414 340/474/412 311/470/474
f  341/475/241 311/470/474 340/474/412
f  341/475/241 312/469/473 311/470/474
f  313/476/239 312/469/473 341/475/241
f  313/476/239 314/468/472 312/469/473
f  314/468/472 313/476/239 315/477/237
f  314/468/472 315/477/237 316/467/471
f  316/467/471 315/477/237 317/473/235
f  316/467/471 317/473/235 318/394/400
f  318/394/400 317/473/235 319/472/475
f  318/394/400 319/472/475 326/393/399
f  325/127/476 326/393/399 319/472/475
f  320/126/233 325/127/476 319/472/475
f  325/127/476 320/126/233 321/125/231
f  325/127/476 321/125/231 324/114/477
f  323/124/229 324/114/477 321/125/231
f  358/118/478 353/106/479 336/113/480
f  359/119/481 358/118/478 336/113/480
f  359/119/481 336/113/480 337/111/482
f  359/119/481 337/111/482 421/121/483
f  338/112/484 421/121/483 337/111/482
f  338/112/484 407/122/485 421/121/483
f  338/112/484 409/128/227 407/122/485
f  338/112/484 322/123/225 409/128/227
f  322/123/225 338/112/484 335/110/486
f  322/123/225 335/110/486 323/124/229
f  323/124/229 335/110/486 324/114/477
f  335/110/486 334/115/487 324/114/477
f  325/127/476 324/114/477 334/115/487
f  325/127/476 334/115/487 328/116/488
f  325/127/476 328/116/488 326/393/399
f  328/116/488 329/478/489 326/393/399
f  327/391/397 326/393/399 329/478/489
f  331/398/404 327/391/397 329/478/489
f  333/117/490 328/116/488 334/115/487
f  328/116/488 333/117/490 329/478/489
f  333/117/490 332/103/491 329/478/489
f  331/398/404 329/478/489 332/103/491
f  349/400/406 330/399/405 350/102/492
f  330/399/405 331/398/404 350/102/492
f  331/398/404 332/103/491 350/102/492
f  351/104/493 350/102/492 332/103/491
f  333/117/490 351/104/493 332/103/491
f  333/117/490 352/105/494 351/104/493
f  333/117/490 353/106/479 352/105/494
f  333/117/490 334/115/487 353/106/479
f  334/115/487 336/113/480 353/106/479
f  335/110/486 336/113/480 334/115/487
f  338/112/484 336/113/480 335/110/486
f  338/112/484 337/111/482 336/113/480
f  343/403/409 339/402/408 345/479/495
f  339/402/408 348/401/407 347/480/496
f  345/479/495 339/402/408 347/480/496
f  345/479/495 347/480/496 346/481/497
f  342/404/410 341/247/241 340/406/412
f  344/246/240 341/247/241 342/404/410
f  343/403/409 344/246/240 342/404/410
f  343/403/409 345/479/495 344/246/240
f  345/479/495 366/244/238 344/246/240
f  366/244/238 345/479/495 346/481/497
f  366/244/238 346/481/497 365/482/498
f  347/480/496 365/482/498 346/481/497
f  365/482/498 347/480/496 356/483/499
f  348/401/407 356/483/499 347/480/496
f  348/401/407 355/484/500 356/483/499
f  355/484/500 348/401/407 349/400/406
f  355/484/500 349/400/406 354/101/501
f  349/400/406 350/102/492 354/101/501
f  350/102/492 362/100/502 354/101/501
f  351/104/493 362/100/502 350/102/492
f  351/104/493 361/99/503 362/100/502
f  351/104/493 352/105/494 361/99/503
f  360/107/504 361/99/503 352/105/494
f  352/105/494 353/106/479 360/107/504
f  358/118/478 360/107/504 353/106/479
f  355/484/500 354/101/501 362/100/502
f  355/484/500 362/100/502 363/85/505
f  355/484/500 363/85/505 357/485/506
f  355/484/500 357/485/506 356/483/499
f  365/482/498 356/483/499 357/485/506
f  365/482/498 357/485/506 364/486/507
f  363/85/505 364/486/507 357/485/506
f  359/119/481 360/107/504 358/118/478
f  359/119/481 421/121/483 422/120/508
f  373/109/509 359/119/481 422/120/508
f  359/119/481 373/109/509 360/107/504
f  373/109/509 372/98/510 360/107/504
f  361/99/503 360/107/504 372/98/510
f  372/98/510 371/84/511 361/99/503
f  362/100/502 361/99/503 371/84/511
f  362/100/502 371/84/511 363/85/505
f  370/86/512 363/85/505 371/84/511
f  363/85/505 370/86/512 364/486/507
f  370/86/512 369/487/513 364/486/507
f  365/482/498 364/486/507 369/487/513
f  365/482/498 369/487/513 367/488/514
f  366/244/238 365/482/498 367/488/514
f  368/242/236 366/244/238 367/488/514
f  368/242/236 367/488/514 369/487/513
f  368/242/236 369/487/513 374/87/234
f  370/86/512 374/87/234 369/487/513
f  374/87/234 370/86/512 385/77/515
f  370/86/512 371/84/511 385/77/515
f  384/83/516 385/77/515 371/84/511
f  371/84/511 372/98/510 384/83/516
f  379/97/517 384/83/516 372/98/510
f  372/98/510 373/109/509 379/97/517
f  378/108/518 379/97/517 373/109/509
f  373/109/509 422/120/508 378/108/518
f  374/87/234 385/77/515 375/78/232
f  385/77/515 386/76/519 375/78/232
f  376/79/230 375/78/232 386/76/519
f  382/81/520 376/79/230 386/76/519
f  376/79/230 382/81/520 377/80/228
f  377/80/228 382/81/520 410/94/521
f  377/80/228 410/94/521 411/93/226
f  379/97/517 378/108/518 380/96/522
f  380/96/522 383/82/523 379/97/517
f  384/83/516 379/97/517 383/82/523
f  383/82/523 380/96/522 381/95/524
f  382/81/520 381/95/524 410/94/521
f  381/95/524 382/81/520 383/82/523
f  386/76/519 383/82/523 382/81/520
f  383/82/523 386/76/519 384/83/516
f  386/76/519 385/77/515 384/83/516
f  392/489/525 388/74/79 387/70/74
f  392/489/525 387/70/74 390/490/526
f  390/490/526 387/70/74 399/72/76
f  390/490/526 399/72/76 401/491/527
f  393/492/528 388/176/79 392/493/525
f  393/492/528 395/175/168 388/176/79
f  402/494/529 395/175/168 393/492/528
f  402/494/529 393/492/528 394/495/530
f  404/496/531 402/494/529 394/495/530
f  391/497/532 404/496/531 394/495/530
f  391/497/532 389/498/533 404/496/531
f  389/498/533 401/499/527 404/496/531
f  389/498/533 390/500/526 401/499/527
f  391/497/532 390/500/526 389/498/533
f  391/497/532 392/501/525 390/500/526
f  394/495/530 392/501/525 391/497/532
f  394/495/530 393/502/528 392/501/525
f  403/503/534 400/504/535 396/505/536
f  403/503/534 396/505/536 402/494/529
f  402/494/529 396/505/536 395/175/168
f  395/175/168 396/505/536 397/174/167
f  400/504/535 397/174/167 396/505/536
f  400/504/535 398/178/169 397/174/167
f  400/504/535 399/177/76 398/178/169
f  401/506/527 399/177/76 400/504/535
f  401/506/527 400/504/535 403/503/534
f  404/496/531 401/506/527 403/503/534
f  404/496/531 403/503/534 402/494/529
f  405/64/67 406/63/66 414/507/356
f  414/507/356 406/63/66 416/67/71
f  408/508/537 407/509/538 409/510/539
f  413/511/540 408/508/537 409/510/539
f  415/512/541 408/508/537 413/511/540
f  420/513/542 421/514/543 407/509/538
f  408/508/537 420/513/542 407/509/538
f  419/515/544 420/513/542 408/508/537
f  415/512/541 419/515/544 408/508/537
f  415/512/541 418/516/545 419/515/544
f  413/511/540 409/510/539 411/517/546
f  412/518/350 411/517/546 410/519/349
f  412/518/350 413/511/540 411/517/546
f  414/507/356 413/511/540 412/518/350
f  414/507/356 415/512/541 413/511/540
f  414/507/356 416/67/71 415/512/541
f  415/512/541 416/67/71 418/516/545
f  418/516/545 416/67/71 417/69/73
f  418/516/545 417/69/73 450/54/57
f  418/516/545 450/54/57 457/520/547
f  457/520/547 419/515/544 418/516/545
f  457/520/547 439/521/548 419/515/544
f  440/522/549 419/515/544 439/521/548
f  440/522/549 425/523/550 419/515/544
f  419/515/544 425/523/550 420/513/542
f  425/523/550 424/524/551 420/513/542
f  420/513/542 424/524/551 421/514/543
f  423/331/341 421/514/543 424/524/551
f  423/331/341 422/333/343 421/514/543
f  430/525/552 428/334/344 423/331/341
f  430/525/552 423/331/341 424/524/551
f  430/525/552 424/524/551 426/526/553
f  425/523/550 426/526/553 424/524/551
f  425/523/550 431/527/554 426/526/553
f  425/523/550 440/522/549 431/527/554
f  432/528/555 431/527/554 440/522/549
f  432/528/555 440/522/549 441/529/556
f  433/530/557 432/528/555 441/529/556
f  433/530/557 441/529/556 442/531/558
f  434/532/559 433/530/557 442/531/558
f  434/532/559 442/531/558 443/533/560
f  435/534/561 434/532/559 443/533/560
f  435/534/561 443/533/560 444/535/562
f  436/536/563 435/534/561 444/535/562
f  436/536/563 444/535/562 445/537/564
f  437/538/565 436/536/563 445/537/564
f  437/538/565 445/537/564 446/539/566
f  438/540/567 437/538/565 446/539/566
f  438/540/567 446/539/566 447/541/568
f  453/344/354 429/343/353 452/542/569
f  430/525/552 426/526/553 431/527/554
f  427/336/346 428/334/344 429/343/353
f  430/525/552 429/343/353 428/334/344
f  430/525/552 452/542/569 429/343/353
f  452/542/569 430/525/552 431/527/554
f  460/543/570 452/542/569 431/527/554
f  460/543/570 431/527/554 432/528/555
f  459/544/571 460/543/570 432/528/555
f  459/544/571 432/528/555 433/530/557
f  468/545/572 459/544/571 433/530/557
f  468/545/572 433/530/557 434/532/559
f  467/546/573 468/545/572 434/532/559
f  467/546/573 434/532/559 435/534/561
f  466/547/574 467/546/573 435/534/561
f  466/547/574 435/534/561 436/536/563
f  465/548/575 466/547/574 436/536/563
f  465/548/575 436/536/563 437/538/565
f  464/549/576 465/548/575 437/538/565
f  464/549/576 437/538/565 438/540/567
f  464/549/576 438/540/567 462/550/577
f  447/541/568 462/550/577 438/540/567
f  447/541/568 448/551/578 462/550/577
f  464/549/576 462/550/577 463/552/579
f  458/553/580 439/554/548 457/555/547
f  440/556/549 439/554/548 458/553/580
f  440/556/549 458/553/580 441/557/556
f  442/558/558 441/557/556 458/553/580
f  442/558/558 458/553/580 449/559/581
f  443/560/560 442/558/558 449/559/581
f  443/560/560 449/559/581 473/561/582
f  444/562/562 443/560/560 473/561/582
f  444/562/562 473/561/582 475/563/583
f  445/564/564 444/562/562 475/563/583
f  445/564/564 475/563/583 477/565/584
f  446/566/566 445/564/564 477/565/584
f  446/566/566 477/565/584 478/567/585
f  447/568/568 446/566/566 478/567/585
f  447/568/568 478/567/585 448/569/578
f  448/569/578 478/567/585 480/570/586
f  448/569/578 480/570/586 462/571/577
f  487/572/587 462/571/577 480/570/586
f  458/553/580 456/573/588 449/559/581
f  473/561/582 449/559/581 456/573/588
f  473/561/582 456/573/588 472/574/589
f  455/575/590 457/555/547 450/576/57
f  450/576/57 451/577/59 455/575/590
f  455/575/590 451/577/59 454/578/355
f  460/579/570 453/580/354 452/581/569
f  460/579/570 461/582/591 453/580/354
f  454/578/355 453/580/354 461/582/591
f  470/583/592 454/578/355 461/582/591
f  455/575/590 454/578/355 470/583/592
f  471/584/593 455/575/590 470/583/592
f  472/574/589 455/575/590 471/584/593
f  472/574/589 456/573/588 455/575/590
f  455/575/590 456/573/588 457/555/547
f  458/553/580 457/555/547 456/573/588
f  469/585/594 459/586/571 468/587/572
f  469/585/594 460/579/570 459/586/571
f  469/585/594 461/582/591 460/579/570
f  470/583/592 461/582/591 469/585/594
f  487/572/587 463/588/579 462/571/577
f  463/588/579 487/572/587 485/589/595
f  463/588/579 485/589/595 464/590/576
f  464/590/576 485/589/595 465/591/575
f  485/589/595 466/592/574 465/591/575
f  485/589/595 486/593/596 466/592/574
f  486/593/596 467/594/573 466/592/574
f  486/593/596 483/595/597 467/594/573
f  483/595/597 468/587/572 467/594/573
f  483/595/597 469/585/594 468/587/572
f  482/596/598 469/585/594 483/595/597
f  482/596/598 470/583/592 469/585/594
f  474/597/599 470/583/592 482/596/598
f  474/597/599 471/584/593 470/583/592
f  476/598/600 471/584/593 474/597/599
f  476/598/600 472/574/589 471/584/593
f  475/563/583 472/574/589 476/598/600
f  475/563/583 473/561/582 472/574/589
f  481/599/601 474/597/599 482/596/598
f  479/600/602 474/597/599 481/599/601
f  479/600/602 476/598/600 474/597/599
f  480/570/586 484/601/603 487/572/587
f  477/565/584 475/563/583 476/598/600
f  477/565/584 476/598/600 479/600/602
f  478/567/585 477/565/584 479/600/602
f  478/567/585 479/600/602 480/570/586
f  480/570/586 479/600/602 481/599/601
f  480/570/586 481/599/601 484/601/603
f  481/599/601 482/596/598 484/601/603
f  484/601/603 482/596/598 483/595/597
f  484/601/603 483/595/597 486/593/596
f  487/572/587 484/601/603 486/593/596
f  487/572/587 486/593/596 485/589/595
f  491/602/604 493/603/605 495/604/606
f  495/604/606 496/181/36 491/602/604
f  496/181/36 488/212/197 491/602/604
f  491/602/604 488/212/197 490/605/607
f  488/212/197 489/211/196 490/605/607
f  493/606/605 490/605/607 489/211/196
f  493/606/605 489/211/196 492/213/38
f  491/602/604 490/605/607 493/603/605
f  493/607/605 492/40/38 494/39/37
f  493/607/605 494/39/37 495/608/606
f  496/38/36 495/608/606 494/39/37
f  1356/609/608 511/610/609 1492/611/610
f  511/610/609 497/612/611 512/613/612
f  511/610/609 498/614/613 497/612/611
f  1356/609/608 498/614/613 511/610/609
f  1355/615/614 498/614/613 1356/609/608
f  499/616/615 513/617/616 512/613/612
f  499/616/615 512/613/612 497/612/611
f  500/618/617 499/616/615 497/612/611
f  500/618/617 497/612/611 501/619/618
f  501/619/618 497/612/611 498/614/613
f  501/619/618 498/614/613 502/620/619
f  1355/615/614 502/620/619 498/614/613
f  1360/621/620 502/620/619 1355/615/614
f  716/622/621 717/623/622 513/617/616
f  716/622/621 513/617/616 499/616/615
f  714/624/623 716/622/621 499/616/615
f  714/624/623 499/616/615 500/618/617
f  712/625/624 714/624/623 500/618/617
f  712/625/624 500/618/617 504/626/625
f  504/626/625 500/618/617 501/619/618
f  504/626/625 501/619/618 506/627/626
f  506/627/626 501/619/618 502/620/619
f  506/627/626 502/620/619 507/628/627
f  1360/621/620 507/628/627 502/620/619
f  1360/621/620 517/629/628 507/628/627
f  1360/621/620 1361/630/629 517/629/628
f  517/629/628 1361/630/629 1358/631/630
f  708/632/631 709/633/632 503/634/633
f  706/635/634 708/632/631 510/636/635
f  708/632/631 503/634/633 510/636/635
f  509/637/636 510/636/635 503/634/633
f  508/638/637 509/637/636 503/634/633
f  508/638/637 503/634/633 505/639/638
f  709/633/632 505/639/638 503/634/633
f  709/633/632 710/640/639 505/639/638
f  710/640/639 712/625/624 504/626/625
f  710/640/639 504/626/625 505/639/638
f  505/639/638 504/626/625 506/627/626
f  505/639/638 506/627/626 508/638/637
f  508/638/637 506/627/626 507/628/627
f  508/638/637 507/628/627 517/629/628
f  516/641/640 508/638/637 517/629/628
f  509/637/636 508/638/637 516/641/640
f  515/642/641 509/637/636 516/641/640
f  509/637/636 515/642/641 510/636/635
f  515/642/641 514/643/642 510/636/635
f  706/635/634 510/636/635 514/643/642
f  704/644/643 706/635/634 514/643/642
f  1491/645/644 1492/646/610 511/647/609
f  1491/645/644 511/647/609 523/648/645
f  528/649/646 527/650/647 523/648/645
f  528/649/646 523/648/645 511/647/609
f  530/651/648 528/649/646 511/647/609
f  530/651/648 511/647/609 512/652/612
f  530/651/648 512/652/612 513/653/616
f  530/651/648 513/653/616 518/654/649
f  717/655/622 518/654/649 513/653/616
f  717/655/622 704/644/643 518/654/649
f  704/644/643 514/643/642 518/654/649
f  519/656/650 518/654/649 514/643/642
f  515/642/641 519/656/650 514/643/642
f  519/656/650 515/642/641 520/657/651
f  515/642/641 516/641/640 520/657/651
f  520/657/651 516/641/640 521/658/652
f  516/641/640 517/629/628 521/658/652
f  521/658/652 517/629/628 522/659/653
f  517/629/628 1358/631/630 522/659/653
f  1363/660/654 522/659/653 1358/631/630
f  519/656/650 530/651/648 518/654/649
f  530/651/648 519/656/650 529/661/655
f  519/656/650 520/657/651 529/661/655
f  529/661/655 520/657/651 526/662/656
f  520/657/651 521/658/652 526/662/656
f  526/662/656 521/658/652 525/663/657
f  521/658/652 522/659/653 525/663/657
f  1363/660/654 525/663/657 522/659/653
f  1474/664/658 525/663/657 1363/660/654
f  1474/664/658 524/665/659 525/663/657
f  1475/666/660 524/665/659 1474/664/658
f  1475/666/660 526/662/656 524/665/659
f  1480/667/661 526/662/656 1475/666/660
f  1480/667/661 527/650/647 526/662/656
f  1491/645/644 527/650/647 1480/667/661
f  1491/645/644 523/648/645 527/650/647
f  526/662/656 525/663/657 524/665/659
f  529/661/655 526/662/656 527/650/647
f  528/649/646 529/661/655 527/650/647
f  530/651/648 529/661/655 528/649/646
f  534/230/662 531/327/663 533/326/662
f  534/230/662 533/326/662 532/231/664
f  544/348/665 558/349/666 636/668/667
f  544/348/665 636/668/667 657/669/668
f  546/352/669 544/348/665 657/669/668
f  546/352/669 657/669/668 658/670/670
f  548/354/671 546/352/669 658/670/670
f  548/354/671 658/670/670 623/671/672
f  550/356/673 548/354/671 623/671/672
f  550/356/673 623/671/672 622/672/674
f  552/358/675 550/356/673 622/672/674
f  552/358/675 622/672/674 620/673/676
f  554/360/677 552/358/675 620/673/676
f  554/360/677 620/673/676 628/674/678
f  557/362/679 554/360/677 628/674/678
f  557/362/679 628/674/678 629/675/680
f  733/669/681 734/668/682 541/349/358
f  733/669/681 541/349/358 535/348/357
f  729/670/683 733/669/681 535/348/357
f  729/670/683 535/348/357 536/352/361
f  700/671/684 729/670/683 536/352/361
f  700/671/684 536/352/361 537/354/363
f  701/672/685 700/671/684 537/354/363
f  701/672/685 537/354/363 538/356/365
f  702/673/686 701/672/685 538/356/365
f  702/673/686 538/356/365 539/358/367
f  722/674/687 702/673/686 539/358/367
f  722/674/687 539/358/367 540/360/369
f  721/675/688 722/674/687 540/360/369
f  721/675/688 540/360/369 542/362/371
f  734/676/682 721/675/688 542/362/371
f  734/676/682 542/362/371 541/364/358
f  694/233/689 909/231/690 907/230/691
f  694/233/689 683/232/692 909/231/690
f  694/233/689 682/235/693 683/232/692
f  694/233/689 695/234/694 682/235/693
f  677/237/695 682/235/693 695/234/694
f  677/237/695 681/236/696 682/235/693
f  676/239/697 681/236/696 677/237/695
f  676/239/697 674/238/698 681/236/696
f  674/238/698 676/239/697 675/240/699
f  684/329/700 908/327/701 906/326/702
f  684/329/700 687/328/703 908/327/701
f  688/330/704 687/328/703 684/329/700
f  776/370/705 777/369/706 543/351/707
f  776/370/705 543/351/707 545/353/708
f  746/371/709 776/370/705 545/353/708
f  746/371/709 545/353/708 547/355/710
f  747/372/711 746/371/709 547/355/710
f  747/372/711 547/355/710 549/357/712
f  744/373/713 747/372/711 549/357/712
f  744/373/713 549/357/712 551/359/714
f  739/374/715 744/373/713 551/359/714
f  739/374/715 551/359/714 553/361/716
f  737/366/717 739/374/715 553/361/716
f  737/366/717 553/361/716 555/363/718
f  763/367/719 737/366/717 555/363/718
f  763/367/719 555/363/718 556/365/720
f  777/369/706 763/368/719 556/350/720
f  777/369/706 556/350/720 543/351/707
f  543/351/707 556/350/720 558/349/666
f  543/351/707 558/349/666 544/348/665
f  545/353/708 543/351/707 544/348/665
f  545/353/708 544/348/665 546/352/669
f  547/355/710 545/353/708 546/352/669
f  547/355/710 546/352/669 548/354/671
f  549/357/712 547/355/710 548/354/671
f  549/357/712 548/354/671 550/356/673
f  551/359/714 549/357/712 550/356/673
f  551/359/714 550/356/673 552/358/675
f  553/361/716 551/359/714 552/358/675
f  553/361/716 552/358/675 554/360/677
f  555/363/718 553/361/716 554/360/677
f  555/363/718 554/360/677 557/362/679
f  556/365/720 555/363/718 557/362/679
f  556/365/720 557/362/679 558/364/666
f  558/364/666 557/362/679 629/675/680
f  558/364/666 629/675/680 636/676/667
f  790/71/721 874/25/722 792/50/723
f  790/71/721 792/50/723 559/73/724
f  559/73/724 792/50/723 895/60/725
f  559/73/724 895/60/725 891/75/726
f  2084/70/727 559/73/724 891/75/726
f  2084/70/727 891/75/726 2256/74/728
f  2260/72/729 790/71/721 559/73/724
f  2260/72/729 559/73/724 2084/70/727
f  569/589/730 568/593/731 570/601/732
f  568/593/731 563/596/733 570/601/732
f  568/593/731 567/595/734 563/596/733
f  567/595/734 562/583/735 563/596/733
f  567/595/734 561/585/736 562/583/735
f  561/585/736 901/578/737 562/583/735
f  561/585/736 560/582/738 901/578/737
f  560/582/738 900/580/739 901/578/737
f  856/581/740 900/580/739 560/582/738
f  856/581/740 560/582/738 825/579/741
f  824/586/742 825/579/741 560/582/738
f  824/586/742 560/582/738 561/585/736
f  823/587/743 824/586/742 561/585/736
f  822/594/744 823/587/743 561/585/736
f  822/594/744 561/585/736 567/595/734
f  573/559/745 803/555/746 574/553/747
f  573/559/745 566/573/748 803/555/746
f  802/576/749 803/555/746 566/573/748
f  802/576/749 566/573/748 564/575/750
f  564/575/750 899/577/751 802/576/749
f  901/578/737 899/577/751 564/575/750
f  562/583/735 901/578/737 564/575/750
f  562/583/735 564/575/750 565/584/752
f  563/596/733 562/583/735 565/584/752
f  563/596/733 565/584/752 571/597/753
f  570/601/732 563/596/733 571/597/753
f  565/584/752 564/575/750 566/573/748
f  565/584/752 566/573/748 572/574/754
f  571/597/753 565/584/752 572/574/754
f  572/574/754 566/573/748 573/559/745
f  829/557/755 799/554/756 828/556/757
f  821/592/758 822/594/744 567/595/734
f  821/592/758 567/595/734 568/593/731
f  820/591/759 821/592/758 568/593/731
f  820/591/759 568/593/731 569/589/730
f  820/591/759 569/589/730 818/590/760
f  818/590/760 569/589/730 578/572/761
f  569/589/730 570/601/732 578/572/761
f  578/572/761 570/601/732 577/599/762
f  570/601/732 571/597/753 577/599/762
f  577/599/762 571/597/753 576/598/763
f  571/597/753 572/574/754 576/598/763
f  576/598/763 572/574/754 575/561/764
f  572/574/754 573/559/745 575/561/764
f  575/561/764 573/559/745 830/558/765
f  573/559/745 829/557/755 830/558/765
f  573/559/745 574/553/747 829/557/755
f  829/557/755 574/553/747 799/554/756
f  803/555/746 799/554/756 574/553/747
f  575/561/764 830/558/765 832/560/766
f  582/563/767 575/561/764 832/560/766
f  576/598/763 575/561/764 582/563/767
f  579/600/768 576/598/763 582/563/767
f  577/599/762 576/598/763 579/600/768
f  577/599/762 579/600/768 580/570/769
f  578/572/761 577/599/762 580/570/769
f  580/570/769 817/588/770 578/572/761
f  818/590/760 578/572/761 817/588/770
f  579/600/768 582/563/767 581/565/771
f  580/570/769 579/600/768 581/565/771
f  580/570/769 816/571/772 817/588/770
f  816/571/772 580/570/769 583/567/773
f  580/570/769 581/565/771 583/567/773
f  583/567/773 581/565/771 836/564/774
f  581/565/771 834/562/775 836/564/774
f  581/565/771 582/563/767 834/562/775
f  582/563/767 832/560/766 834/562/775
f  583/567/773 836/564/774 839/566/776
f  815/569/777 583/567/773 839/566/776
f  816/571/772 583/567/773 815/569/777
f  815/569/777 839/566/776 840/568/778
f  584/205/779 2282/211/780 2283/210/781
f  2282/211/780 584/205/779 585/204/782
f  2282/211/780 585/204/782 2291/187/783
f  2283/210/781 603/209/784 589/206/785
f  2283/210/781 589/206/785 584/205/779
f  584/205/779 589/206/785 588/207/786
f  584/205/779 588/207/786 585/204/782
f  588/207/786 586/203/787 585/204/782
f  2291/187/783 585/204/782 586/203/787
f  2291/187/783 586/203/787 2290/186/788
f  588/207/786 587/208/789 586/203/787
f  2300/194/790 596/197/791 2299/195/792
f  2300/194/790 595/196/793 596/197/791
f  2304/189/794 595/196/793 2300/194/790
f  2304/189/794 591/199/795 595/196/793
f  2288/188/796 591/199/795 2304/189/794
f  2288/188/796 594/202/797 591/199/795
f  2290/186/788 594/202/797 2288/188/796
f  2290/186/788 586/203/787 594/202/797
f  586/203/787 593/201/798 594/202/797
f  586/203/787 587/208/789 593/201/798
f  884/155/799 593/201/798 587/208/789
f  884/155/799 587/208/789 882/154/800
f  882/154/800 587/208/789 588/207/786
f  882/154/800 588/207/786 881/164/801
f  881/164/801 588/207/786 589/206/785
f  881/164/801 589/206/785 879/156/802
f  603/209/784 879/156/802 589/206/785
f  603/209/784 874/158/722 879/156/802
f  886/142/803 593/201/798 884/155/799
f  886/142/803 592/200/804 593/201/798
f  888/141/805 592/200/804 886/142/803
f  888/141/805 590/198/806 592/200/804
f  590/198/806 888/141/805 889/139/807
f  590/198/806 889/139/807 604/185/808
f  595/196/793 590/198/806 604/185/808
f  592/200/804 590/198/806 595/196/793
f  592/200/804 595/196/793 591/199/795
f  594/202/797 592/200/804 591/199/795
f  594/202/797 593/201/798 592/200/804
f  595/196/793 604/185/808 596/197/791
f  600/19/809 806/17/810 804/21/811
f  600/19/809 804/21/811 601/20/812
f  601/20/812 804/21/811 791/23/813
f  601/20/812 791/23/813 602/22/814
f  602/22/814 791/23/813 874/25/722
f  602/22/814 874/25/722 603/24/784
f  2272/45/815 597/32/816 598/31/817
f  2272/45/815 598/31/817 2273/49/818
f  2273/49/818 598/31/817 599/16/819
f  2273/49/818 599/16/819 2274/30/820
f  596/43/791 2272/45/815 2299/44/792
f  596/43/791 597/32/816 2272/45/815
f  604/42/808 597/32/816 596/43/791
f  604/42/808 808/18/821 597/32/816
f  597/32/816 808/18/821 598/31/817
f  598/31/817 808/18/821 806/17/810
f  598/31/817 806/17/810 599/16/819
f  600/19/809 599/16/819 806/17/810
f  600/19/809 2274/30/820 599/16/819
f  600/19/809 2275/29/822 2274/30/820
f  2275/29/822 600/19/809 601/20/812
f  2275/29/822 601/20/812 2277/28/823
f  2277/28/823 601/20/812 602/22/814
f  2277/28/823 602/22/814 2278/27/824
f  2278/27/824 602/22/814 603/24/784
f  2278/27/824 603/24/784 2283/26/781
f  604/42/808 889/41/807 808/18/821
f  606/677/825 608/678/826 607/679/827
f  609/680/828 608/678/826 606/677/825
f  606/677/825 605/681/829 609/680/828
f  610/682/830 609/680/828 605/681/829
f  611/683/831 610/682/830 605/681/829
f  643/684/832 611/683/831 645/685/833
f  611/683/831 605/681/829 645/685/833
f  647/686/834 645/685/833 605/681/829
f  606/677/825 647/686/834 605/681/829
f  647/686/834 606/677/825 649/687/835
f  606/677/825 607/679/827 649/687/835
f  652/688/836 649/687/835 607/679/827
f  654/689/837 652/688/836 607/679/827
f  654/689/837 607/679/827 655/690/838
f  608/678/826 655/690/838 607/679/827
f  608/678/826 656/691/839 655/690/838
f  613/692/840 656/691/839 608/678/826
f  609/680/828 613/692/840 608/678/826
f  614/693/841 613/692/840 609/680/828
f  612/694/842 614/693/841 609/680/828
f  612/694/842 609/680/828 610/682/830
f  618/695/843 612/694/842 610/682/830
f  618/695/843 610/682/830 611/683/831
f  619/696/844 618/695/843 611/683/831
f  619/696/844 611/683/831 643/684/832
f  641/697/845 619/696/844 643/684/832
f  616/698/846 615/699/847 614/693/841
f  616/698/846 614/693/841 612/694/842
f  617/700/848 616/698/846 612/694/842
f  617/700/848 612/694/842 618/695/843
f  672/701/849 670/702/850 656/691/839
f  613/692/840 672/701/849 656/691/839
f  673/703/851 672/701/849 613/692/840
f  614/693/841 673/703/851 613/692/840
f  673/703/851 614/693/841 1380/704/852
f  615/699/847 1380/704/852 614/693/841
f  615/699/847 1388/705/853 1380/704/852
f  1388/705/853 615/699/847 616/698/846
f  1388/705/853 616/698/846 1389/706/854
f  1389/706/854 616/698/846 617/700/848
f  1389/706/854 617/700/848 1384/707/855
f  1384/707/855 617/700/848 618/695/843
f  1384/707/855 618/695/843 1393/708/856
f  1393/708/856 618/695/843 619/696/844
f  1393/708/856 619/696/844 1394/709/857
f  1394/709/857 619/696/844 641/697/845
f  1394/709/857 641/697/845 1395/710/858
f  641/697/845 1398/711/859 1395/710/858
f  621/712/860 620/713/861 622/714/862
f  627/715/863 628/716/864 620/713/861
f  621/712/860 627/715/863 620/713/861
f  627/715/863 621/712/860 626/717/865
f  621/712/860 625/718/866 626/717/865
f  621/712/860 624/719/867 625/718/866
f  624/719/867 621/712/860 622/714/862
f  624/719/867 622/714/862 623/720/868
f  660/721/869 623/720/868 658/722/870
f  660/721/869 624/719/867 623/720/868
f  624/719/867 660/721/869 662/723/871
f  624/719/867 662/723/871 625/718/866
f  625/718/866 662/723/871 664/724/872
f  625/718/866 664/724/872 630/725/873
f  626/717/865 625/718/866 630/725/873
f  626/717/865 630/725/873 632/726/874
f  633/727/875 626/717/865 632/726/874
f  627/715/863 626/717/865 633/727/875
f  634/728/876 627/715/863 633/727/875
f  627/715/863 634/728/876 628/716/864
f  634/728/876 629/729/877 628/716/864
f  634/728/876 635/730/878 629/729/877
f  635/730/878 636/731/879 629/729/877
f  665/732/880 630/725/873 664/724/872
f  631/733/881 632/726/874 630/725/873
f  665/732/880 631/733/881 630/725/873
f  631/733/881 665/732/880 666/734/882
f  641/697/845 667/735/883 1398/711/859
f  667/735/883 641/697/845 642/736/884
f  666/734/882 667/735/883 642/736/884
f  666/734/882 642/736/884 637/737/885
f  631/733/881 666/734/882 637/737/885
f  638/738/886 631/733/881 637/737/885
f  631/733/881 638/738/886 632/726/874
f  638/738/886 639/739/887 632/726/874
f  633/727/875 632/726/874 639/739/887
f  640/740/888 633/727/875 639/739/887
f  634/728/876 633/727/875 640/740/888
f  650/741/889 634/728/876 640/740/888
f  650/741/889 635/730/878 634/728/876
f  651/742/890 635/730/878 650/741/889
f  635/730/878 651/742/890 636/731/879
f  651/742/890 653/743/891 636/731/879
f  653/743/891 657/744/892 636/731/879
f  653/743/891 659/745/893 657/744/892
f  642/736/884 644/746/894 637/737/885
f  638/738/886 637/737/885 644/746/894
f  646/747/895 638/738/886 644/746/894
f  638/738/886 646/747/895 639/739/887
f  646/747/895 648/748/896 639/739/887
f  640/740/888 639/739/887 648/748/896
f  650/741/889 640/740/888 648/748/896
f  641/697/845 643/684/832 642/736/884
f  642/736/884 643/684/832 644/746/894
f  643/684/832 645/685/833 644/746/894
f  646/747/895 644/746/894 645/685/833
f  647/686/834 646/747/895 645/685/833
f  646/747/895 647/686/834 648/748/896
f  647/686/834 649/687/835 648/748/896
f  650/741/889 648/748/896 649/687/835
f  652/688/836 650/741/889 649/687/835
f  651/742/890 650/741/889 652/688/836
f  653/743/891 651/742/890 652/688/836
f  653/743/891 652/688/836 654/689/837
f  659/745/893 653/743/891 654/689/837
f  659/745/893 654/689/837 661/749/897
f  661/749/897 654/689/837 655/690/838
f  661/749/897 655/690/838 663/750/898
f  656/691/839 663/750/898 655/690/838
f  656/691/839 670/702/850 663/750/898
f  659/745/893 658/751/870 657/744/892
f  659/745/893 660/752/869 658/751/870
f  660/752/869 659/745/893 661/749/897
f  660/752/869 661/749/897 662/753/871
f  662/753/871 661/749/897 663/750/898
f  662/753/871 663/750/898 664/754/872
f  670/702/850 664/754/872 663/750/898
f  670/702/850 665/755/880 664/754/872
f  671/756/899 665/755/880 670/702/850
f  671/756/899 666/757/882 665/755/880
f  666/757/882 671/756/899 668/758/900
f  666/757/882 668/758/900 667/759/883
f  1398/760/859 667/759/883 668/758/900
f  1398/760/859 668/758/900 1372/761/901
f  1372/761/901 668/758/900 669/762/902
f  1372/761/901 669/762/902 1382/763/903
f  1382/763/903 669/762/902 673/703/851
f  1382/763/903 673/703/851 1381/764/904
f  669/762/902 668/758/900 671/756/899
f  673/703/851 669/762/902 672/701/849
f  669/762/902 671/756/899 672/701/849
f  672/701/849 671/756/899 670/702/850
f  673/703/851 1380/704/852 1381/764/904
f  680/314/905 681/318/906 674/319/907
f  675/324/908 680/314/905 674/319/907
f  675/324/908 679/316/909 680/314/905
f  678/314/910 679/316/909 675/324/908
f  678/314/910 675/324/908 676/319/911
f  677/318/912 678/314/910 676/319/911
f  677/318/912 697/313/913 678/314/910
f  697/313/913 677/318/912 695/312/914
f  697/313/913 695/312/914 696/302/915
f  678/314/910 697/313/913 771/301/916
f  678/314/910 771/301/916 770/315/917
f  679/316/909 678/314/910 770/315/917
f  679/316/909 770/315/917 768/317/918
f  680/314/905 679/316/909 768/317/918
f  680/314/905 768/317/918 766/315/919
f  685/313/920 680/314/905 766/315/919
f  680/314/905 685/313/920 681/318/906
f  686/302/921 681/318/906 685/313/920
f  686/302/921 682/312/922 681/318/906
f  689/305/923 682/312/922 686/302/921
f  689/305/923 683/311/924 682/312/922
f  690/306/925 683/311/924 689/305/923
f  690/306/925 909/310/926 683/311/924
f  691/309/927 909/310/926 690/306/925
f  906/321/928 909/310/926 691/309/927
f  906/321/928 691/309/927 684/320/929
f  691/309/927 688/323/930 684/320/929
f  685/313/920 766/315/919 764/301/931
f  742/303/932 685/313/920 764/301/931
f  742/303/932 686/302/921 685/313/920
f  689/305/923 686/302/921 742/303/932
f  693/309/933 907/310/934 908/321/935
f  693/309/933 908/321/935 687/320/936
f  688/323/930 693/309/933 687/320/936
f  688/323/930 692/322/937 693/309/933
f  691/309/927 692/322/937 688/323/930
f  689/305/923 742/303/932 741/304/938
f  735/307/939 689/305/923 741/304/938
f  735/307/939 690/306/925 689/305/923
f  691/309/927 690/306/925 735/307/939
f  691/309/927 735/307/939 736/308/940
f  692/322/937 691/309/927 736/308/940
f  692/322/937 736/308/940 779/325/941
f  693/309/933 692/322/937 779/325/941
f  693/309/933 779/325/941 783/308/942
f  698/306/943 693/309/933 783/308/942
f  907/310/934 693/309/933 698/306/943
f  699/305/944 907/310/934 698/306/943
f  699/305/944 694/311/945 907/310/934
f  699/305/944 695/312/914 694/311/945
f  699/305/944 696/302/915 695/312/914
f  773/303/946 696/302/915 699/305/944
f  697/313/913 696/302/915 773/303/946
f  697/313/913 773/303/946 771/301/916
f  698/306/943 783/308/942 781/307/947
f  699/305/944 698/306/943 781/307/947
f  699/305/944 781/307/947 780/304/948
f  773/303/946 699/305/944 780/304/948
f  705/765/949 731/766/950 730/767/951
f  705/765/949 730/767/951 703/768/952
f  729/769/953 703/768/952 730/767/951
f  729/769/953 700/770/954 703/768/952
f  700/770/954 727/771/955 703/768/952
f  700/770/954 701/772/956 727/771/955
f  701/772/956 726/773/957 727/771/955
f  701/772/956 702/774/958 726/773/957
f  702/774/958 724/775/959 726/773/957
f  702/774/958 722/776/960 724/775/959
f  728/777/961 707/778/962 727/771/955
f  707/778/962 703/768/952 727/771/955
f  707/778/962 705/765/949 703/768/952
f  704/644/643 717/655/622 731/766/950
f  704/644/643 731/766/950 705/765/949
f  706/635/634 704/644/643 705/765/949
f  706/635/634 705/765/949 707/778/962
f  708/632/631 706/635/634 707/778/962
f  708/632/631 707/778/962 728/777/961
f  709/633/632 708/632/631 728/777/961
f  709/633/632 728/777/961 725/779/963
f  710/640/639 709/633/632 725/779/963
f  710/640/639 725/779/963 711/780/964
f  712/625/624 710/640/639 711/780/964
f  712/625/624 711/780/964 713/781/965
f  718/782/966 715/783/967 719/784/968
f  715/783/967 720/785/969 719/784/968
f  715/783/967 713/781/965 720/785/969
f  713/781/965 723/786/970 720/785/969
f  713/781/965 711/780/964 723/786/970
f  725/779/963 723/786/970 711/780/964
f  714/624/623 712/625/624 713/781/965
f  714/624/623 713/781/965 715/783/967
f  716/622/621 714/624/623 715/783/967
f  716/622/621 715/783/967 718/782/966
f  717/623/622 716/622/621 718/782/966
f  717/623/622 718/782/966 731/787/950
f  731/787/950 718/782/966 732/788/971
f  718/782/966 719/784/968 732/788/971
f  734/789/972 732/788/971 719/784/968
f  734/789/972 719/784/968 720/785/969
f  721/790/973 734/789/972 720/785/969
f  721/790/973 720/785/969 723/786/970
f  722/776/960 721/790/973 723/786/970
f  722/776/960 723/786/970 724/775/959
f  725/779/963 724/775/959 723/786/970
f  725/779/963 726/773/957 724/775/959
f  725/779/963 728/777/961 726/773/957
f  728/777/961 727/771/955 726/773/957
f  733/791/974 729/792/953 730/793/951
f  733/791/974 730/793/951 732/788/971
f  731/787/950 732/788/971 730/793/951
f  734/789/972 733/791/974 732/788/971
f  740/262/975 735/261/976 741/260/977
f  736/264/978 735/261/976 740/262/975
f  736/264/978 740/262/975 738/263/979
f  778/266/980 736/264/978 738/263/979
f  778/266/980 779/265/981 736/264/978
f  737/268/982 763/267/983 778/266/980
f  737/268/982 778/266/980 738/263/979
f  739/269/984 737/268/982 738/263/979
f  739/269/984 738/263/979 740/262/975
f  744/279/985 739/269/984 740/262/975
f  744/279/985 740/262/975 743/254/986
f  740/262/975 741/260/977 743/254/986
f  741/260/977 751/253/987 743/254/986
f  741/260/977 742/259/988 751/253/987
f  751/253/987 742/259/988 752/270/989
f  752/270/989 742/259/988 764/271/990
f  765/273/991 752/270/989 764/271/990
f  751/253/987 749/255/992 743/254/986
f  744/279/985 743/254/986 749/255/992
f  747/299/993 744/279/985 749/255/992
f  755/250/994 756/249/995 757/281/996
f  755/250/994 757/281/996 745/248/997
f  758/298/998 745/248/997 757/281/996
f  758/298/998 748/280/999 745/248/997
f  748/280/999 750/251/1000 745/248/997
f  754/252/1001 745/248/997 750/251/1000
f  753/258/1002 754/252/1001 750/251/1000
f  754/252/1001 755/250/994 745/248/997
f  776/294/1003 746/300/1004 775/296/1005
f  746/300/1004 758/298/998 775/296/1005
f  746/300/1004 748/280/999 758/298/998
f  746/300/1004 747/299/993 748/280/999
f  747/299/993 749/255/992 748/280/999
f  748/280/999 749/255/992 750/251/1000
f  751/253/987 750/251/1000 749/255/992
f  753/258/1002 750/251/1000 751/253/987
f  751/253/987 752/270/989 753/258/1002
f  753/258/1002 752/270/989 765/273/991
f  753/258/1002 765/273/991 759/257/1006
f  754/252/1001 753/258/1002 759/257/1006
f  760/256/1007 754/252/1001 759/257/1006
f  760/256/1007 755/250/994 754/252/1001
f  761/276/1008 755/250/994 760/256/1007
f  761/276/1008 756/249/995 755/250/994
f  762/278/1009 756/249/995 761/276/1008
f  757/281/996 756/249/995 762/278/1009
f  757/281/996 762/278/1009 774/282/1010
f  758/298/998 757/281/996 774/282/1010
f  758/298/998 774/282/1010 775/296/1005
f  765/273/991 760/256/1007 759/257/1006
f  765/273/991 767/274/1011 760/256/1007
f  767/274/1011 761/276/1008 760/256/1007
f  767/274/1011 769/275/1012 761/276/1008
f  762/278/1009 761/276/1008 769/275/1012
f  762/278/1009 769/275/1012 772/277/1013
f  774/282/1010 762/278/1009 772/277/1013
f  778/291/980 763/292/983 777/293/1014
f  765/273/991 764/271/990 766/272/1015
f  767/274/1011 765/273/991 766/272/1015
f  767/274/1011 766/272/1015 768/286/1016
f  769/275/1012 767/274/1011 768/286/1016
f  769/275/1012 768/286/1016 770/285/1017
f  772/277/1013 769/275/1012 770/285/1017
f  772/277/1013 770/285/1017 771/284/1018
f  773/283/1019 772/277/1013 771/284/1018
f  774/282/1010 772/277/1013 773/283/1019
f  774/282/1010 773/283/1019 780/297/1020
f  774/282/1010 780/297/1020 775/296/1005
f  780/297/1020 784/295/1021 775/296/1005
f  776/294/1003 775/296/1005 784/295/1021
f  777/293/1014 776/294/1003 784/295/1021
f  777/293/1014 784/295/1021 782/287/1022
f  778/291/980 777/293/1014 782/287/1022
f  783/288/1023 778/291/980 782/287/1022
f  783/288/1023 779/290/981 778/291/980
f  780/297/1020 781/289/1024 784/295/1021
f  784/295/1021 781/289/1024 783/288/1023
f  784/295/1021 783/288/1023 782/287/1022
f  788/168/1025 785/173/1026 789/169/1027
f  785/173/1026 788/168/1025 787/167/1028
f  785/173/1026 787/167/1028 786/172/1029
f  2256/176/728 789/169/1027 2257/175/1030
f  2257/175/1030 789/169/1027 785/173/1026
f  2257/175/1030 785/173/1026 2258/174/1031
f  2258/174/1031 785/173/1026 786/172/1029
f  2258/174/1031 786/172/1029 2259/178/1032
f  2259/178/1032 786/172/1029 790/171/721
f  787/167/1028 790/171/721 786/172/1029
f  787/167/1028 874/158/722 790/171/721
f  787/167/1028 878/157/1033 874/158/722
f  788/168/1025 878/157/1033 787/167/1028
f  788/168/1025 893/159/1034 878/157/1033
f  789/169/1027 893/159/1034 788/168/1025
f  789/169/1027 894/161/1035 893/159/1034
f  891/170/726 894/161/1035 789/169/1027
f  2256/176/728 891/170/726 789/169/1027
f  2259/178/1032 790/171/721 2260/177/729
f  791/23/1036 792/50/1037 874/25/1038
f  792/50/1037 791/23/1036 793/59/1039
f  793/59/1039 791/23/1036 804/21/1040
f  793/59/1039 804/21/1040 805/61/1041
f  896/58/1042 895/60/1043 792/50/1037
f  896/58/1042 792/50/1037 793/59/1039
f  892/55/1044 896/58/1042 793/59/1039
f  892/55/1044 793/59/1039 794/57/1045
f  794/57/1045 793/59/1039 805/61/1041
f  899/56/751 892/55/1044 794/57/1045
f  899/56/751 794/57/1045 802/54/749
f  802/54/749 794/57/1045 795/68/1046
f  802/54/749 795/68/1046 801/69/1047
f  801/69/1047 795/68/1046 796/62/1048
f  801/69/1047 796/62/1048 797/67/1049
f  801/69/1047 797/67/1049 800/516/1050
f  798/515/1051 800/516/1050 797/67/1049
f  794/57/1045 805/61/1041 795/68/1046
f  795/68/1046 805/61/1041 807/53/1052
f  795/68/1046 807/53/1052 796/62/1048
f  796/62/1048 807/53/1052 809/51/1053
f  796/62/1048 809/51/1053 810/52/1054
f  797/67/1049 796/62/1048 810/52/1054
f  797/67/1049 810/52/1054 811/63/1055
f  812/512/1056 797/67/1049 811/63/1055
f  798/515/1051 797/67/1049 812/512/1056
f  813/511/1057 798/515/1051 812/512/1056
f  813/511/1057 826/508/1058 798/515/1051
f  826/508/1058 827/523/1059 798/515/1051
f  798/515/1051 827/523/1059 828/522/757
f  799/521/756 798/515/1051 828/522/757
f  800/516/1050 798/515/1051 799/521/756
f  800/516/1050 799/521/756 803/520/746
f  803/520/746 801/69/1047 800/516/1050
f  803/520/746 802/54/749 801/69/1047
f  805/61/1041 804/21/1040 806/17/1060
f  805/61/1041 806/17/1060 807/53/1052
f  807/53/1052 806/17/1060 808/18/1061
f  807/53/1052 808/18/1061 809/51/1053
f  809/51/1053 808/18/1061 889/41/1062
f  809/51/1053 889/41/1062 890/66/1063
f  810/52/1054 809/51/1053 890/66/1063
f  810/52/1054 890/66/1063 865/65/1064
f  811/63/1055 810/52/1054 865/65/1064
f  811/63/1055 865/65/1064 864/64/1065
f  863/507/1066 811/63/1055 864/64/1065
f  812/512/1056 811/63/1055 863/507/1066
f  862/518/1067 812/512/1056 863/507/1066
f  862/518/1067 813/511/1057 812/512/1056
f  849/519/1068 813/511/1057 862/518/1067
f  849/519/1068 814/517/1069 813/511/1057
f  814/517/1069 826/508/1058 813/511/1057
f  814/517/1069 841/510/1070 826/508/1058
f  840/541/778 838/538/1071 819/540/1072
f  819/540/1072 815/551/777 840/541/778
f  819/540/1072 816/550/772 815/551/777
f  817/552/770 816/550/772 819/540/1072
f  817/552/770 819/540/1072 818/549/760
f  819/540/1072 820/548/759 818/549/760
f  819/540/1072 838/538/1071 820/548/759
f  838/538/1071 821/547/758 820/548/759
f  838/538/1071 837/536/1073 821/547/758
f  837/536/1073 822/546/744 821/547/758
f  837/536/1073 835/534/1074 822/546/744
f  835/534/1074 823/545/743 822/546/744
f  835/534/1074 833/532/1075 823/545/743
f  833/532/1075 824/544/742 823/545/743
f  833/532/1075 831/530/1076 824/544/742
f  831/530/1076 825/543/741 824/544/742
f  831/530/1076 848/528/1077 825/543/741
f  848/528/1077 856/542/740 825/543/741
f  841/510/1070 842/513/1078 826/508/1058
f  826/508/1058 842/513/1078 827/523/1059
f  842/513/1078 846/526/1079 827/523/1059
f  846/526/1079 828/522/757 827/523/1059
f  846/526/1079 847/527/1080 828/522/757
f  829/529/755 828/522/757 847/527/1080
f  829/529/755 847/527/1080 848/528/1077
f  830/531/765 829/529/755 848/528/1077
f  830/531/765 848/528/1077 831/530/1076
f  832/533/766 830/531/765 831/530/1076
f  832/533/766 831/530/1076 833/532/1075
f  834/535/775 832/533/766 833/532/1075
f  834/535/775 833/532/1075 835/534/1074
f  836/537/774 834/535/775 835/534/1074
f  836/537/774 835/534/1074 837/536/1073
f  839/539/776 836/537/774 837/536/1073
f  839/539/776 837/536/1073 838/538/1071
f  840/541/778 839/539/776 838/538/1071
f  842/513/1078 845/524/1081 846/526/1079
f  841/510/1070 843/509/1082 842/513/1078
f  843/509/1082 845/524/1081 842/513/1078
f  843/509/1082 844/514/1083 845/524/1081
f  845/524/1081 844/514/1083 853/333/1084
f  845/524/1081 853/333/1084 854/331/1085
f  846/526/1079 845/524/1081 854/331/1085
f  846/526/1079 854/331/1085 855/525/1086
f  847/527/1080 846/526/1079 855/525/1086
f  847/527/1080 855/525/1086 856/542/740
f  848/528/1077 847/527/1080 856/542/740
f  850/337/1087 849/339/1068 862/340/1067
f  850/337/1087 862/340/1067 861/338/1088
f  851/335/1089 850/337/1087 861/338/1088
f  851/335/1089 861/338/1088 860/336/1090
f  852/332/1091 851/335/1089 860/336/1090
f  852/332/1091 860/336/1090 859/334/1092
f  853/333/1084 852/332/1091 859/334/1092
f  853/333/1084 859/334/1092 854/331/1085
f  854/331/1085 859/334/1092 858/343/1093
f  854/331/1085 858/343/1093 855/525/1086
f  858/343/1093 856/542/740 855/525/1086
f  856/542/740 858/343/1093 900/344/739
f  858/343/1093 857/151/1094 900/344/739
f  902/149/1095 900/344/739 857/151/1094
f  875/129/1096 902/149/1095 857/151/1094
f  875/129/1096 857/151/1094 858/343/1093
f  875/129/1096 858/343/1093 869/342/1097
f  869/342/1097 858/343/1093 859/334/1092
f  869/342/1097 859/334/1092 860/336/1090
f  869/342/1097 860/336/1090 873/341/1098
f  861/338/1088 873/341/1098 860/336/1090
f  861/338/1088 863/347/1066 873/341/1098
f  862/340/1067 863/347/1066 861/338/1088
f  863/347/1066 864/137/1065 872/135/1099
f  863/347/1066 872/135/1099 873/341/1098
f  864/137/1065 865/136/1064 866/134/1100
f  864/137/1065 866/134/1100 872/135/1099
f  872/135/1099 866/134/1100 867/132/1101
f  872/135/1099 867/132/1101 871/133/1102
f  871/133/1102 867/132/1101 868/130/1103
f  871/133/1102 868/130/1103 870/131/1104
f  865/136/1064 890/140/1063 887/138/1105
f  865/136/1064 887/138/1105 866/134/1100
f  887/138/1105 885/144/1106 866/134/1100
f  866/134/1100 885/144/1106 883/143/1107
f  866/134/1100 883/143/1107 867/132/1101
f  867/132/1101 883/143/1107 880/153/1108
f  867/132/1101 880/153/1108 868/130/1103
f  868/130/1103 880/153/1108 877/163/1109
f  868/130/1103 877/163/1109 876/152/1110
f  870/131/1104 868/130/1103 876/152/1110
f  870/131/1104 876/152/1110 875/129/1096
f  875/129/1096 869/342/1097 870/131/1104
f  873/341/1098 870/131/1104 869/342/1097
f  873/341/1098 871/133/1102 870/131/1104
f  873/341/1098 872/135/1099 871/133/1102
f  874/158/1038 878/157/1111 879/156/1112
f  875/129/1096 904/150/1113 902/149/1095
f  876/152/1110 904/150/1113 875/129/1096
f  876/152/1110 903/162/1114 904/150/1113
f  876/152/1110 877/163/1109 903/162/1114
f  877/163/1109 893/159/1115 903/162/1114
f  877/163/1109 878/157/1111 893/159/1115
f  880/153/1108 878/157/1111 877/163/1109
f  880/153/1108 879/156/1112 878/157/1111
f  879/156/1112 880/153/1108 881/164/1116
f  883/143/1107 881/164/1116 880/153/1108
f  883/143/1107 882/154/1117 881/164/1116
f  883/143/1107 884/155/1118 882/154/1117
f  883/143/1107 885/144/1106 884/155/1118
f  886/142/1119 884/155/1118 885/144/1106
f  886/142/1119 885/144/1106 887/138/1105
f  886/142/1119 887/138/1105 888/141/1120
f  890/140/1063 888/141/1120 887/138/1105
f  890/140/1063 889/139/1062 888/141/1120
f  891/170/726 895/166/725 894/161/1035
f  897/147/1121 896/165/1042 892/146/1044
f  898/148/1122 897/147/1121 892/146/1044
f  898/148/1122 892/146/1044 899/145/751
f  894/161/1123 903/162/1114 893/159/1115
f  894/161/1123 905/160/1124 903/162/1114
f  905/160/1124 894/161/1123 895/166/1043
f  905/160/1124 895/166/1043 896/165/1042
f  897/147/1121 905/160/1124 896/165/1042
f  905/160/1124 897/147/1121 904/150/1113
f  904/150/1113 897/147/1121 898/148/1122
f  904/150/1113 898/148/1122 902/149/1095
f  902/149/1095 898/148/1122 899/346/751
f  902/149/1095 899/346/751 901/345/737
f  902/149/1095 901/345/737 900/344/739
f  905/160/1124 904/150/1113 903/162/1114
f  909/231/1125 906/326/1126 908/327/1125
f  909/231/1125 908/327/1125 907/230/1127
f  1916/794/1128 1913/795/1129 1414/796/1130
f  1916/794/1128 1414/796/1130 910/797/1131
f  910/797/1131 1915/798/1132 1916/794/1128
f  910/797/1131 1449/799/1133 1915/798/1132
f  910/797/1134 1448/800/1135 1449/799/1136
f  1447/801/1137 1448/800/1135 910/797/1134
f  1414/796/1138 1447/801/1137 910/797/1134
f  921/802/1139 919/803/1140 915/804/1139
f  921/802/1139 915/804/1139 916/805/1141
f  925/806/1142 923/807/1143 913/808/1144
f  925/806/1142 913/808/1144 911/809/1145
f  924/810/1146 925/806/1142 911/809/1145
f  924/810/1146 911/809/1145 912/811/1147
f  926/812/1148 924/810/1146 912/811/1147
f  926/812/1148 912/811/1147 914/813/1149
f  923/814/1143 926/812/1148 914/813/1149
f  923/814/1143 914/813/1149 913/815/1144
f  915/804/1150 919/803/1151 922/816/1150
f  915/804/1150 922/816/1150 918/817/1152
f  916/818/1153 915/804/1154 918/817/1153
f  916/818/1153 918/817/1153 917/819/1155
f  918/817/1156 922/816/1157 920/820/1156
f  918/817/1156 920/820/1156 917/821/1158
f  922/816/1159 919/803/1160 921/822/1159
f  922/816/1159 921/822/1159 920/823/1161
f  926/812/1162 923/807/1163 925/806/1162
f  926/812/1162 925/806/1162 924/810/1164
f  1007/824/1165 1004/825/1166 1006/826/1167
f  1009/827/1168 1004/825/1166 1007/824/1165
f  1009/827/1168 927/828/1169 1004/825/1166
f  1010/829/1170 927/828/1169 1009/827/1168
f  1010/829/1170 1011/830/1171 927/828/1169
f  1011/830/1171 986/831/1172 927/828/1169
f  986/831/1172 1004/825/1166 927/828/1169
f  986/831/1172 1002/832/1173 1004/825/1166
f  1826/833/1174 1821/834/1175 1824/835/1174
f  1826/833/1174 1824/835/1174 1828/836/1176
f  1810/836/1177 1807/835/1178 1806/834/1177
f  1810/836/1177 1806/834/1177 1812/833/1179
f  2334/837/1180 2332/838/1181 2358/839/1182
f  2358/839/1182 2332/838/1181 1078/840/1183
f  2358/839/1182 1078/840/1183 2366/841/1184
f  2367/842/1185 2366/841/1184 1078/840/1183
f  2367/842/1185 1078/840/1183 1079/843/1186
f  2367/842/1185 1079/843/1186 1080/844/1187
f  2367/842/1185 1080/844/1187 2529/845/1188
f  2529/845/1188 1080/844/1187 1081/846/1189
f  2529/845/1188 1081/846/1189 2530/847/1190
f  2530/847/1190 1081/846/1189 1087/848/1191
f  2530/847/1190 1087/848/1191 2531/849/1192
f  1088/850/1193 2531/849/1192 1087/848/1191
f  1088/850/1193 2532/851/1194 2531/849/1192
f  2532/851/1194 1088/850/1193 1089/852/1195
f  2532/851/1194 1089/852/1195 2539/853/1196
f  1089/852/1195 2541/854/1197 2539/853/1196
f  2541/854/1197 1089/852/1195 1016/855/1198
f  1090/856/1199 1016/855/1198 1089/852/1195
f  1726/857/1200 1725/858/1201 931/859/1202
f  1725/858/1201 930/860/1203 931/859/1202
f  1725/858/1201 1460/861/1204 930/860/1203
f  1460/861/1204 929/862/1205 930/860/1203
f  1460/861/1204 1461/863/1206 929/862/1205
f  1461/863/1206 928/864/1207 929/862/1205
f  1461/863/1206 1726/857/1200 928/864/1207
f  1726/857/1200 931/859/1202 928/864/1207
f  931/859/1202 929/862/1205 928/864/1207
f  931/859/1202 930/860/1203 929/862/1205
f  1893/865/1208 1902/866/1209 1903/867/1210
f  1893/865/1208 1903/867/1210 1890/868/1211
f  1903/867/1210 1794/869/1212 1890/868/1211
f  1903/867/1210 1904/870/1213 1794/869/1212
f  1984/871/1214 1794/869/1212 1904/870/1213
f  1984/871/1214 1985/872/1215 1794/869/1212
f  2412/873/1216 2424/874/1217 2437/875/1218
f  2412/873/1216 2437/875/1218 2404/876/1219
f  2404/876/1219 2437/875/1218 2438/877/1220
f  2404/876/1219 2438/877/1220 2402/878/1221
f  2402/878/1221 2438/877/1220 2429/879/1222
f  2402/878/1221 2429/879/1222 2396/880/1223
f  2396/880/1223 2429/879/1222 2428/881/1224
f  2396/880/1223 2428/881/1224 2397/882/1225
f  2397/882/1225 2428/881/1224 2444/883/1226
f  2397/882/1225 2444/883/1226 2399/884/1227
f  2444/883/1226 2449/885/1228 2399/884/1227
f  933/886/1229 2399/884/1227 2449/885/1228
f  2463/887/1230 933/886/1229 2449/885/1228
f  933/886/1229 2463/887/1230 932/888/1231
f  2463/887/1230 2478/889/1232 932/888/1231
f  932/888/1231 2478/889/1232 2383/890/1233
f  2478/889/1232 2479/891/1234 2383/890/1233
f  2384/892/1235 2383/890/1233 2479/891/1234
f  932/888/1231 2383/890/1233 2381/893/1236
f  2379/894/1237 932/888/1231 2381/893/1236
f  933/886/1229 932/888/1231 2379/894/1237
f  2368/895/1238 933/886/1229 2379/894/1237
f  933/886/1229 2368/895/1238 2399/884/1227
f  2368/895/1238 2375/896/1239 2399/884/1227
f  2399/884/1227 2375/896/1239 2401/897/1240
f  1451/898/1241 1450/899/1242 937/900/1243
f  1450/899/1242 936/901/1244 937/900/1243
f  1450/899/1242 1724/902/1245 936/901/1244
f  1724/902/1245 935/903/1246 936/901/1244
f  1724/902/1245 1915/904/1247 935/903/1246
f  1449/905/1248 935/903/1246 1915/904/1247
f  1449/905/1248 934/906/1249 935/903/1246
f  1449/905/1248 1451/898/1241 934/906/1249
f  1451/898/1241 937/900/1243 934/906/1249
f  937/900/1243 935/903/1246 934/906/1249
f  937/900/1243 936/901/1244 935/903/1246
f  943/907/1250 941/908/1251 942/909/1252
f  941/908/1251 943/907/1250 940/910/1253
f  943/907/1250 939/911/1254 940/910/1253
f  943/907/1250 938/912/1255 939/911/1254
f  943/907/1250 2506/913/1256 938/912/1255
f  2506/913/1256 2505/914/1257 938/912/1255
f  938/912/1255 2505/914/1257 2496/915/1258
f  938/912/1255 2496/915/1258 939/911/1254
f  2491/916/1259 939/911/1254 2496/915/1258
f  2491/916/1259 940/910/1253 939/911/1254
f  2491/916/1259 2411/917/1260 940/910/1253
f  2411/917/1260 944/918/1261 940/910/1253
f  941/908/1251 940/910/1253 944/918/1261
f  945/919/1262 941/908/1251 944/918/1261
f  942/909/1252 941/908/1251 945/919/1262
f  942/909/1252 945/919/1262 2510/920/1263
f  2509/921/1264 942/909/1252 2510/920/1263
f  2509/921/1264 2508/922/1265 942/909/1252
f  2507/923/1266 942/909/1252 2508/922/1265
f  943/907/1250 942/909/1252 2507/923/1266
f  943/907/1250 2507/923/1266 2506/913/1256
f  2409/924/1267 944/918/1261 2411/917/1260
f  2409/924/1267 946/925/1268 944/918/1261
f  945/919/1262 944/918/1261 946/925/1268
f  948/926/1269 945/919/1262 946/925/1268
f  2510/920/1263 945/919/1262 948/926/1269
f  2510/920/1263 948/926/1269 949/927/1270
f  2510/920/1263 949/927/1270 2525/928/1271
f  2525/928/1271 949/927/1270 950/929/1272
f  2525/928/1271 950/929/1272 2515/930/1273
f  951/931/1274 2515/930/1273 950/929/1272
f  2526/932/1275 2515/930/1273 951/931/1274
f  956/933/1276 2526/932/1275 951/931/1274
f  2527/934/1277 2526/932/1275 956/933/1276
f  2527/934/1277 956/933/1276 954/935/1278
f  2527/934/1277 954/935/1278 2388/936/1279
f  953/937/1280 2388/936/1279 954/935/1278
f  953/937/1280 2390/938/1281 2388/936/1279
f  2390/938/1281 953/937/1280 2406/939/1282
f  948/926/1269 946/925/1268 947/940/1283
f  953/937/1280 2409/924/1267 2406/939/1282
f  953/937/1280 946/925/1268 2409/924/1267
f  953/937/1280 947/940/1283 946/925/1268
f  953/937/1280 957/941/1284 947/940/1283
f  948/926/1269 947/940/1283 957/941/1284
f  948/926/1269 957/941/1284 958/942/1285
f  949/927/1270 948/926/1269 958/942/1285
f  949/927/1270 958/942/1285 950/929/1272
f  951/931/1274 950/929/1272 958/942/1285
f  951/931/1274 958/942/1285 959/943/1286
f  956/933/1276 951/931/1274 959/943/1286
f  956/933/1276 959/943/1286 955/944/1287
f  959/943/1286 957/941/1284 955/944/1287
f  952/945/1288 955/944/1287 957/941/1284
f  953/937/1280 952/945/1288 957/941/1284
f  953/937/1280 955/944/1287 952/945/1288
f  953/937/1280 954/935/1278 955/944/1287
f  956/933/1276 955/944/1287 954/935/1278
f  959/943/1286 958/942/1285 957/941/1284
f  962/946/1289 1127/947/1290 1128/948/1291
f  962/946/1289 1128/948/1291 1124/949/1292
f  962/946/1289 1124/949/1292 961/950/1293
f  961/950/1293 1124/949/1292 1122/951/1294
f  961/950/1293 1122/951/1294 960/952/1295
f  960/952/1295 1122/951/1294 1120/953/1296
f  1135/954/1297 1137/955/1298 994/956/1299
f  994/956/1299 969/957/1300 1135/954/1297
f  1135/954/1297 969/957/1300 1133/958/1301
f  969/957/1300 1118/959/1302 1133/958/1301
f  969/957/1300 968/960/1303 1118/959/1302
f  968/960/1303 1120/953/1296 1118/959/1302
f  1120/953/1296 968/960/1303 967/961/1304
f  960/952/1295 1120/953/1296 967/961/1304
f  966/962/1305 960/952/1295 967/961/1304
f  966/962/1305 961/950/1293 960/952/1295
f  966/962/1305 965/963/1306 961/950/1293
f  962/946/1289 961/950/1293 965/963/1306
f  965/963/1306 964/964/1307 962/946/1289
f  962/946/1289 964/964/1307 1127/947/1290
f  963/965/1308 1127/947/1290 964/964/1307
f  963/965/1308 1073/966/1309 1127/947/1290
f  1012/967/1310 1073/966/1309 963/965/1308
f  1012/967/1310 1072/968/1311 1073/966/1309
f  985/969/1312 973/970/1313 984/971/1314
f  987/972/1315 973/970/1313 985/969/1312
f  973/970/1313 987/972/1315 977/973/1316
f  1014/974/1317 977/973/1316 987/972/1315
f  1014/974/1317 976/975/1318 977/973/1316
f  1014/974/1317 1012/967/1310 976/975/1318
f  1012/967/1310 975/976/1319 976/975/1318
f  1012/967/1310 963/965/1308 975/976/1319
f  975/976/1319 963/965/1308 964/964/1307
f  965/963/1306 975/976/1319 964/964/1307
f  974/977/1320 975/976/1319 965/963/1306
f  965/963/1306 966/962/1305 974/977/1320
f  974/977/1320 966/962/1305 972/978/1321
f  966/962/1305 967/961/1304 972/978/1321
f  972/978/1321 967/961/1304 971/979/1322
f  967/961/1304 968/960/1303 971/979/1322
f  970/980/1323 971/979/1322 968/960/1303
f  969/957/1300 970/980/1323 968/960/1303
f  970/980/1323 969/957/1300 994/956/1299
f  994/956/1299 982/981/1324 970/980/1323
f  970/980/1323 982/981/1324 971/979/1322
f  982/981/1324 972/978/1321 971/979/1322
f  982/981/1324 984/971/1314 972/978/1321
f  984/971/1314 974/977/1320 972/978/1321
f  984/971/1314 973/970/1313 974/977/1320
f  973/970/1313 977/973/1316 974/977/1320
f  974/977/1320 977/973/1316 975/976/1319
f  977/973/1316 976/975/1318 975/976/1319
f  985/969/1312 979/982/1325 978/983/1326
f  987/972/1315 985/969/1312 988/984/1327
f  978/983/1326 988/984/1327 985/969/1312
f  978/983/1326 989/985/1328 988/984/1327
f  990/986/1329 989/985/1328 978/983/1326
f  980/987/1330 990/986/1329 978/983/1326
f  980/987/1330 978/983/1326 979/982/1325
f  981/988/1331 980/987/1330 979/982/1325
f  981/988/1331 979/982/1325 983/989/1332
f  985/969/1312 983/989/1332 979/982/1325
f  992/990/1333 991/991/1334 990/986/1329
f  992/990/1333 990/986/1329 980/987/1330
f  993/992/1335 992/990/1333 980/987/1330
f  995/993/1336 993/992/1335 980/987/1330
f  995/993/1336 980/987/1330 981/988/1331
f  995/993/1336 981/988/1331 994/956/1299
f  994/956/1299 981/988/1331 982/981/1324
f  982/981/1324 981/988/1331 983/989/1332
f  982/981/1324 983/989/1332 984/971/1314
f  985/969/1312 984/971/1314 983/989/1332
f  1011/830/1171 1014/974/1317 986/831/1172
f  1014/974/1317 987/972/1315 986/831/1172
f  1002/832/1173 986/831/1172 987/972/1315
f  1002/832/1173 987/972/1315 988/984/1327
f  1001/994/1337 1002/832/1173 988/984/1327
f  989/985/1328 1001/994/1337 988/984/1327
f  1001/994/1337 989/985/1328 1000/995/1338
f  990/986/1329 1000/995/1338 989/985/1328
f  997/996/1339 1000/995/1338 990/986/1329
f  991/991/1334 997/996/1339 990/986/1329
f  997/996/1339 991/991/1334 1143/997/1340
f  992/990/1333 1143/997/1340 991/991/1334
f  992/990/1333 1141/998/1341 1143/997/1340
f  993/992/1335 1141/998/1341 992/990/1333
f  993/992/1335 1139/999/1342 1141/998/1341
f  995/993/1336 1139/999/1342 993/992/1335
f  995/993/1336 1137/955/1298 1139/999/1342
f  995/993/1336 994/956/1299 1137/955/1298
f  996/1000/1343 1028/1001/1344 1029/1002/1345
f  1145/1003/1346 1027/1004/1347 999/1005/1348
f  999/1005/1348 1027/1004/1347 1028/1001/1344
f  999/1005/1348 1028/1001/1344 996/1000/1343
f  1003/1006/1349 999/1005/1348 996/1000/1343
f  1003/1006/1349 996/1000/1343 1005/1007/1350
f  996/1000/1343 1029/1002/1345 1005/1007/1350
f  1005/1007/1350 1029/1002/1345 1030/1008/1351
f  997/996/1339 1143/997/1340 1144/1009/1352
f  1144/1009/1352 998/1010/1353 997/996/1339
f  1144/1009/1352 1145/1003/1346 998/1010/1353
f  1145/1003/1346 999/1005/1348 998/1010/1353
f  997/996/1339 998/1010/1353 1000/995/1338
f  1066/1011/1354 1068/1012/1355 1008/1013/1356
f  1066/1011/1354 1008/1013/1356 1065/1014/1357
f  1000/995/1338 998/1010/1353 999/1005/1348
f  1003/1006/1349 1000/995/1338 999/1005/1348
f  1001/994/1337 1000/995/1338 1003/1006/1349
f  1002/832/1173 1001/994/1337 1003/1006/1349
f  1002/832/1173 1003/1006/1349 1004/825/1166
f  1004/825/1166 1003/1006/1349 1005/1007/1350
f  1004/825/1166 1005/1007/1350 1006/826/1167
f  1005/1007/1350 1030/1008/1351 1006/826/1167
f  1030/1008/1351 1007/824/1165 1006/826/1167
f  1007/824/1165 1030/1008/1351 1065/1014/1357
f  1065/1014/1357 1008/1013/1356 1007/824/1165
f  1007/824/1165 1008/1013/1356 1009/827/1168
f  1068/1012/1355 1009/827/1168 1008/1013/1356
f  1068/1012/1355 1010/829/1170 1009/827/1168
f  1068/1012/1355 1070/1015/1358 1010/829/1170
f  1013/1016/1359 1010/829/1170 1070/1015/1358
f  1011/830/1171 1010/829/1170 1013/1016/1359
f  1011/830/1171 1013/1016/1359 1014/974/1317
f  1013/1016/1359 1070/1015/1358 1072/968/1311
f  1013/1016/1359 1072/968/1311 1012/967/1310
f  1014/974/1317 1013/1016/1359 1012/967/1310
f  1090/1017/1199 1091/1018/1360 1015/1019/1361
f  1090/1017/1199 1015/1019/1361 1016/1020/1198
f  1093/1021/1362 1094/1022/1363 1017/1023/1364
f  1093/1021/1362 1017/1023/1364 1018/1024/1365
f  1093/1021/1362 1018/1024/1365 1092/1025/1366
f  1091/1018/1360 1092/1025/1366 1018/1024/1365
f  1091/1018/1360 1018/1024/1365 1019/1026/1367
f  1019/1026/1367 1015/1019/1361 1091/1018/1360
f  2561/1027/1368 1015/1019/1361 1019/1026/1367
f  2562/1028/1369 1015/1019/1361 2561/1027/1368
f  2562/1028/1369 1016/1020/1198 1015/1019/1361
f  1016/1020/1198 2562/1028/1369 2541/1029/1197
f  1019/1026/1367 2560/1030/1370 2561/1027/1368
f  1022/1031/1371 1043/1032/1372 1042/1033/1373
f  1022/1031/1371 1023/1034/1374 1043/1032/1372
f  1023/1034/1374 1096/1035/1375 1043/1032/1372
f  1023/1034/1374 1024/1036/1376 1096/1035/1375
f  1095/1037/1377 1096/1035/1375 1024/1036/1376
f  1095/1037/1377 1024/1036/1376 1025/1038/1378
f  1094/1022/1363 1095/1037/1377 1025/1038/1378
f  1094/1022/1363 1025/1038/1378 1017/1023/1364
f  1025/1038/1378 1180/1039/1379 1017/1023/1364
f  1018/1024/1365 1017/1023/1364 1180/1039/1379
f  1018/1024/1365 1180/1039/1379 1179/1040/1380
f  1019/1026/1367 1018/1024/1365 1179/1040/1380
f  1019/1026/1367 1179/1040/1380 1177/1041/1381
f  2560/1030/1370 1019/1026/1367 1177/1041/1381
f  2560/1030/1370 1177/1041/1381 1175/1042/1382
f  2560/1030/1370 1175/1042/1382 2570/1043/1383
f  1175/1042/1382 1158/1044/1384 2570/1043/1383
f  1175/1042/1382 1176/1045/1385 1158/1044/1384
f  2326/1046/1386 2319/1047/1387 2314/1048/1388
f  1020/1049/1389 2314/1048/1388 2319/1047/1387
f  2314/1048/1388 1020/1049/1389 2313/1050/1390
f  1020/1049/1389 1048/1051/1391 2313/1050/1390
f  1048/1051/1391 1020/1049/1389 1021/1052/1392
f  1021/1052/1392 1047/1053/1393 1048/1051/1391
f  1021/1052/1392 1022/1031/1371 1047/1053/1393
f  1047/1053/1393 1022/1031/1371 1042/1033/1373
f  1020/1049/1389 2319/1047/1387 1190/1054/1394
f  1021/1052/1392 1020/1049/1389 1190/1054/1394
f  1208/1055/1395 1209/1056/1396 1188/1057/1397
f  1206/1058/1398 1208/1055/1395 1188/1057/1397
f  1206/1058/1398 1188/1057/1397 1189/1059/1399
f  1188/1057/1397 1026/1060/1400 1189/1059/1399
f  1190/1054/1394 1189/1059/1399 1026/1060/1400
f  1190/1054/1394 1026/1060/1400 1021/1052/1392
f  1187/1061/1401 1021/1052/1392 1026/1060/1400
f  1187/1061/1401 1022/1031/1371 1021/1052/1392
f  1187/1061/1401 1185/1062/1402 1022/1031/1371
f  1185/1062/1402 1023/1034/1374 1022/1031/1371
f  1185/1062/1402 1184/1063/1403 1023/1034/1374
f  1023/1034/1374 1184/1063/1403 1183/1064/1404
f  1023/1034/1374 1183/1064/1404 1024/1036/1376
f  1025/1038/1378 1024/1036/1376 1183/1064/1404
f  1025/1038/1378 1183/1064/1404 1182/1065/1405
f  1025/1038/1378 1182/1065/1405 1180/1039/1379
f  1188/1057/1397 1186/1066/1406 1026/1060/1400
f  1187/1061/1401 1026/1060/1400 1186/1066/1406
f  1145/1067/1407 1031/1068/1408 1027/1069/1409
f  1027/1069/1409 1031/1068/1408 1033/1070/1410
f  1027/1069/1409 1033/1070/1410 1028/1071/1411
f  1028/1071/1411 1033/1070/1410 1036/1072/1412
f  1028/1071/1411 1036/1072/1412 1029/1073/1413
f  1029/1073/1413 1036/1072/1412 1037/1074/1414
f  1029/1073/1413 1037/1074/1414 1030/1075/1415
f  1030/1075/1415 1037/1074/1414 1065/1076/1416
f  1065/1076/1416 1037/1074/1414 1063/1077/1417
f  1037/1074/1414 1035/1078/1418 1063/1077/1417
f  1061/1079/1419 1063/1077/1417 1035/1078/1418
f  1060/1080/1420 1061/1079/1419 1035/1078/1418
f  1060/1080/1420 1035/1078/1418 1034/1081/1421
f  1152/1082/1422 1060/1080/1420 1034/1081/1421
f  1152/1082/1422 1034/1081/1421 1032/1083/1423
f  1154/1084/1424 1152/1082/1422 1032/1083/1423
f  1031/1068/1408 1154/1084/1424 1032/1083/1423
f  1031/1068/1408 1147/1085/1425 1154/1084/1424
f  1145/1067/1407 1147/1085/1425 1031/1068/1408
f  1033/1070/1410 1031/1068/1408 1032/1083/1423
f  1033/1070/1410 1032/1083/1423 1034/1081/1421
f  1036/1072/1412 1033/1070/1410 1034/1081/1421
f  1036/1072/1412 1034/1081/1421 1035/1078/1418
f  1037/1074/1414 1036/1072/1412 1035/1078/1418
f  1725/858/1426 1724/902/1427 1041/1086/1428
f  1724/902/1427 1040/1087/1429 1041/1086/1428
f  1724/902/1427 1450/899/1430 1040/1087/1429
f  1450/899/1430 1039/1088/1431 1040/1087/1429
f  1450/899/1430 1460/861/1432 1039/1088/1431
f  1460/861/1432 1038/1089/1433 1039/1088/1431
f  1460/861/1432 1725/858/1426 1038/1089/1433
f  1725/858/1426 1041/1086/1428 1038/1089/1433
f  1041/1086/1428 1039/1088/1431 1038/1089/1433
f  1041/1086/1428 1040/1087/1429 1039/1088/1431
f  1044/1090/1434 1043/1091/1435 1096/1092/1436
f  1046/1093/1437 1047/1094/1438 1042/1095/1439
f  1046/1093/1437 1042/1095/1439 1043/1091/1435
f  1046/1093/1437 1043/1091/1435 1044/1090/1434
f  1045/1096/1440 1046/1093/1437 1044/1090/1434
f  1106/1097/1441 1045/1096/1440 1044/1090/1434
f  1106/1097/1441 1044/1090/1434 1105/1098/1442
f  1044/1090/1434 1096/1092/1436 1105/1098/1442
f  1074/1099/1443 1054/1100/1444 1073/1101/1445
f  1054/1100/1444 1127/1102/1446 1073/1101/1445
f  1054/1100/1444 1126/1103/1447 1127/1102/1446
f  1054/1100/1444 1106/1097/1441 1126/1103/1447
f  1054/1100/1444 1045/1096/1440 1106/1097/1441
f  1055/1104/1448 1045/1096/1440 1054/1100/1444
f  1045/1096/1440 1055/1104/1448 1046/1093/1437
f  1055/1104/1448 1053/1105/1449 1046/1093/1437
f  1046/1093/1437 1053/1105/1449 1047/1094/1438
f  1052/1106/1450 1047/1094/1438 1053/1105/1449
f  1052/1106/1450 1048/1107/1451 1047/1094/1438
f  1051/1108/1452 1048/1107/1451 1052/1106/1450
f  1051/1108/1452 2313/1109/1453 1048/1107/1451
f  1050/1110/1454 2313/1109/1453 1051/1108/1452
f  1050/1110/1454 2315/1111/1455 2313/1109/1453
f  1049/1112/1456 2315/1111/1455 1050/1110/1454
f  1049/1112/1456 2316/1113/1457 2315/1111/1455
f  1075/1114/1458 2316/1113/1457 1049/1112/1456
f  1062/1115/1459 1075/1114/1458 1049/1112/1456
f  1056/1116/1460 1062/1115/1459 1049/1112/1456
f  1056/1116/1460 1049/1112/1456 1050/1110/1454
f  1057/1117/1461 1056/1116/1460 1050/1110/1454
f  1057/1117/1461 1050/1110/1454 1051/1108/1452
f  1058/1118/1462 1057/1117/1461 1051/1108/1452
f  1058/1118/1462 1051/1108/1452 1052/1106/1450
f  1059/1119/1463 1058/1118/1462 1052/1106/1450
f  1059/1119/1463 1052/1106/1450 1053/1105/1449
f  1055/1104/1448 1059/1119/1463 1053/1105/1449
f  1059/1119/1463 1055/1104/1448 1074/1099/1443
f  1055/1104/1448 1054/1100/1444 1074/1099/1443
f  1062/1115/1459 1056/1116/1460 1064/1120/1464
f  1064/1120/1464 1056/1116/1460 1057/1117/1461
f  1064/1120/1464 1057/1117/1461 1067/1121/1465
f  1057/1117/1461 1069/1122/1466 1067/1121/1465
f  1057/1117/1461 1058/1118/1462 1069/1122/1466
f  1058/1118/1462 1071/1123/1467 1069/1122/1466
f  1058/1118/1462 1059/1119/1463 1071/1123/1467
f  1059/1119/1463 1074/1099/1443 1071/1123/1467
f  1152/1082/1422 1151/1124/1468 1077/1125/1469
f  1060/1080/1420 1152/1082/1422 1077/1125/1469
f  1060/1080/1420 1077/1125/1469 1076/1126/1470
f  1061/1079/1419 1060/1080/1420 1076/1126/1470
f  1061/1079/1419 1076/1126/1470 1075/1114/1458
f  1062/1115/1459 1061/1079/1419 1075/1114/1458
f  1061/1079/1419 1062/1115/1459 1063/1077/1417
f  1062/1115/1459 1064/1120/1464 1063/1077/1417
f  1065/1076/1416 1063/1077/1417 1064/1120/1464
f  1065/1076/1416 1064/1120/1464 1067/1121/1465
f  1065/1076/1416 1067/1121/1465 1066/1127/1471
f  1067/1121/1465 1068/1128/1472 1066/1127/1471
f  1067/1121/1465 1069/1122/1466 1068/1128/1472
f  1069/1122/1466 1070/1129/1473 1068/1128/1472
f  1069/1122/1466 1071/1123/1467 1070/1129/1473
f  1071/1123/1467 1072/1130/1474 1070/1129/1473
f  1071/1123/1467 1074/1099/1443 1072/1130/1474
f  1074/1099/1443 1073/1101/1445 1072/1130/1474
f  1075/1114/1458 2330/1131/1475 2316/1113/1457
f  2330/1131/1475 1075/1114/1458 1076/1126/1470
f  2330/1131/1475 1076/1126/1470 2331/1132/1476
f  1077/1125/1469 2331/1132/1476 1076/1126/1470
f  1077/1125/1469 2333/1133/1477 2331/1132/1476
f  1151/1124/1468 2333/1133/1477 1077/1125/1469
f  1151/1124/1468 2332/1134/1478 2333/1133/1477
f  1078/1135/1479 2332/1134/1478 1151/1124/1468
f  1150/1136/1480 1078/1135/1479 1151/1124/1468
f  1150/1136/1480 1079/1137/1481 1078/1135/1479
f  1082/1138/1482 1079/1137/1481 1150/1136/1480
f  1082/1138/1482 1150/1136/1480 1149/1139/1483
f  1082/1138/1482 1149/1139/1483 1083/1140/1484
f  1129/1141/1485 1083/1140/1484 1149/1139/1483
f  1129/1141/1485 1085/1142/1486 1083/1140/1484
f  1129/1141/1485 1130/1143/1487 1085/1142/1486
f  1130/1143/1487 1113/1144/1488 1085/1142/1486
f  1130/1143/1487 1131/1145/1489 1113/1144/1488
f  1082/1138/1482 1080/1146/1490 1079/1137/1481
f  1084/1147/1491 1080/1146/1490 1082/1138/1482
f  1084/1147/1491 1081/1148/1492 1080/1146/1490
f  1084/1147/1491 1087/1149/1493 1081/1148/1492
f  1084/1147/1491 1086/1150/1494 1087/1149/1493
f  1084/1147/1491 1082/1138/1482 1083/1140/1484
f  1084/1147/1491 1083/1140/1484 1085/1142/1486
f  1086/1150/1494 1084/1147/1491 1085/1142/1486
f  1086/1150/1494 1085/1142/1486 1113/1144/1488
f  1097/1151/1495 1086/1150/1494 1113/1144/1488
f  1097/1151/1495 1113/1144/1488 1114/1152/1496
f  1097/1151/1495 1087/1149/1493 1086/1150/1494
f  1097/1151/1495 1088/1153/1497 1087/1149/1493
f  1098/1154/1498 1088/1153/1497 1097/1151/1495
f  1098/1154/1498 1089/1155/1499 1088/1153/1497
f  1099/1156/1500 1089/1155/1499 1098/1154/1498
f  1099/1156/1500 1090/1157/1501 1089/1155/1499
f  1100/1158/1502 1090/1157/1501 1099/1156/1500
f  1100/1158/1502 1091/1159/1503 1090/1157/1501
f  1101/1160/1504 1091/1159/1503 1100/1158/1502
f  1101/1160/1504 1092/1161/1505 1091/1159/1503
f  1093/1162/1506 1092/1161/1505 1101/1160/1504
f  1093/1162/1506 1101/1160/1504 1102/1163/1507
f  1103/1164/1508 1093/1162/1506 1102/1163/1507
f  1103/1164/1508 1094/1165/1509 1093/1162/1506
f  1104/1166/1510 1094/1165/1509 1103/1164/1508
f  1104/1166/1510 1095/1167/1511 1094/1165/1509
f  1096/1168/1436 1095/1167/1511 1104/1166/1510
f  1096/1168/1436 1104/1166/1510 1105/1169/1442
f  1098/1154/1498 1097/1151/1495 1114/1152/1496
f  1098/1154/1498 1114/1152/1496 1115/1170/1512
f  1099/1156/1500 1098/1154/1498 1115/1170/1512
f  1099/1156/1500 1115/1170/1512 1112/1171/1513
f  1100/1158/1502 1099/1156/1500 1112/1171/1513
f  1100/1158/1502 1112/1171/1513 1111/1172/1514
f  1101/1160/1504 1100/1158/1502 1111/1172/1514
f  1101/1160/1504 1111/1172/1514 1110/1173/1515
f  1102/1163/1507 1101/1160/1504 1110/1173/1515
f  1102/1163/1507 1110/1173/1515 1109/1174/1516
f  1103/1164/1508 1102/1163/1507 1109/1174/1516
f  1103/1164/1508 1109/1174/1516 1108/1175/1517
f  1104/1166/1510 1103/1164/1508 1108/1175/1517
f  1104/1166/1510 1108/1175/1517 1107/1176/1518
f  1105/1169/1442 1104/1166/1510 1107/1176/1518
f  1105/1169/1442 1107/1176/1518 1106/1177/1441
f  1125/1178/1519 1106/1177/1441 1107/1176/1518
f  1125/1178/1519 1126/1179/1447 1106/1177/1441
f  1125/1178/1519 1107/1176/1518 1108/1175/1517
f  1125/1178/1519 1108/1175/1517 1123/1180/1520
f  1121/1181/1521 1123/1180/1520 1108/1175/1517
f  1121/1181/1521 1108/1175/1517 1109/1174/1516
f  1119/1182/1522 1121/1181/1521 1109/1174/1516
f  1119/1182/1522 1109/1174/1516 1110/1173/1515
f  1117/1183/1523 1119/1182/1522 1110/1173/1515
f  1117/1183/1523 1110/1173/1515 1111/1172/1514
f  1116/1184/1524 1117/1183/1523 1111/1172/1514
f  1116/1184/1524 1111/1172/1514 1112/1171/1513
f  1116/1184/1524 1112/1171/1513 1115/1170/1512
f  1131/1145/1489 1114/1152/1496 1113/1144/1488
f  1131/1145/1489 1132/1185/1525 1114/1152/1496
f  1132/1185/1525 1115/1170/1512 1114/1152/1496
f  1132/1185/1525 1134/1186/1526 1115/1170/1512
f  1116/1184/1524 1115/1170/1512 1134/1186/1526
f  1133/1187/1527 1116/1184/1524 1134/1186/1526
f  1133/1187/1527 1117/1183/1523 1116/1184/1524
f  1133/1187/1527 1118/1188/1528 1117/1183/1523
f  1118/1188/1528 1119/1182/1522 1117/1183/1523
f  1118/1188/1528 1120/1189/1529 1119/1182/1522
f  1120/1189/1529 1121/1181/1521 1119/1182/1522
f  1120/1189/1529 1122/1190/1530 1121/1181/1521
f  1122/1190/1530 1123/1180/1520 1121/1181/1521
f  1122/1190/1530 1124/1191/1531 1123/1180/1520
f  1124/1191/1531 1125/1178/1519 1123/1180/1520
f  1124/1191/1531 1128/1192/1532 1125/1178/1519
f  1128/1192/1532 1126/1179/1447 1125/1178/1519
f  1128/1192/1532 1127/1193/1446 1126/1179/1447
f  1129/1141/1485 1149/1139/1483 1148/1194/1533
f  1129/1141/1485 1148/1194/1533 1146/1195/1534
f  1129/1141/1485 1146/1195/1534 1142/1196/1535
f  1130/1143/1487 1129/1141/1485 1142/1196/1535
f  1130/1143/1487 1142/1196/1535 1140/1197/1536
f  1131/1145/1489 1130/1143/1487 1140/1197/1536
f  1131/1145/1489 1140/1197/1536 1138/1198/1537
f  1132/1185/1525 1131/1145/1489 1138/1198/1537
f  1132/1185/1525 1138/1198/1537 1136/1199/1538
f  1134/1186/1526 1132/1185/1525 1136/1199/1538
f  1133/1187/1527 1134/1186/1526 1135/1200/1539
f  1134/1186/1526 1136/1199/1538 1135/1200/1539
f  1135/1200/1539 1136/1199/1538 1137/1201/1540
f  1137/1201/1540 1136/1199/1538 1138/1198/1537
f  1137/1201/1540 1138/1198/1537 1139/1202/1541
f  1139/1202/1541 1138/1198/1537 1140/1197/1536
f  1139/1202/1541 1140/1197/1536 1141/1203/1542
f  1141/1203/1542 1140/1197/1536 1142/1196/1535
f  1141/1203/1542 1142/1196/1535 1143/1204/1543
f  1143/1204/1543 1142/1196/1535 1146/1195/1534
f  1143/1204/1543 1146/1195/1534 1144/1205/1544
f  1146/1195/1534 1145/1067/1407 1144/1205/1544
f  1146/1195/1534 1147/1085/1425 1145/1067/1407
f  1148/1194/1533 1147/1085/1425 1146/1195/1534
f  1148/1194/1533 1154/1084/1424 1147/1085/1425
f  1154/1084/1424 1148/1194/1533 1149/1139/1483
f  1154/1084/1424 1149/1139/1483 1153/1206/1545
f  1150/1136/1480 1153/1206/1545 1149/1139/1483
f  1150/1136/1480 1151/1124/1468 1153/1206/1545
f  1152/1082/1422 1153/1206/1545 1151/1124/1468
f  1154/1084/1424 1153/1206/1545 1152/1082/1422
f  2489/1207/1546 2487/1208/1547 2483/1209/1548
f  2489/1207/1546 2483/1209/1548 2500/1210/1549
f  2500/1210/1549 2483/1209/1548 2481/1211/1550
f  2500/1210/1549 2481/1211/1550 2498/1212/1551
f  2498/1212/1551 2481/1211/1550 2486/1213/1552
f  2498/1212/1551 2486/1213/1552 2497/1214/1553
f  1157/1215/1554 2557/1216/1555 2572/1217/1556
f  1157/1215/1554 2545/1218/1557 2557/1216/1555
f  2549/1219/1558 2545/1218/1557 1157/1215/1554
f  2549/1219/1558 1157/1215/1554 1156/1220/1559
f  2549/1219/1558 1156/1220/1559 1155/1221/1560
f  2549/1219/1558 1155/1221/1560 2548/1222/1561
f  1155/1221/1560 1159/1223/1562 2548/1222/1561
f  1155/1221/1560 1160/1224/1563 1159/1223/1562
f  1155/1221/1560 1161/1225/1564 1160/1224/1563
f  1155/1221/1560 1156/1220/1559 1161/1225/1564
f  1161/1225/1564 1156/1220/1559 1176/1226/1385
f  1176/1226/1385 1156/1220/1559 1157/1215/1554
f  1176/1226/1385 1157/1215/1554 1158/1227/1565
f  2572/1217/1556 1158/1227/1565 1157/1215/1554
f  2572/1217/1556 2570/1228/1566 1158/1227/1565
f  1169/1229/1567 1233/1230/1568 1234/1231/1569
f  1233/1230/1568 1169/1229/1567 1170/1232/1570
f  2547/1233/1571 2548/1222/1561 2511/1234/1572
f  2548/1222/1561 1170/1232/1570 2511/1234/1572
f  2548/1222/1561 1159/1223/1562 1170/1232/1570
f  1233/1230/1568 1170/1232/1570 1159/1223/1562
f  1160/1224/1563 1233/1230/1568 1159/1223/1562
f  1160/1224/1563 1232/1235/1573 1233/1230/1568
f  1160/1224/1563 1231/1236/1574 1232/1235/1573
f  1160/1224/1563 1161/1225/1564 1231/1236/1574
f  1231/1236/1574 1161/1225/1564 1164/1237/1575
f  1161/1225/1564 1176/1226/1385 1164/1237/1575
f  1164/1237/1575 1176/1226/1385 1178/1238/1576
f  1164/1237/1575 1178/1238/1576 1163/1239/1577
f  1163/1239/1577 1178/1238/1576 1181/1240/1578
f  1163/1239/1577 1181/1240/1578 1162/1241/1579
f  1162/1241/1579 1181/1240/1578 1226/1242/1580
f  1162/1241/1579 1226/1242/1580 1227/1243/1581
f  1228/1244/1582 1162/1241/1579 1227/1243/1581
f  1228/1244/1582 1227/1243/1581 1244/1245/1583
f  1229/1246/1584 1162/1241/1579 1228/1244/1582
f  1229/1246/1584 1163/1239/1577 1162/1241/1579
f  1230/1247/1585 1163/1239/1577 1229/1246/1584
f  1230/1247/1585 1164/1237/1575 1163/1239/1577
f  1231/1236/1574 1164/1237/1575 1230/1247/1585
f  1727/1248/1586 1726/857/1587 1168/1249/1588
f  1726/857/1587 1167/1250/1589 1168/1249/1588
f  1726/857/1587 1461/863/1590 1167/1250/1589
f  1461/863/1590 1166/1251/1591 1167/1250/1589
f  1461/863/1590 1462/1252/1592 1166/1251/1591
f  1462/1252/1592 1165/1253/1593 1166/1251/1591
f  1462/1252/1592 1727/1248/1586 1165/1253/1593
f  1727/1248/1586 1168/1249/1588 1165/1253/1593
f  1168/1249/1588 1166/1251/1591 1165/1253/1593
f  1168/1249/1588 1167/1250/1589 1166/1251/1591
f  1173/1254/1594 1172/1255/1595 1171/1256/1596
f  1173/1254/1594 1171/1256/1596 1174/1257/1597
f  1174/1257/1597 1171/1256/1596 1235/1258/1598
f  1174/1257/1597 1235/1258/1598 1236/1259/1599
f  1169/1260/1567 1234/1261/1569 1235/1258/1598
f  1235/1258/1598 1170/1262/1570 1169/1260/1567
f  1235/1258/1598 1171/1256/1596 1170/1262/1570
f  1171/1256/1596 2511/1263/1572 1170/1262/1570
f  1171/1256/1596 1172/1255/1595 2511/1263/1572
f  2511/1263/1572 1172/1255/1595 2512/1264/1600
f  2512/1264/1600 1172/1255/1595 2484/1265/1601
f  2482/1266/1602 2484/1265/1601 1172/1255/1595
f  2482/1266/1602 1172/1255/1595 1173/1254/1594
f  2482/1266/1602 1173/1254/1594 2480/1267/1603
f  2480/1267/1603 1173/1254/1594 1216/1268/1604
f  1214/1269/1605 1216/1268/1604 1173/1254/1594
f  1214/1269/1605 1173/1254/1594 1174/1257/1597
f  1215/1270/1606 1214/1269/1605 1174/1257/1597
f  1215/1270/1606 1174/1257/1597 1236/1259/1599
f  1236/1259/1599 1237/1271/1607 1215/1270/1606
f  1177/1272/1381 1176/1273/1385 1175/1274/1382
f  1177/1272/1381 1178/1275/1576 1176/1273/1385
f  1179/1276/1380 1178/1275/1576 1177/1272/1381
f  1179/1276/1380 1181/1277/1578 1178/1275/1576
f  1180/1278/1379 1181/1277/1578 1179/1276/1380
f  1182/1279/1405 1181/1277/1578 1180/1278/1379
f  1182/1279/1405 1226/1280/1580 1181/1277/1578
f  1183/1281/1404 1226/1280/1580 1182/1279/1405
f  1184/1282/1403 1226/1280/1580 1183/1281/1404
f  1184/1282/1403 1225/1283/1608 1226/1280/1580
f  1185/1284/1402 1225/1283/1608 1184/1282/1403
f  1187/1285/1401 1225/1283/1608 1185/1284/1402
f  1187/1285/1401 1223/1286/1609 1225/1283/1608
f  1188/1287/1397 1223/1286/1609 1187/1285/1401
f  1188/1287/1397 1187/1285/1401 1186/1288/1406
f  1188/1287/1397 1209/1289/1396 1223/1286/1609
f  1206/1290/1398 1194/1291/1610 1207/1292/1611
f  1189/1293/1399 1190/1294/1394 1191/1295/1612
f  1189/1293/1399 1191/1295/1612 1192/1296/1613
f  1192/1296/1613 1206/1290/1398 1189/1293/1399
f  1201/1297/1614 1190/1294/1394 2319/1298/1387
f  1201/1297/1614 1191/1295/1612 1190/1294/1394
f  1200/1299/1615 1191/1295/1612 1201/1297/1614
f  1192/1296/1613 1191/1295/1612 1200/1299/1615
f  1192/1296/1613 1200/1299/1615 1199/1300/1616
f  1199/1300/1616 1193/1301/1617 1192/1296/1613
f  1206/1290/1398 1192/1296/1613 1193/1301/1617
f  1194/1291/1610 1206/1290/1398 1193/1301/1617
f  1194/1291/1610 1193/1301/1617 1195/1302/1618
f  2319/1303/1387 2324/1304/1619 1204/1305/1620
f  1204/1305/1620 2324/1304/1619 2322/1306/1621
f  1197/1307/1622 1193/1308/1617 1199/1300/1616
f  1195/1309/1618 1193/1308/1617 1197/1307/1622
f  1195/1309/1618 1197/1307/1622 1196/1310/1623
f  1198/1311/1624 1203/1312/1625 1204/1305/1620
f  1207/1313/1611 2321/1314/1626 1213/1315/1627
f  2322/1306/1621 2321/1314/1626 1207/1313/1611
f  1194/1316/1610 2322/1306/1621 1207/1313/1611
f  2322/1306/1621 1194/1316/1610 1195/1309/1618
f  2322/1306/1621 1195/1309/1618 1196/1310/1623
f  2322/1306/1621 1196/1310/1623 1204/1305/1620
f  1197/1307/1622 1204/1305/1620 1196/1310/1623
f  1204/1305/1620 1197/1307/1622 1198/1311/1624
f  1197/1307/1622 1199/1300/1616 1198/1311/1624
f  1199/1300/1616 1203/1312/1625 1198/1311/1624
f  1199/1300/1616 1200/1299/1615 1203/1312/1625
f  1200/1299/1615 1205/1317/1628 1203/1312/1625
f  1200/1299/1615 1201/1318/1614 1205/1317/1628
f  1201/1318/1614 1202/1319/1629 1205/1317/1628
f  1201/1318/1614 2319/1303/1387 1202/1319/1629
f  2319/1303/1387 1204/1305/1620 1202/1319/1629
f  1204/1305/1620 1205/1317/1628 1202/1319/1629
f  1205/1317/1628 1204/1305/1620 1203/1312/1625
f  1208/1320/1630 1206/1321/1398 1207/1313/1611
f  1212/1322/1631 1208/1320/1630 1207/1313/1611
f  1207/1313/1611 1213/1315/1627 1212/1322/1631
f  1208/1320/1630 1210/1323/1632 1209/1324/1633
f  1208/1320/1630 1212/1322/1631 1210/1323/1632
f  1211/1325/1634 1210/1323/1632 1212/1322/1631
f  1224/1326/1635 1223/1327/1609 1222/1328/1636
f  1222/1328/1636 1223/1327/1609 1209/1324/1633
f  1222/1328/1636 1209/1324/1633 1221/1329/1637
f  1221/1329/1637 1209/1324/1633 1210/1323/1632
f  1221/1329/1637 1210/1323/1632 1220/1330/1638
f  1219/1331/1639 1220/1330/1638 1210/1323/1632
f  1219/1331/1639 1210/1323/1632 1211/1325/1634
f  1217/1332/1640 1219/1331/1639 1211/1325/1634
f  2384/892/1235 1217/1332/1640 1211/1325/1634
f  2384/892/1235 1211/1325/1634 2386/1333/1641
f  1211/1325/1634 1212/1322/1631 2386/1333/1641
f  1212/1322/1631 2385/1334/1642 2386/1333/1641
f  1212/1322/1631 1213/1315/1627 2385/1334/1642
f  2321/1314/1626 2385/1334/1642 1213/1315/1627
f  1216/1335/1604 1214/1336/1605 1218/1337/1643
f  1218/1337/1643 1214/1336/1605 1215/1338/1606
f  1218/1337/1643 1215/1338/1606 1238/1339/1644
f  1237/1340/1607 1238/1339/1644 1215/1338/1606
f  1218/1337/1643 1238/1339/1644 1239/1341/1645
f  2479/891/1234 2480/1342/1603 2384/892/1235
f  2480/1342/1603 1216/1335/1604 2384/892/1235
f  1216/1335/1604 1217/1332/1640 2384/892/1235
f  1216/1335/1604 1218/1337/1643 1217/1332/1640
f  1217/1332/1640 1218/1337/1643 1219/1331/1639
f  1218/1337/1643 1239/1341/1645 1219/1331/1639
f  1239/1341/1645 1220/1330/1638 1219/1331/1639
f  1239/1341/1645 1240/1343/1646 1220/1330/1638
f  1241/1344/1647 1220/1330/1638 1240/1343/1646
f  1241/1344/1647 1221/1329/1637 1220/1330/1638
f  1242/1345/1648 1221/1329/1637 1241/1344/1647
f  1242/1345/1648 1222/1328/1636 1221/1329/1637
f  1243/1346/1649 1222/1328/1636 1242/1345/1648
f  1243/1346/1649 1224/1326/1635 1222/1328/1636
f  1244/1347/1583 1224/1326/1635 1243/1346/1649
f  1244/1347/1583 1227/1348/1581 1224/1326/1635
f  1227/1348/1581 1225/1349/1608 1224/1326/1635
f  1224/1326/1635 1225/1349/1608 1223/1327/1609
f  1227/1348/1581 1226/1350/1580 1225/1349/1608
f  1262/1351/1650 1264/1352/1651 1244/1353/1652
f  1228/1354/1653 1244/1353/1652 1264/1352/1651
f  1228/1354/1653 1264/1352/1651 1266/1355/1654
f  1229/1356/1655 1228/1354/1653 1266/1355/1654
f  1229/1356/1655 1266/1355/1654 1254/1357/1656
f  1230/1358/1657 1229/1356/1655 1254/1357/1656
f  1230/1358/1657 1254/1357/1656 1255/1359/1658
f  1231/1360/1659 1230/1358/1657 1255/1359/1658
f  1231/1360/1659 1255/1359/1658 1256/1361/1660
f  1232/1362/1661 1231/1360/1659 1256/1361/1660
f  1232/1362/1661 1256/1361/1660 1257/1363/1662
f  1233/1364/1663 1232/1362/1661 1257/1363/1662
f  1233/1364/1663 1257/1363/1662 1258/1365/1664
f  1258/1365/1664 1234/1366/1665 1233/1364/1663
f  1258/1365/1664 1259/1367/1666 1234/1366/1665
f  1235/1368/1667 1234/1366/1665 1259/1367/1666
f  1235/1368/1667 1259/1367/1666 1253/1369/1668
f  1236/1370/1669 1235/1368/1667 1253/1369/1668
f  1236/1370/1669 1253/1369/1668 1245/1371/1670
f  1245/1371/1670 1237/1372/1671 1236/1370/1669
f  1245/1371/1670 1249/1373/1672 1237/1372/1671
f  1238/1374/1673 1237/1372/1671 1249/1373/1672
f  1238/1374/1673 1249/1373/1672 1248/1375/1674
f  1248/1375/1674 1239/1376/1675 1238/1374/1673
f  1248/1375/1674 1247/1377/1676 1239/1376/1675
f  1247/1377/1676 1240/1378/1677 1239/1376/1675
f  1247/1377/1676 1246/1379/1678 1240/1378/1677
f  1246/1379/1678 1241/1380/1679 1240/1378/1677
f  1246/1379/1678 1280/1381/1680 1241/1380/1679
f  1280/1381/1680 1242/1382/1681 1241/1380/1679
f  1280/1381/1680 1279/1383/1682 1242/1382/1681
f  1279/1383/1682 1243/1384/1683 1242/1382/1681
f  1279/1383/1682 1262/1351/1650 1243/1384/1683
f  1262/1351/1650 1244/1353/1652 1243/1384/1683
f  1679/1385/1684 1250/1386/1685 1681/1387/1686
f  1250/1386/1685 1679/1385/1684 1674/1388/1687
f  1245/1371/1688 1253/1369/1689 1252/1389/1690
f  1252/1389/1690 1249/1373/1691 1245/1371/1688
f  1669/1390/1692 1280/1381/1693 1246/1379/1694
f  1246/1379/1694 1671/1391/1695 1669/1390/1692
f  1246/1379/1694 1247/1377/1696 1671/1391/1695
f  1674/1388/1687 1671/1391/1695 1247/1377/1696
f  1674/1388/1687 1247/1377/1696 1248/1375/1697
f  1250/1386/1685 1674/1388/1687 1248/1375/1697
f  1250/1386/1685 1248/1375/1697 1249/1373/1691
f  1252/1389/1690 1250/1386/1685 1249/1373/1691
f  1250/1386/1685 1252/1389/1690 1681/1387/1686
f  1251/1392/1698 1681/1387/1686 1252/1389/1690
f  1251/1392/1698 1683/1393/1699 1681/1387/1686
f  1682/1394/1700 1683/1393/1699 1251/1392/1698
f  1251/1392/1698 1515/1395/1701 1682/1394/1700
f  1252/1389/1690 1515/1395/1701 1251/1392/1698
f  1252/1389/1690 1514/1396/1702 1515/1395/1701
f  1514/1396/1702 1252/1389/1690 1260/1397/1703
f  1253/1369/1689 1260/1397/1703 1252/1389/1690
f  1253/1369/1689 1259/1367/1704 1260/1397/1703
f  1266/1355/1705 1268/1398/1706 1254/1357/1707
f  1268/1398/1706 1508/1399/1708 1254/1357/1707
f  1255/1359/1709 1254/1357/1707 1508/1399/1708
f  1255/1359/1709 1508/1399/1708 1509/1400/1710
f  1256/1361/1711 1255/1359/1709 1509/1400/1710
f  1256/1361/1711 1509/1400/1710 1510/1401/1712
f  1510/1401/1712 1257/1363/1713 1256/1361/1711
f  1510/1401/1712 1511/1402/1714 1257/1363/1713
f  1258/1365/1715 1257/1363/1713 1511/1402/1714
f  1258/1365/1715 1511/1402/1714 1512/1403/1716
f  1259/1367/1704 1258/1365/1715 1512/1403/1716
f  1259/1367/1704 1512/1403/1716 1513/1404/1717
f  1259/1367/1704 1513/1404/1717 1260/1397/1703
f  1514/1396/1702 1260/1397/1703 1513/1404/1717
f  1261/1405/1718 1931/1406/1719 1933/1407/1720
f  1665/1408/1721 1931/1406/1719 1261/1405/1718
f  1665/1408/1721 1261/1405/1718 1277/1409/1722
f  1277/1409/1722 1261/1405/1718 1275/1410/1723
f  1261/1405/1718 1933/1407/1720 1275/1410/1723
f  1933/1407/1720 1273/1411/1724 1275/1410/1723
f  1933/1407/1720 1935/1412/1725 1273/1411/1724
f  1271/1413/1726 1273/1411/1724 1935/1412/1725
f  1271/1413/1726 1935/1412/1725 1937/1414/1727
f  1271/1413/1726 1937/1414/1727 1938/1415/1728
f  1272/1416/1729 1270/1417/1730 1269/1418/1731
f  1267/1419/1732 1272/1416/1729 1269/1418/1731
f  1274/1420/1733 1272/1416/1729 1267/1419/1732
f  1274/1420/1733 1267/1419/1732 1265/1421/1734
f  1265/1421/1734 1276/1422/1735 1274/1420/1733
f  1265/1421/1734 1263/1423/1736 1276/1422/1735
f  1278/1424/1737 1276/1422/1735 1263/1423/1736
f  1279/1383/1738 1278/1424/1737 1263/1423/1736
f  1279/1383/1738 1263/1423/1736 1262/1351/1739
f  1263/1423/1736 1264/1352/1740 1262/1351/1739
f  1263/1423/1736 1265/1421/1734 1264/1352/1740
f  1266/1355/1705 1264/1352/1740 1265/1421/1734
f  1266/1355/1705 1265/1421/1734 1267/1419/1732
f  1266/1355/1705 1267/1419/1732 1268/1398/1706
f  1267/1419/1732 1269/1418/1731 1268/1398/1706
f  1269/1418/1731 1508/1399/1708 1268/1398/1706
f  1269/1418/1731 1270/1417/1730 1508/1399/1708
f  1270/1417/1730 1938/1415/1728 1508/1399/1708
f  1271/1413/1726 1938/1415/1728 1270/1417/1730
f  1272/1416/1729 1271/1413/1726 1270/1417/1730
f  1272/1416/1729 1273/1411/1724 1271/1413/1726
f  1272/1416/1729 1274/1420/1733 1273/1411/1724
f  1275/1410/1723 1273/1411/1724 1274/1420/1733
f  1275/1410/1723 1274/1420/1733 1276/1422/1735
f  1277/1409/1722 1275/1410/1723 1276/1422/1735
f  1278/1424/1737 1277/1409/1722 1276/1422/1735
f  1278/1424/1737 1665/1408/1721 1277/1409/1722
f  1279/1383/1738 1665/1408/1721 1278/1424/1737
f  1667/1425/1741 1665/1408/1721 1279/1383/1738
f  1667/1425/1741 1279/1383/1738 1280/1381/1693
f  1669/1390/1692 1667/1425/1741 1280/1381/1693
f  2010/1426/1742 1727/1248/1743 1284/1427/1744
f  1727/1248/1743 1283/1428/1745 1284/1427/1744
f  1727/1248/1743 1462/1252/1746 1283/1428/1745
f  1462/1252/1746 1282/1429/1747 1283/1428/1745
f  1462/1252/1746 1464/1430/1748 1282/1429/1747
f  1457/1431/1749 1282/1429/1747 1464/1430/1748
f  1457/1431/1749 1281/1432/1750 1282/1429/1747
f  1457/1431/1749 2010/1426/1742 1281/1432/1750
f  2010/1426/1742 1284/1427/1744 1281/1432/1750
f  1284/1427/1744 1282/1429/1747 1281/1432/1750
f  1284/1427/1744 1283/1428/1745 1282/1429/1747
f  1338/1433/1751 1315/1434/1752 1313/1435/1751
f  1338/1433/1751 1313/1435/1751 1339/1436/1753
f  1311/1437/1754 1342/1438/1755 1340/1439/1754
f  1311/1437/1754 1340/1439/1754 1312/1440/1756
f  1314/1441/1757 1341/1442/1758 1339/1436/1757
f  1314/1441/1757 1339/1436/1757 1313/1435/1759
f  1312/1440/1760 1340/1439/1761 1341/1442/1760
f  1312/1440/1760 1341/1442/1760 1314/1441/1762
f  1538/1443/1763 2108/1444/1764 1537/1445/1765
f  2108/1444/1764 1574/1446/1766 1537/1445/1765
f  2108/1444/1764 2107/1447/1767 1574/1446/1766
f  2107/1447/1767 1575/1448/1768 1574/1446/1766
f  2103/1449/1769 1575/1448/1768 2107/1447/1767
f  2102/1450/1770 1575/1448/1768 2103/1449/1769
f  2102/1450/1770 1576/1451/1771 1575/1448/1768
f  2165/1452/1772 1576/1451/1771 2102/1450/1770
f  2165/1452/1772 1562/1453/1773 1576/1451/1771
f  2166/1454/1774 1562/1453/1773 2165/1452/1772
f  1563/1455/1775 1562/1453/1773 2166/1454/1774
f  1564/1456/1776 1563/1455/1775 2166/1454/1774
f  1564/1456/1776 2166/1454/1774 2175/1457/1777
f  2175/1457/1777 2176/1458/1778 1564/1456/1776
f  1565/1459/1779 1564/1456/1776 2176/1458/1778
f  1566/1460/1780 1565/1459/1779 2176/1458/1778
f  1566/1460/1780 2176/1458/1778 2177/1461/1781
f  1566/1460/1780 2177/1461/1781 1559/1462/1782
f  1559/1462/1782 2177/1461/1781 2178/1463/1783
f  1559/1462/1782 2178/1463/1783 1543/1464/1784
f  1543/1464/1784 2178/1463/1783 2195/1465/1785
f  1543/1464/1784 2195/1465/1785 1542/1466/1786
f  1542/1466/1786 2195/1465/1785 2194/1467/1787
f  1542/1466/1786 2194/1467/1787 1541/1468/1788
f  1541/1468/1788 2194/1467/1787 2111/1469/1789
f  1541/1468/1788 2111/1469/1789 1540/1470/1790
f  2111/1469/1789 2110/1471/1791 1540/1470/1790
f  1540/1470/1790 2110/1471/1791 1539/1472/1792
f  1539/1472/1792 2110/1471/1791 1538/1443/1763
f  2110/1471/1791 2109/1473/1793 1538/1443/1763
f  2108/1444/1764 1538/1443/1763 2109/1473/1793
f  1299/1461/1794 1285/1458/1795 1611/1460/1796
f  1285/1458/1795 1613/1459/1797 1611/1460/1796
f  1285/1458/1795 1615/1456/1798 1613/1459/1797
f  1286/1457/1799 1615/1456/1798 1285/1458/1795
f  1286/1457/1799 1617/1455/1800 1615/1456/1798
f  1286/1457/1799 1287/1454/1801 1617/1455/1800
f  1287/1454/1801 1619/1453/1802 1617/1455/1800
f  1288/1452/1803 1619/1453/1802 1287/1454/1801
f  1623/1451/1804 1619/1453/1802 1288/1452/1803
f  1289/1450/1805 1623/1451/1804 1288/1452/1803
f  1290/1449/1806 1623/1451/1804 1289/1450/1805
f  1290/1449/1806 1622/1448/1807 1623/1451/1804
f  1291/1447/1808 1622/1448/1807 1290/1449/1806
f  1634/1446/1809 1622/1448/1807 1291/1447/1808
f  1634/1446/1809 1291/1447/1808 1292/1444/1810
f  1635/1445/1811 1634/1446/1809 1292/1444/1810
f  1635/1445/1811 1292/1444/1810 1636/1443/1812
f  1293/1473/1813 1636/1443/1812 1292/1444/1810
f  1636/1443/1812 1293/1473/1813 1294/1471/1814
f  1636/1443/1812 1294/1471/1814 1629/1472/1815
f  1629/1472/1815 1294/1471/1814 1624/1470/1816
f  1624/1470/1816 1294/1471/1814 1295/1469/1817
f  1624/1470/1816 1295/1469/1817 1625/1468/1818
f  1295/1469/1817 1296/1467/1819 1625/1468/1818
f  1625/1468/1818 1296/1467/1819 1628/1466/1820
f  1296/1467/1819 1297/1465/1821 1628/1466/1820
f  1628/1466/1820 1297/1465/1821 1627/1464/1822
f  1297/1465/1821 1298/1463/1823 1627/1464/1822
f  1627/1464/1822 1298/1463/1823 1609/1462/1824
f  1298/1463/1823 1299/1461/1794 1609/1462/1824
f  1609/1462/1824 1299/1461/1794 1611/1460/1796
f  1304/1474/1825 1427/1475/1826 1428/1476/1827
f  1472/1477/1828 1427/1475/1826 1304/1474/1825
f  1472/1477/1828 1304/1474/1825 1303/1478/1829
f  1471/1479/1830 1472/1477/1828 1303/1478/1829
f  1471/1479/1830 1303/1478/1829 1302/1480/1831
f  1302/1480/1831 1455/1481/1832 1471/1479/1830
f  1302/1480/1831 1301/1482/1833 1455/1481/1832
f  1301/1482/1833 1456/1483/1834 1455/1481/1832
f  1301/1482/1833 1300/1484/1835 1456/1483/1834
f  1457/1485/1749 1456/1483/1834 1300/1484/1835
f  2010/1486/1836 1457/1485/1837 1300/1484/1838
f  2010/1486/1836 1300/1484/1838 2012/1487/1839
f  1300/1484/1838 2014/1488/1840 2012/1487/1839
f  1300/1484/1838 1301/1482/1841 2014/1488/1840
f  1301/1482/1841 2016/1489/1842 2014/1488/1840
f  1301/1482/1841 1302/1480/1843 2016/1489/1842
f  2018/1490/1844 2016/1489/1842 1302/1480/1843
f  2018/1490/1844 1302/1480/1843 1303/1478/1845
f  2020/1491/1846 2018/1490/1844 1303/1478/1845
f  2020/1491/1846 1303/1478/1845 1304/1474/1847
f  2020/1491/1846 1304/1474/1847 1428/1476/1848
f  2020/1491/1846 1428/1476/1848 2019/1492/1849
f  1308/1493/1850 1765/1494/1851 1762/1495/1852
f  1307/1496/1853 1308/1493/1850 1762/1495/1852
f  1307/1496/1853 1762/1495/1852 1421/1497/1854
f  1306/1498/1855 1307/1496/1853 1421/1497/1854
f  1306/1498/1855 1421/1497/1854 1419/1499/1856
f  1305/1500/1857 1306/1498/1855 1419/1499/1856
f  1305/1500/1857 1419/1499/1856 1765/1494/1851
f  1308/1493/1850 1305/1500/1857 1765/1494/1851
f  1308/1493/1850 1306/1498/1855 1305/1500/1857
f  1308/1493/1850 1307/1496/1853 1306/1498/1855
f  1329/1501/1858 1333/1502/1859 1332/1503/1860
f  1329/1501/1858 1332/1503/1860 1309/1504/1861
f  1311/1505/1862 1329/1501/1858 1309/1504/1861
f  1309/1504/1861 1342/1506/1863 1311/1505/1862
f  1309/1504/1861 1332/1507/1860 1342/1506/1863
f  1326/1508/1864 1315/1509/1865 1338/1510/1866
f  1326/1508/1864 1310/1511/1867 1315/1509/1865
f  1310/1511/1867 1320/1512/1868 1315/1509/1865
f  1310/1511/1867 1327/1513/1869 1320/1512/1868
f  1310/1511/1867 1326/1514/1864 1327/1513/1869
f  1328/1515/1870 1329/1501/1858 1321/1516/1871
f  1311/1505/1862 1321/1516/1871 1329/1501/1858
f  1311/1505/1862 1315/1509/1865 1321/1516/1871
f  1315/1509/1865 1311/1505/1862 1312/1440/1872
f  1315/1509/1865 1312/1440/1872 1314/1441/1873
f  1315/1509/1865 1314/1441/1873 1313/1517/1874
f  1321/1516/1871 1315/1509/1865 1320/1512/1868
f  1319/1518/1875 1417/1519/1876 1415/1520/1877
f  1318/1521/1878 1319/1518/1875 1415/1520/1877
f  1318/1521/1878 1415/1520/1877 1414/1522/1879
f  1318/1521/1878 1414/1522/1879 1913/1523/1880
f  1317/1524/1881 1318/1521/1878 1913/1523/1880
f  1317/1524/1881 1913/1523/1880 1768/1525/1882
f  1316/1526/1883 1317/1524/1881 1768/1525/1882
f  1316/1526/1883 1768/1525/1882 1417/1519/1876
f  1319/1518/1875 1316/1526/1883 1417/1519/1876
f  1319/1518/1875 1317/1524/1881 1316/1526/1883
f  1319/1518/1875 1318/1521/1878 1317/1524/1881
f  1321/1527/1884 1320/1528/1885 1327/1529/1886
f  1321/1527/1884 1327/1529/1886 1331/1530/1887
f  1321/1527/1884 1331/1530/1887 1330/1515/1888
f  1321/1527/1884 1330/1515/1888 1328/1531/1889
f  1325/1532/1890 1768/1525/1891 1765/1494/1892
f  1324/1533/1893 1325/1532/1890 1765/1494/1892
f  1324/1533/1893 1765/1494/1892 1419/1499/1894
f  1323/1534/1895 1324/1533/1893 1419/1499/1894
f  1323/1534/1895 1419/1499/1894 1417/1519/1896
f  1322/1535/1897 1323/1534/1895 1417/1519/1896
f  1322/1535/1897 1417/1519/1896 1768/1525/1891
f  1325/1532/1890 1322/1535/1897 1768/1525/1891
f  1325/1532/1890 1323/1534/1895 1322/1535/1897
f  1325/1532/1890 1324/1533/1893 1323/1534/1895
f  1327/1512/1869 1326/1511/1864 1338/1509/1866
f  1327/1512/1869 1338/1509/1866 1331/1516/1898
f  1329/1536/1858 1328/1531/1870 1330/1515/1899
f  1329/1536/1858 1330/1515/1899 1333/1501/1859
f  1333/1501/1859 1330/1515/1899 1331/1516/1900
f  1333/1501/1859 1331/1516/1900 1338/1509/1866
f  1333/1501/1859 1338/1509/1866 1342/1505/1863
f  1333/1501/1859 1342/1505/1863 1332/1504/1860
f  1337/1537/1901 1762/1495/1902 1743/1538/1903
f  1336/1539/1904 1337/1537/1901 1743/1538/1903
f  1336/1539/1904 1743/1538/1903 1425/1540/1905
f  1335/1541/1906 1336/1539/1904 1425/1540/1905
f  1335/1541/1906 1425/1540/1905 1421/1497/1907
f  1334/1542/1908 1335/1541/1906 1421/1497/1907
f  1334/1542/1908 1421/1497/1907 1762/1495/1902
f  1337/1537/1901 1334/1542/1908 1762/1495/1902
f  1337/1537/1901 1335/1541/1906 1334/1542/1908
f  1337/1537/1901 1336/1539/1904 1335/1541/1906
f  1342/1505/1909 1338/1509/1866 1339/1517/1910
f  1342/1505/1909 1339/1517/1910 1341/1441/1911
f  1342/1505/1909 1341/1441/1911 1340/1440/1912
f  1346/1543/1913 1743/1538/1914 2019/1544/1915
f  1345/1545/1916 1346/1543/1913 2019/1544/1915
f  1345/1545/1916 2019/1544/1915 1428/1546/1827
f  1345/1545/1916 1428/1546/1827 1429/1547/1917
f  1344/1548/1918 1345/1545/1916 1429/1547/1917
f  1344/1548/1918 1429/1547/1917 1425/1540/1919
f  1343/1549/1920 1344/1548/1918 1425/1540/1919
f  1343/1549/1920 1425/1540/1919 1743/1538/1914
f  1346/1543/1913 1343/1549/1920 1743/1538/1914
f  1346/1543/1913 1344/1548/1918 1343/1549/1920
f  1346/1543/1913 1345/1545/1916 1344/1548/1918
f  1352/1550/1921 1350/1551/1921 1348/1552/1921
f  1352/1550/1921 1348/1552/1921 1354/1553/1921
f  1350/1551/1922 1347/1554/1922 1349/1555/1922
f  1350/1551/1922 1349/1555/1922 1348/1552/1922
f  1354/1553/1923 1351/1556/1923 1353/1557/1923
f  1354/1553/1923 1353/1557/1923 1352/1550/1923
f  1492/611/610 1357/1558/1924 1356/609/608
f  1492/611/610 1493/1559/1925 1357/1558/1924
f  1495/1560/1926 1357/1558/1924 1493/1559/1925
f  1360/621/620 1355/615/614 1359/1561/1927
f  1356/609/608 1359/1561/1927 1355/615/614
f  1356/609/608 1357/1558/1924 1359/1561/1927
f  1377/1562/1928 1359/1561/1927 1357/1558/1924
f  1495/1560/1926 1377/1562/1928 1357/1558/1924
f  1496/1563/1929 1377/1562/1928 1495/1560/1926
f  1362/1564/1930 1363/660/654 1358/631/630
f  1361/630/629 1362/1564/1930 1358/631/630
f  1377/1562/1928 1378/1565/1931 1359/1561/1927
f  1365/1566/1932 1359/1561/1927 1378/1565/1931
f  1360/621/620 1359/1561/1927 1365/1566/1932
f  1365/1566/1932 1361/630/629 1360/621/620
f  1365/1566/1932 1367/1567/1933 1361/630/629
f  1361/630/629 1367/1567/1933 1362/1564/1930
f  1367/1567/1933 1368/1568/1934 1362/1564/1930
f  1362/1564/1930 1368/1568/1934 1363/660/654
f  1368/1568/1934 1474/664/658 1363/660/654
f  1368/1568/1934 1369/1569/1935 1474/664/658
f  1479/1570/1936 1474/664/658 1369/1569/1935
f  1370/1571/1937 1479/1570/1936 1369/1569/1935
f  1478/1572/1938 1479/1570/1936 1370/1571/1937
f  1366/1573/1939 1478/1572/1938 1370/1571/1937
f  1478/1572/1938 1366/1573/1939 1476/1574/1940
f  1476/1574/1940 1366/1573/1939 1364/1575/1941
f  1476/1574/1940 1364/1575/1941 1463/1576/1942
f  1364/1575/1941 1436/1577/1943 1463/1576/1942
f  1424/1578/1944 1435/1579/1945 1371/1580/1946
f  1373/1581/1947 1371/1580/1946 1435/1579/1945
f  1373/1581/1947 1435/1579/1945 1374/1582/1948
f  1374/1582/1948 1435/1579/1945 1375/1583/1949
f  1375/1583/1949 1435/1579/1945 1441/1584/1950
f  1376/1585/1951 1375/1583/1949 1441/1584/1950
f  1376/1585/1951 1441/1584/1950 1440/1586/1952
f  1440/1586/1952 1379/1587/1953 1376/1585/1951
f  1440/1586/1952 1438/1588/1954 1379/1587/1953
f  1438/1588/1954 1378/1565/1931 1379/1587/1953
f  1378/1565/1931 1438/1588/1954 1436/1577/1943
f  1364/1575/1941 1378/1565/1931 1436/1577/1943
f  1365/1566/1932 1378/1565/1931 1364/1575/1941
f  1366/1573/1939 1365/1566/1932 1364/1575/1941
f  1366/1573/1939 1367/1567/1933 1365/1566/1932
f  1366/1573/1939 1370/1571/1937 1367/1567/1933
f  1367/1567/1933 1370/1571/1937 1368/1568/1934
f  1370/1571/1937 1369/1569/1935 1368/1568/1934
f  1372/761/901 1400/1589/1955 1398/760/859
f  1386/1590/1956 1409/1591/1957 1423/1592/1958
f  1424/1578/1944 1386/1590/1956 1423/1592/1958
f  1424/1578/1944 1383/1593/1959 1386/1590/1956
f  1424/1578/1944 1371/1580/1946 1383/1593/1959
f  1383/1593/1959 1371/1580/1946 1382/763/903
f  1382/763/903 1371/1580/1946 1373/1581/1947
f  1382/763/903 1373/1581/1947 1372/761/901
f  1372/761/901 1373/1581/1947 1400/1589/1955
f  1400/1589/1955 1373/1581/1947 1374/1582/1948
f  1400/1589/1955 1374/1582/1948 1402/1594/1960
f  1402/1594/1960 1374/1582/1948 1375/1583/1949
f  1402/1594/1960 1375/1583/1949 1403/1595/1961
f  1375/1583/1949 1485/1596/1962 1403/1595/1961
f  1375/1583/1949 1376/1585/1951 1485/1596/1962
f  1496/1563/1929 1485/1596/1962 1376/1585/1951
f  1496/1563/1929 1376/1585/1951 1379/1587/1953
f  1496/1563/1929 1379/1587/1953 1377/1562/1928
f  1379/1587/1953 1378/1565/1931 1377/1562/1928
f  1388/705/853 1386/1590/1956 1380/704/852
f  1381/764/904 1380/704/852 1386/1590/1956
f  1381/764/904 1386/1590/1956 1383/1593/1959
f  1383/1593/1959 1382/763/903 1381/764/904
f  1391/1597/1963 1384/707/855 1393/708/856
f  1389/706/854 1384/707/855 1391/1597/1963
f  1390/1598/1964 1392/1599/1965 1385/1600/1966
f  1387/1601/1967 1390/1598/1964 1385/1600/1966
f  1392/1599/1965 1397/1602/1968 1407/1603/1969
f  1392/1599/1965 1407/1603/1969 1408/1604/1970
f  1385/1600/1966 1392/1599/1965 1408/1604/1970
f  1385/1600/1966 1408/1604/1970 1409/1591/1957
f  1386/1590/1956 1385/1600/1966 1409/1591/1957
f  1387/1601/1967 1385/1600/1966 1386/1590/1956
f  1388/705/853 1387/1601/1967 1386/1590/1956
f  1388/705/853 1390/1598/1964 1387/1601/1967
f  1388/705/853 1389/706/854 1390/1598/1964
f  1389/706/854 1391/1597/1963 1390/1598/1964
f  1390/1598/1964 1391/1597/1963 1392/1599/1965
f  1391/1597/1963 1393/708/856 1392/1599/1965
f  1397/1602/1968 1392/1599/1965 1393/708/856
f  1397/1602/1968 1393/708/856 1394/709/857
f  1394/709/857 1396/1605/1971 1397/1602/1968
f  1394/709/857 1395/710/858 1396/1605/1971
f  1398/711/859 1396/1605/1971 1395/710/858
f  1398/711/859 1399/1606/1972 1396/1605/1971
f  1486/1607/1973 1403/1608/1961 1485/1609/1962
f  1404/1610/1974 1405/1611/1975 1401/1612/1976
f  1406/1613/1977 1401/1612/1976 1405/1611/1975
f  1406/1613/1977 1399/1606/1972 1401/1612/1976
f  1406/1613/1977 1396/1605/1971 1399/1606/1972
f  1397/1602/1968 1396/1605/1971 1406/1613/1977
f  1397/1602/1968 1406/1613/1977 1407/1603/1969
f  1399/1606/1972 1398/711/859 1400/1614/1955
f  1401/1612/1976 1399/1606/1972 1400/1614/1955
f  1401/1612/1976 1400/1614/1955 1402/1615/1960
f  1404/1610/1974 1401/1612/1976 1402/1615/1960
f  1404/1610/1974 1402/1615/1960 1403/1608/1961
f  1486/1607/1973 1404/1610/1974 1403/1608/1961
f  1405/1611/1975 1404/1610/1974 1486/1607/1973
f  1405/1611/1975 1486/1607/1973 1499/1616/1978
f  1499/1616/1978 1500/1617/1979 1405/1611/1975
f  1411/1618/1980 1405/1611/1975 1500/1617/1979
f  1406/1613/1977 1405/1611/1975 1411/1618/1980
f  1411/1618/1980 1413/1619/1981 1406/1613/1977
f  1407/1603/1969 1406/1613/1977 1413/1619/1981
f  1420/1620/1982 1407/1603/1969 1413/1619/1981
f  1420/1620/1982 1408/1604/1970 1407/1603/1969
f  1408/1604/1970 1420/1620/1982 1422/1621/1983
f  1408/1604/1970 1422/1621/1983 1409/1591/1957
f  1422/1621/1983 1423/1592/1958 1409/1591/1957
f  1500/1617/1979 1501/1622/1984 1411/1618/1980
f  1412/1623/1985 1410/1624/1986 1418/1625/1987
f  1418/1625/1987 1410/1624/1986 1416/1626/1988
f  1410/1624/1986 1487/1627/1989 1416/1626/1988
f  1410/1624/1986 1501/1622/1984 1487/1627/1989
f  1410/1624/1986 1411/1618/1980 1501/1622/1984
f  1410/1624/1986 1412/1623/1985 1411/1618/1980
f  1411/1618/1980 1412/1623/1985 1413/1619/1981
f  1418/1625/1987 1413/1619/1981 1412/1623/1985
f  1418/1625/1987 1420/1620/1982 1413/1619/1981
f  1415/1628/1990 1447/1629/1991 1414/1630/1992
f  1415/1628/1990 1453/1631/1993 1447/1629/1991
f  1415/1628/1990 1487/1627/1989 1453/1631/1993
f  1415/1628/1990 1416/1626/1988 1487/1627/1989
f  1417/1632/1994 1416/1626/1988 1415/1628/1990
f  1418/1625/1987 1416/1626/1988 1417/1632/1994
f  1419/1633/1995 1418/1625/1987 1417/1632/1994
f  1420/1620/1982 1418/1625/1987 1419/1633/1995
f  1421/1634/1996 1420/1620/1982 1419/1633/1995
f  1421/1634/1996 1422/1621/1983 1420/1620/1982
f  1425/1635/1997 1422/1621/1983 1421/1634/1996
f  1426/1636/1998 1422/1621/1983 1425/1635/1997
f  1422/1621/1983 1426/1636/1998 1423/1592/1958
f  1430/1637/1999 1423/1592/1958 1426/1636/1998
f  1430/1637/1999 1424/1578/1944 1423/1592/1958
f  1424/1578/1944 1430/1637/1999 1434/1638/2000
f  1434/1638/2000 1435/1579/1945 1424/1578/1944
f  1426/1636/1998 1429/1639/2001 1430/1637/1999
f  1429/1639/2001 1426/1636/1998 1425/1635/1997
f  1463/1576/1942 1436/1577/1943 1465/1640/2002
f  1437/1641/2003 1465/1640/2002 1436/1577/1943
f  1466/1642/2004 1465/1640/2002 1437/1641/2003
f  1437/1641/2003 1439/1643/2005 1466/1642/2004
f  1468/1644/2006 1466/1642/2004 1439/1643/2005
f  1439/1643/2005 1444/1645/2007 1468/1644/2006
f  1469/1646/2008 1468/1644/2006 1444/1645/2007
f  1444/1645/2007 1445/1647/2009 1469/1646/2008
f  1473/1648/2010 1469/1646/2008 1445/1647/2009
f  1473/1648/2010 1445/1647/2009 1431/1649/2011
f  1473/1648/2010 1431/1649/2011 1472/1650/2012
f  1431/1649/2011 1427/1651/2013 1472/1650/2012
f  1431/1649/2011 1432/1652/2014 1427/1651/2013
f  1432/1652/2014 1428/1653/2015 1427/1651/2013
f  1429/1639/2001 1428/1653/2015 1432/1652/2014
f  1432/1652/2014 1433/1654/2016 1429/1639/2001
f  1433/1654/2016 1430/1637/1999 1429/1639/2001
f  1433/1654/2016 1434/1638/2000 1430/1637/1999
f  1431/1649/2011 1445/1647/2009 1432/1652/2014
f  1443/1655/2017 1432/1652/2014 1445/1647/2009
f  1432/1652/2014 1443/1655/2017 1433/1654/2016
f  1443/1655/2017 1442/1656/2018 1433/1654/2016
f  1434/1638/2000 1433/1654/2016 1442/1656/2018
f  1442/1656/2018 1441/1584/1950 1434/1638/2000
f  1435/1579/1945 1434/1638/2000 1441/1584/1950
f  1436/1577/1943 1438/1588/1954 1437/1641/2003
f  1439/1643/2005 1437/1641/2003 1438/1588/1954
f  1440/1586/1952 1439/1643/2005 1438/1588/1954
f  1440/1586/1952 1444/1645/2007 1439/1643/2005
f  1441/1584/1950 1444/1645/2007 1440/1586/1952
f  1441/1584/1950 1446/1657/2019 1444/1645/2007
f  1441/1584/1950 1442/1656/2018 1446/1657/2019
f  1443/1655/2017 1446/1657/2019 1442/1656/2018
f  1445/1647/2009 1446/1657/2019 1443/1655/2017
f  1446/1657/2019 1445/1647/2009 1444/1645/2007
f  1447/1658/1991 1453/1659/1993 1452/1660/2020
f  1447/1658/1991 1452/1660/2020 1448/1661/2021
f  1449/1662/2022 1448/1661/2021 1452/1660/2020
f  1449/1662/2022 1452/1660/2020 1451/1663/2023
f  1450/1664/2024 1459/1665/2025 1460/1666/2026
f  1450/1664/2024 1458/1667/2027 1459/1665/2025
f  1451/1663/2023 1458/1667/2027 1450/1664/2024
f  1458/1667/2027 1451/1663/2023 1452/1668/2020
f  1458/1667/2027 1452/1668/2020 1454/1669/2028
f  1453/1670/1993 1454/1669/2028 1452/1668/2020
f  1453/1670/1993 1487/1671/1989 1454/1669/2028
f  1487/1671/1989 1502/1672/2029 1454/1669/2028
f  1458/1667/2027 1454/1669/2028 1502/1672/2029
f  1458/1667/2027 1502/1672/2029 1504/1673/2030
f  1471/1674/2031 1455/1675/2032 1470/1676/2033
f  1455/1675/2032 1467/1677/2034 1470/1676/2033
f  1455/1675/2032 1456/1678/2035 1467/1677/2034
f  1456/1678/2035 1457/1679/2036 1467/1677/2034
f  1467/1677/2034 1457/1679/2036 1464/1680/2037
f  1458/1667/2027 1504/1673/2030 1459/1665/2025
f  1459/1665/2025 1504/1673/2030 1503/1681/2038
f  1503/1681/2038 1481/1682/2039 1459/1665/2025
f  1481/1682/2039 1460/1666/2026 1459/1665/2025
f  1460/1666/2026 1481/1682/2039 1477/1683/2040
f  1460/1666/2026 1477/1683/2040 1461/1684/2041
f  1461/1684/2041 1477/1683/2040 1462/1685/2042
f  1476/1574/1940 1462/1685/2042 1477/1683/2040
f  1462/1685/2042 1476/1574/1940 1464/1680/2037
f  1463/1576/1942 1464/1680/2037 1476/1574/1940
f  1465/1640/2002 1464/1680/2037 1463/1576/1942
f  1464/1680/2037 1465/1640/2002 1467/1677/2034
f  1465/1640/2002 1466/1642/2004 1467/1677/2034
f  1466/1642/2004 1468/1644/2006 1467/1677/2034
f  1467/1677/2034 1468/1644/2006 1470/1676/2033
f  1470/1676/2033 1468/1644/2006 1469/1646/2008
f  1470/1676/2033 1469/1646/2008 1473/1648/2010
f  1471/1674/2031 1470/1676/2033 1473/1648/2010
f  1473/1648/2010 1472/1650/2012 1471/1674/2031
f  1480/667/661 1475/666/660 1479/1570/1936
f  1479/1570/1936 1475/666/660 1474/664/658
f  1478/1572/1938 1476/1574/1940 1477/1683/2040
f  1478/1572/1938 1477/1683/2040 1481/1682/2039
f  1478/1572/1938 1481/1682/2039 1482/1686/2043
f  1478/1572/1938 1482/1686/2043 1479/1570/1936
f  1482/1686/2043 1489/1687/2044 1479/1570/1936
f  1480/667/661 1479/1570/1936 1489/1687/2044
f  1489/1687/2044 1491/645/644 1480/667/661
f  1497/1688/2045 1494/1689/2046 1490/1690/2047
f  1497/1688/2045 1490/1690/2047 1483/1691/2048
f  1483/1691/2048 1505/1692/2049 1497/1688/2045
f  1507/1693/2050 1505/1692/2049 1483/1691/2048
f  1507/1693/2050 1483/1691/2048 1484/1694/2051
f  1484/1694/2051 1503/1681/2038 1507/1693/2050
f  1503/1681/2038 1484/1694/2051 1481/1682/2039
f  1484/1694/2051 1482/1686/2043 1481/1682/2039
f  1484/1694/2051 1488/1695/2052 1482/1686/2043
f  1482/1686/2043 1488/1695/2052 1489/1687/2044
f  1488/1695/2052 1483/1691/2048 1490/1690/2047
f  1484/1694/2051 1483/1691/2048 1488/1695/2052
f  1485/1696/1962 1496/1697/1929 1498/1698/2053
f  1485/1696/1962 1498/1698/2053 1486/1699/1973
f  1499/1700/1978 1486/1699/1973 1498/1698/2053
f  1487/1671/1989 1501/1701/1984 1502/1672/2029
f  1488/1695/2052 1490/1690/2047 1489/1687/2044
f  1489/1687/2044 1490/1690/2047 1491/645/644
f  1491/645/644 1490/1690/2047 1494/1689/2046
f  1491/645/644 1494/1689/2046 1492/646/610
f  1493/1702/1925 1492/646/610 1494/1689/2046
f  1495/1703/1926 1493/1702/1925 1494/1689/2046
f  1495/1703/1926 1494/1689/2046 1497/1688/2045
f  1496/1697/1929 1495/1703/1926 1497/1688/2045
f  1496/1697/1929 1497/1688/2045 1498/1698/2053
f  1497/1688/2045 1505/1692/2049 1498/1698/2053
f  1499/1700/1978 1498/1698/2053 1505/1692/2049
f  1505/1692/2049 1506/1704/2054 1499/1700/1978
f  1500/1705/1979 1499/1700/1978 1506/1704/2054
f  1501/1701/1984 1500/1705/1979 1506/1704/2054
f  1501/1701/1984 1506/1704/2054 1502/1672/2029
f  1507/1693/2050 1502/1672/2029 1506/1704/2054
f  1504/1673/2030 1502/1672/2029 1507/1693/2050
f  1504/1673/2030 1507/1693/2050 1503/1681/2038
f  1507/1693/2050 1506/1704/2054 1505/1692/2049
f  1508/1706/2055 1938/1707/2056 1572/1708/2057
f  1516/1709/2058 1508/1706/2055 1572/1708/2057
f  1516/1709/2058 1509/1710/2059 1508/1706/2055
f  1516/1709/2058 1518/1711/2060 1509/1710/2059
f  1518/1711/2060 1510/1712/2061 1509/1710/2059
f  1518/1711/2060 1521/1713/2062 1510/1712/2061
f  1521/1713/2062 1511/1714/2063 1510/1712/2061
f  1521/1713/2062 1522/1715/2064 1511/1714/2063
f  1522/1715/2064 1512/1716/2065 1511/1714/2063
f  1522/1715/2064 1524/1717/2066 1512/1716/2065
f  1524/1717/2066 1513/1718/2067 1512/1716/2065
f  1524/1717/2066 1535/1719/2068 1513/1718/2067
f  1535/1719/2068 1514/1720/2069 1513/1718/2067
f  1535/1719/2068 1536/1721/2070 1514/1720/2069
f  1536/1721/2070 1515/1722/2071 1514/1720/2069
f  1536/1721/2070 1692/1723/2072 1515/1722/2071
f  1682/1724/2073 1515/1722/2071 1692/1723/2072
f  1682/1724/2073 1692/1723/2072 1719/1725/2074
f  1572/1708/2057 1571/1726/2075 1517/1727/2076
f  1572/1708/2057 1517/1727/2076 1516/1709/2058
f  1517/1727/2076 1518/1711/2060 1516/1709/2058
f  1571/1726/2075 1570/1728/2077 1519/1729/2078
f  1571/1726/2075 1519/1729/2078 1517/1727/2076
f  1520/1730/2079 1517/1727/2076 1519/1729/2078
f  1517/1727/2076 1520/1730/2079 1518/1711/2060
f  1520/1730/2079 1521/1713/2062 1518/1711/2060
f  1523/1731/2080 1524/1717/2066 1522/1715/2064
f  1570/1728/2077 1569/1732/2081 1529/1733/2082
f  1570/1728/2077 1529/1733/2082 1519/1729/2078
f  1529/1733/2082 1525/1734/2083 1519/1729/2078
f  1520/1730/2079 1519/1729/2078 1525/1734/2083
f  1526/1735/2084 1520/1730/2079 1525/1734/2083
f  1520/1730/2079 1526/1735/2084 1521/1713/2062
f  1526/1735/2084 1522/1715/2064 1521/1713/2062
f  1527/1736/2085 1522/1715/2064 1526/1735/2084
f  1523/1731/2080 1522/1715/2064 1527/1736/2085
f  1523/1731/2080 1527/1736/2085 1532/1737/2086
f  1523/1731/2080 1532/1737/2086 1533/1738/2087
f  1534/1739/2088 1523/1731/2080 1533/1738/2087
f  1534/1739/2088 1524/1717/2066 1523/1731/2080
f  1534/1739/2088 1535/1719/2068 1524/1717/2066
f  1529/1733/2082 1530/1740/2089 1525/1734/2083
f  1530/1740/2089 1528/1741/2090 1525/1734/2083
f  1526/1735/2084 1525/1734/2083 1528/1741/2090
f  1527/1736/2085 1526/1735/2084 1528/1741/2090
f  1532/1737/2086 1527/1736/2085 1528/1741/2090
f  1532/1737/2086 1528/1741/2090 1531/1742/2091
f  1530/1740/2089 1531/1742/2091 1528/1741/2090
f  1569/1732/2081 1561/1743/2092 1529/1733/2082
f  1558/1744/2093 1529/1733/2082 1561/1743/2092
f  1558/1744/2093 1530/1740/2089 1529/1733/2082
f  1530/1740/2089 1558/1744/2093 1555/1745/2094
f  1530/1740/2089 1555/1745/2094 1531/1742/2091
f  1531/1742/2091 1555/1745/2094 1553/1746/2095
f  1531/1742/2091 1553/1746/2095 1532/1737/2086
f  1532/1737/2086 1553/1746/2095 1551/1747/2096
f  1532/1737/2086 1551/1747/2096 1533/1738/2087
f  1551/1747/2096 1545/1748/2097 1533/1738/2087
f  1534/1739/2088 1533/1738/2087 1545/1748/2097
f  1544/1749/2098 1534/1739/2088 1545/1748/2097
f  1544/1749/2098 1535/1719/2068 1534/1739/2088
f  1544/1749/2098 1536/1721/2070 1535/1719/2068
f  1544/1749/2098 1692/1723/2072 1536/1721/2070
f  1544/1749/2098 1592/1750/2099 1692/1723/2072
f  1592/1750/2099 1544/1749/2098 1546/1751/2100
f  1592/1750/2099 1546/1751/2100 1591/1752/2101
f  1573/1753/2102 1537/1754/2103 1574/1755/2104
f  1547/1756/2105 1591/1752/2101 1546/1751/2100
f  1547/1756/2105 1594/1757/2106 1591/1752/2101
f  1547/1756/2105 1573/1753/2102 1594/1757/2106
f  1547/1756/2105 1548/1758/2107 1573/1753/2102
f  1573/1753/2102 1548/1758/2107 1537/1754/2103
f  1548/1758/2107 1538/1759/2108 1537/1754/2103
f  1548/1758/2107 1550/1760/2109 1538/1759/2108
f  1550/1760/2109 1539/1761/2110 1538/1759/2108
f  1550/1760/2109 1552/1762/2111 1539/1761/2110
f  1552/1762/2111 1540/1763/2112 1539/1761/2110
f  1552/1762/2111 1554/1764/2113 1540/1763/2112
f  1554/1764/2113 1541/1765/2114 1540/1763/2112
f  1554/1764/2113 1556/1766/2115 1541/1765/2114
f  1556/1766/2115 1542/1767/2116 1541/1765/2114
f  1556/1766/2115 1557/1768/2117 1542/1767/2116
f  1557/1768/2117 1543/1769/2118 1542/1767/2116
f  1557/1768/2117 1560/1770/2119 1543/1769/2118
f  1560/1770/2119 1559/1771/2120 1543/1769/2118
f  1551/1747/2096 1549/1772/2121 1545/1748/2097
f  1544/1749/2098 1545/1748/2097 1546/1751/2100
f  1549/1772/2121 1546/1751/2100 1545/1748/2097
f  1549/1772/2121 1547/1756/2105 1546/1751/2100
f  1548/1758/2107 1547/1756/2105 1549/1772/2121
f  1548/1758/2107 1549/1772/2121 1550/1760/2109
f  1551/1747/2096 1550/1760/2109 1549/1772/2121
f  1551/1747/2096 1552/1762/2111 1550/1760/2109
f  1552/1762/2111 1551/1747/2096 1553/1746/2095
f  1552/1762/2111 1553/1746/2095 1554/1764/2113
f  1555/1745/2094 1554/1764/2113 1553/1746/2095
f  1555/1745/2094 1556/1766/2115 1554/1764/2113
f  1556/1766/2115 1555/1745/2094 1558/1744/2093
f  1556/1766/2115 1558/1744/2093 1557/1768/2117
f  1560/1770/2119 1557/1768/2117 1558/1744/2093
f  1560/1770/2119 1558/1744/2093 1561/1743/2092
f  1567/1773/2122 1566/1774/2123 1559/1771/2120
f  1560/1770/2119 1567/1773/2122 1559/1771/2120
f  1568/1775/2124 1567/1773/2122 1560/1770/2119
f  1568/1775/2124 1560/1770/2119 1561/1743/2092
f  1569/1732/2081 1568/1775/2124 1561/1743/2092
f  1581/1776/2125 1576/1777/2126 1562/1778/2127
f  1583/1779/2128 1581/1776/2125 1562/1778/2127
f  1583/1779/2128 1562/1778/2127 1563/1780/2129
f  1585/1781/2130 1583/1779/2128 1563/1780/2129
f  1585/1781/2130 1563/1780/2129 1564/1782/2131
f  1587/1783/2132 1585/1781/2130 1564/1782/2131
f  1587/1783/2132 1564/1782/2131 1565/1784/2133
f  1589/1785/2134 1587/1783/2132 1565/1784/2133
f  1589/1785/2134 1565/1784/2133 1566/1774/2123
f  1567/1773/2122 1589/1785/2134 1566/1774/2123
f  1588/1786/2135 1589/1785/2134 1567/1773/2122
f  1588/1786/2135 1567/1773/2122 1568/1775/2124
f  1939/1787/2136 1588/1786/2135 1568/1775/2124
f  1569/1732/2081 1939/1787/2136 1568/1775/2124
f  1570/1728/2137 1939/1787/2136 1569/1732/2081
f  1571/1726/2138 1939/1787/2136 1570/1728/2137
f  1939/1787/2136 1571/1726/2138 1938/1707/2056
f  1572/1708/2057 1938/1707/2056 1571/1726/2138
f  1939/1787/2136 1954/1788/2139 1588/1786/2135
f  1954/1788/2139 1590/1789/2140 1588/1786/2135
f  1954/1788/2139 1955/1790/2141 1590/1789/2140
f  1955/1790/2141 1586/1791/2142 1590/1789/2140
f  1955/1790/2141 1958/1792/2143 1586/1791/2142
f  1958/1792/2143 1957/1793/2144 1586/1791/2142
f  1586/1791/2142 1957/1793/2144 1584/1794/2145
f  1957/1793/2144 1983/1795/2146 1584/1794/2145
f  1584/1794/2145 1983/1795/2146 1582/1796/2147
f  1983/1795/2146 1907/1797/2148 1582/1796/2147
f  1907/1797/2148 1580/1798/2149 1582/1796/2147
f  1907/1797/2148 1908/1799/2150 1580/1798/2149
f  1580/1798/2149 1908/1799/2150 1899/1800/2151
f  1580/1798/2149 1899/1800/2151 1578/1801/2152
f  1578/1801/2152 1899/1800/2151 1900/1802/2153
f  1578/1801/2152 1900/1802/2153 1685/1803/2154
f  1685/1803/2154 1594/1804/2106 1578/1801/2152
f  1577/1805/2155 1578/1801/2152 1594/1804/2106
f  1577/1805/2155 1594/1804/2106 1573/1806/2102
f  1577/1805/2155 1573/1806/2102 1574/1807/2104
f  1577/1805/2155 1574/1807/2104 1575/1808/2156
f  1579/1809/2157 1577/1805/2155 1575/1808/2156
f  1579/1809/2157 1575/1808/2156 1576/1777/2126
f  1581/1776/2125 1579/1809/2157 1576/1777/2126
f  1579/1809/2157 1578/1801/2152 1577/1805/2155
f  1579/1809/2157 1580/1798/2149 1578/1801/2152
f  1581/1776/2125 1580/1798/2149 1579/1809/2157
f  1581/1776/2125 1582/1796/2147 1580/1798/2149
f  1583/1779/2128 1582/1796/2147 1581/1776/2125
f  1583/1779/2128 1584/1794/2145 1582/1796/2147
f  1584/1794/2145 1583/1779/2128 1585/1781/2130
f  1584/1794/2145 1585/1781/2130 1586/1791/2142
f  1586/1791/2142 1585/1781/2130 1587/1783/2132
f  1586/1791/2142 1587/1783/2132 1590/1789/2140
f  1590/1789/2140 1587/1783/2132 1589/1785/2134
f  1590/1789/2140 1589/1785/2134 1588/1786/2135
f  1599/1810/2158 1597/1811/2159 1593/1812/2160
f  1594/1813/2161 1596/1814/2162 1591/1815/2163
f  1591/1815/2163 1596/1814/2162 1599/1810/2158
f  1592/1816/2164 1591/1815/2163 1599/1810/2158
f  1692/1817/2165 1592/1816/2164 1599/1810/2158
f  1692/1817/2165 1599/1810/2158 1593/1812/2160
f  1693/1818/2166 1692/1817/2165 1593/1812/2160
f  1693/1818/2166 1593/1812/2160 1597/1811/2159
f  1684/1819/2167 1693/1818/2166 1597/1811/2159
f  1684/1819/2167 1597/1811/2159 1598/1820/2168
f  1685/1821/2169 1684/1819/2167 1598/1820/2168
f  1685/1821/2169 1598/1820/2168 1595/1822/2170
f  1594/1813/2161 1685/1821/2169 1595/1822/2170
f  1594/1813/2161 1595/1822/2170 1596/1814/2162
f  1596/1814/2162 1595/1822/2170 1598/1820/2168
f  1596/1814/2162 1598/1820/2168 1599/1810/2158
f  1599/1810/2158 1598/1820/2168 1597/1811/2159
f  1602/1823/2171 2077/1824/2172 2076/1825/2173
f  1602/1823/2171 2076/1825/2173 1603/1826/2174
f  1603/1826/2174 2076/1825/2173 1942/1827/2175
f  1603/1826/2174 1942/1827/2175 1604/1828/2176
f  1604/1828/2176 1942/1827/2175 1944/1829/2177
f  1605/1830/2178 1604/1828/2176 1944/1829/2177
f  1605/1830/2178 1944/1829/2177 1946/1831/2179
f  1606/1832/2180 1605/1830/2178 1946/1831/2179
f  1606/1832/2180 1946/1831/2179 1950/1833/2181
f  1607/1834/2182 1606/1832/2180 1950/1833/2181
f  1607/1834/2182 1950/1833/2181 1949/1835/2183
f  1642/1836/2184 1607/1834/2182 1949/1835/2183
f  1642/1836/2184 1949/1835/2183 1658/1837/2185
f  1658/1837/2185 1949/1835/2183 1660/1838/2186
f  1660/1838/2186 1949/1835/2183 1662/1839/2187
f  1931/1840/2188 1662/1839/2187 1949/1835/2183
f  1662/1839/2187 1931/1840/2188 1663/1841/2189
f  1663/1841/2189 1931/1840/2188 1665/1842/2190
f  1600/1843/2191 2069/1844/2192 2068/1845/2193
f  2070/1846/2194 2069/1844/2192 1600/1843/2191
f  1700/1847/2195 2070/1846/2194 1600/1843/2191
f  1600/1843/2191 1699/1848/2196 1700/1847/2195
f  1633/1849/2197 1699/1848/2196 1600/1843/2191
f  1622/1850/2198 1634/1851/2199 1633/1849/2197
f  1622/1850/2198 1633/1849/2197 1621/1852/2200
f  1633/1849/2197 1600/1843/2191 1621/1852/2200
f  1621/1852/2200 1600/1843/2191 1601/1853/2201
f  1600/1843/2191 2068/1845/2193 1601/1853/2201
f  1602/1823/2171 1601/1853/2201 2068/1845/2193
f  1602/1823/2171 2068/1845/2193 2077/1824/2172
f  1621/1852/2200 1601/1853/2201 1620/1854/2202
f  1620/1854/2202 1601/1853/2201 1602/1823/2171
f  1620/1854/2202 1602/1823/2171 1618/1855/2203
f  1618/1855/2203 1602/1823/2171 1603/1826/2174
f  1618/1855/2203 1603/1826/2174 1616/1856/2204
f  1604/1828/2176 1616/1856/2204 1603/1826/2174
f  1604/1828/2176 1614/1857/2205 1616/1856/2204
f  1605/1830/2178 1614/1857/2205 1604/1828/2176
f  1605/1830/2178 1612/1858/2206 1614/1857/2205
f  1606/1832/2180 1612/1858/2206 1605/1830/2178
f  1606/1832/2180 1610/1859/2207 1612/1858/2206
f  1607/1834/2182 1610/1859/2207 1606/1832/2180
f  1607/1834/2182 1608/1860/2208 1610/1859/2207
f  1642/1836/2184 1608/1860/2208 1607/1834/2182
f  1642/1836/2184 1632/1861/2209 1626/1862/2210
f  1642/1836/2184 1626/1862/2210 1608/1860/2208
f  1627/1863/2211 1608/1860/2208 1626/1862/2210
f  1627/1863/2211 1609/1864/2212 1608/1860/2208
f  1609/1864/2212 1610/1859/2207 1608/1860/2208
f  1609/1864/2212 1611/1865/2213 1610/1859/2207
f  1611/1865/2213 1612/1858/2206 1610/1859/2207
f  1611/1865/2213 1613/1866/2214 1612/1858/2206
f  1613/1866/2214 1614/1857/2205 1612/1858/2206
f  1613/1866/2214 1615/1867/2215 1614/1857/2205
f  1615/1867/2215 1616/1856/2204 1614/1857/2205
f  1615/1867/2215 1617/1868/2216 1616/1856/2204
f  1617/1868/2216 1618/1855/2203 1616/1856/2204
f  1617/1868/2216 1619/1869/2217 1618/1855/2203
f  1619/1869/2217 1620/1854/2202 1618/1855/2203
f  1619/1869/2217 1623/1870/2218 1620/1854/2202
f  1623/1870/2218 1621/1852/2200 1620/1854/2202
f  1623/1870/2218 1622/1850/2198 1621/1852/2200
f  1629/1871/2219 1624/1872/2220 1630/1873/2221
f  1624/1872/2220 1631/1874/2222 1630/1873/2221
f  1624/1872/2220 1625/1875/2223 1631/1874/2222
f  1625/1875/2223 1632/1861/2209 1631/1874/2222
f  1625/1875/2223 1628/1876/2224 1632/1861/2209
f  1628/1876/2224 1626/1862/2210 1632/1861/2209
f  1628/1876/2224 1627/1863/2211 1626/1862/2210
f  1636/1877/2225 1629/1871/2219 1637/1878/2226
f  1629/1871/2219 1630/1873/2221 1637/1878/2226
f  1630/1873/2221 1638/1879/2227 1637/1878/2226
f  1630/1873/2221 1639/1880/2228 1638/1879/2227
f  1639/1880/2228 1630/1873/2221 1631/1874/2222
f  1639/1880/2228 1631/1874/2222 1640/1881/2229
f  1632/1861/2209 1640/1881/2229 1631/1874/2222
f  1632/1861/2209 1641/1882/2230 1640/1881/2229
f  1642/1836/2184 1641/1882/2230 1632/1861/2209
f  1699/1883/2196 1633/1884/2197 1649/1885/2231
f  1634/1886/2199 1649/1885/2231 1633/1884/2197
f  1634/1886/2199 1635/1887/2232 1649/1885/2231
f  1635/1887/2232 1644/1888/2233 1649/1885/2231
f  1635/1887/2232 1636/1877/2225 1644/1888/2233
f  1636/1877/2225 1637/1878/2226 1644/1888/2233
f  1643/1889/2234 1644/1888/2233 1637/1878/2226
f  1643/1889/2234 1637/1878/2226 1638/1879/2227
f  1646/1890/2235 1643/1889/2234 1638/1879/2227
f  1646/1890/2235 1638/1879/2227 1639/1880/2228
f  1646/1890/2235 1639/1880/2228 1645/1891/2236
f  1645/1891/2236 1639/1880/2228 1640/1881/2229
f  1645/1891/2236 1640/1881/2229 1654/1892/2237
f  1654/1892/2237 1640/1881/2229 1641/1882/2230
f  1654/1892/2237 1641/1882/2230 1656/1893/2238
f  1642/1836/2184 1656/1893/2238 1641/1882/2230
f  1642/1836/2184 1657/1894/2239 1656/1893/2238
f  1657/1894/2239 1642/1836/2184 1658/1837/2240
f  1646/1890/2235 1647/1895/2241 1643/1889/2234
f  1647/1895/2241 1648/1896/2242 1643/1889/2234
f  1644/1888/2233 1643/1889/2234 1648/1896/2242
f  1644/1888/2233 1648/1896/2242 1649/1885/2231
f  1668/1897/2243 1670/1898/2244 1652/1899/2245
f  1666/1900/2246 1668/1897/2243 1652/1899/2245
f  1666/1900/2246 1652/1899/2245 1650/1901/2247
f  1664/1902/2248 1666/1900/2246 1650/1901/2247
f  1664/1902/2248 1650/1901/2247 1661/1903/2249
f  1655/1904/2250 1661/1903/2249 1650/1901/2247
f  1653/1905/2251 1655/1904/2250 1650/1901/2247
f  1655/1904/2250 1653/1905/2251 1654/1892/2237
f  1654/1892/2237 1653/1905/2251 1651/1906/2252
f  1654/1892/2237 1651/1906/2252 1645/1891/2236
f  1646/1890/2235 1645/1891/2236 1651/1906/2252
f  1646/1890/2235 1651/1906/2252 1673/1907/2253
f  1647/1895/2241 1646/1890/2235 1673/1907/2253
f  1647/1895/2241 1673/1907/2253 1676/1908/2254
f  1677/1909/2255 1647/1895/2241 1676/1908/2254
f  1647/1895/2241 1677/1909/2255 1648/1896/2242
f  1677/1909/2255 1699/1883/2196 1648/1896/2242
f  1699/1883/2196 1649/1885/2231 1648/1896/2242
f  1653/1905/2251 1650/1901/2247 1652/1899/2245
f  1651/1906/2252 1672/1910/2256 1673/1907/2253
f  1651/1906/2252 1670/1898/2244 1672/1910/2256
f  1653/1905/2251 1670/1898/2244 1651/1906/2252
f  1653/1905/2251 1652/1899/2245 1670/1898/2244
f  1655/1904/2250 1654/1892/2237 1656/1893/2238
f  1659/1911/2257 1655/1904/2250 1656/1893/2238
f  1655/1904/2250 1659/1911/2257 1661/1903/2249
f  1659/1911/2257 1656/1893/2238 1657/1894/2239
f  1659/1911/2257 1657/1894/2239 1658/1837/2240
f  1659/1911/2257 1658/1837/2240 1660/1838/2258
f  1661/1903/2249 1659/1911/2257 1660/1838/2258
f  1661/1903/2249 1660/1838/2258 1662/1839/2259
f  1664/1902/2248 1661/1903/2249 1662/1839/2259
f  1664/1902/2248 1662/1839/2259 1663/1841/2189
f  1663/1841/2189 1665/1842/2190 1664/1902/2248
f  1665/1842/2190 1666/1900/2246 1664/1902/2248
f  1665/1842/2190 1667/1912/2260 1666/1900/2246
f  1667/1912/2260 1668/1897/2243 1666/1900/2246
f  1667/1912/2260 1669/1913/2261 1668/1897/2243
f  1669/1913/2261 1670/1898/2244 1668/1897/2243
f  1669/1913/2261 1671/1914/2262 1670/1898/2244
f  1671/1914/2262 1672/1910/2256 1670/1898/2244
f  1671/1914/2262 1674/1915/2263 1672/1910/2256
f  1674/1915/2263 1675/1916/2264 1672/1910/2256
f  1673/1907/2253 1672/1910/2256 1675/1916/2264
f  1673/1907/2253 1675/1916/2264 1676/1908/2254
f  1674/1915/2263 1679/1917/2265 1675/1916/2264
f  1679/1917/2265 1680/1918/2266 1675/1916/2264
f  1676/1908/2254 1675/1916/2264 1680/1918/2266
f  1676/1908/2254 1680/1918/2266 1678/1919/2267
f  1677/1909/2255 1676/1908/2254 1678/1919/2267
f  1698/1920/2268 1677/1909/2255 1678/1919/2267
f  1677/1909/2255 1698/1920/2268 1699/1883/2196
f  1680/1918/2266 1720/1921/2269 1701/1922/2270
f  1680/1918/2266 1701/1922/2270 1678/1919/2267
f  1698/1920/2268 1678/1919/2267 1701/1922/2270
f  1679/1917/2265 1681/1923/2271 1680/1918/2266
f  1681/1923/2271 1720/1921/2269 1680/1918/2266
f  1681/1923/2271 1683/1924/2272 1720/1921/2269
f  1719/1925/2074 1720/1921/2269 1683/1924/2272
f  1719/1925/2074 1683/1924/2272 1682/1926/2273
f  1684/1819/2274 1685/1821/2275 1687/1927/2276
f  1684/1819/2274 1687/1927/2276 1691/1928/2277
f  1693/1818/2278 1684/1819/2274 1691/1928/2277
f  1693/1818/2278 1691/1928/2277 1689/1929/2279
f  1782/1930/2280 1693/1818/2278 1689/1929/2279
f  1782/1930/2280 1689/1929/2279 1690/1931/2281
f  1779/1932/2282 1782/1930/2280 1690/1931/2281
f  1779/1932/2282 1690/1931/2281 1688/1933/2283
f  1852/1934/2284 1779/1932/2282 1688/1933/2283
f  1900/1935/2285 1852/1934/2284 1688/1933/2283
f  1900/1935/2285 1688/1933/2283 1686/1936/2286
f  1685/1821/2275 1900/1935/2285 1686/1936/2286
f  1685/1821/2275 1686/1936/2286 1687/1927/2276
f  1687/1927/2276 1686/1936/2286 1688/1933/2283
f  1687/1927/2276 1688/1933/2283 1691/1928/2277
f  1691/1928/2277 1688/1933/2283 1690/1931/2281
f  1691/1928/2277 1690/1931/2281 1689/1929/2279
f  1719/1937/2074 1692/1938/2072 1693/1939/2287
f  1719/1937/2074 1693/1939/2287 1721/1940/2288
f  1721/1940/2288 1693/1939/2287 1782/1941/2289
f  1721/1940/2288 1782/1941/2289 1717/1942/2290
f  1717/1942/2290 1782/1941/2289 1783/1943/2291
f  1717/1942/2290 1783/1943/2291 1716/1944/2292
f  1716/1944/2292 1783/1943/2291 1789/1945/2293
f  1716/1944/2292 1789/1945/2293 1715/1946/2294
f  1715/1946/2294 1789/1945/2293 1792/1947/2295
f  1715/1946/2294 1792/1947/2295 1714/1948/2296
f  1714/1948/2296 1792/1947/2295 1793/1949/2297
f  1714/1948/2296 1793/1949/2297 1713/1950/2298
f  1713/1950/2298 1793/1949/2297 1696/1951/2299
f  1713/1950/2298 1696/1951/2299 1712/1952/2300
f  1694/1953/2301 1712/1952/2300 1696/1951/2299
f  1694/1953/2301 1722/1954/2302 1712/1952/2300
f  1694/1953/2301 1914/1955/2303 1722/1954/2302
f  1694/1953/2301 1913/1956/1129 1914/1955/2303
f  1695/1957/2304 1913/1956/1129 1694/1953/2301
f  1769/1958/2305 1913/1956/1129 1695/1957/2304
f  1769/1958/2305 1695/1957/2304 1697/1959/2306
f  1769/1958/2305 1697/1959/2306 1766/1960/2307
f  1770/1961/2308 1766/1960/2307 1697/1959/2306
f  1770/1961/2308 1771/1962/2309 1766/1960/2307
f  1695/1957/2304 1694/1953/2301 1696/1951/2299
f  1695/1957/2304 1696/1951/2299 1697/1959/2306
f  1793/1949/2297 1697/1959/2306 1696/1951/2299
f  1793/1949/2297 1770/1961/2308 1697/1959/2306
f  1706/1963/2310 1698/1964/2311 1701/1965/2312
f  1706/1963/2310 1705/1966/2313 1698/1964/2311
f  1699/1967/2314 1698/1964/2311 1705/1966/2313
f  1705/1966/2313 1700/1968/2315 1699/1967/2314
f  1705/1966/2313 1707/1969/2316 1700/1968/2315
f  1707/1969/2316 2070/1970/2317 1700/1968/2315
f  1707/1969/2316 1708/1971/2318 2070/1970/2317
f  1708/1971/2318 2052/1972/2319 2070/1970/2317
f  1708/1971/2318 1709/1973/2320 2052/1972/2319
f  1709/1973/2320 2033/1974/2321 2052/1972/2319
f  1709/1973/2320 2031/1975/2322 2033/1974/2321
f  1709/1973/2320 1702/1976/2323 2031/1975/2322
f  1702/1976/2323 1718/1977/2324 2031/1975/2322
f  1702/1976/2323 1703/1978/2325 1718/1977/2324
f  1703/1978/2325 1720/1979/2326 1718/1977/2324
f  1703/1978/2325 1704/1980/2327 1720/1979/2326
f  1704/1980/2327 1701/1965/2312 1720/1979/2326
f  1704/1980/2327 1706/1963/2310 1701/1965/2312
f  1704/1980/2327 1710/1981/2328 1706/1963/2310
f  1703/1978/2325 1702/1976/2323 1709/1973/2320
f  1703/1978/2325 1709/1973/2320 1710/1981/2328
f  1704/1980/2327 1703/1978/2325 1710/1981/2328
f  1706/1963/2310 1707/1969/2316 1705/1966/2313
f  1706/1963/2310 1710/1981/2328 1707/1969/2316
f  1710/1981/2328 1708/1971/2318 1707/1969/2316
f  1710/1981/2328 1709/1973/2320 1708/1971/2318
f  1809/1982/2329 1805/1983/2330 1808/1984/2329
f  1809/1982/2329 1808/1984/2329 1811/1985/2331
f  2047/1986/2332 2064/1987/2333 1926/1988/2334
f  2047/1986/2332 1926/1988/2334 1924/1989/2335
f  2048/1990/2336 2047/1986/2332 1924/1989/2335
f  2048/1990/2336 1924/1989/2335 1923/1991/2337
f  2071/1992/2338 2048/1990/2336 1923/1991/2337
f  2071/1992/2338 1923/1991/2337 2072/1993/2339
f  2090/1994/2340 2072/1993/2339 1923/1991/2337
f  2090/1994/2340 2073/1995/2341 2072/1993/2339
f  2090/1994/2340 2074/1996/2342 2073/1995/2341
f  2090/1994/2340 2089/1997/2343 2074/1996/2342
f  2074/1996/2342 2089/1997/2343 2088/1998/2344
f  2074/1996/2342 2088/1998/2344 2075/1999/2345
f  2033/2000/2346 2058/2001/2347 2052/2002/2348
f  2033/2000/2346 2035/2003/2349 2058/2001/2347
f  2035/2003/2349 2060/2004/2350 2058/2001/2347
f  2035/2003/2349 2041/2005/2351 2060/2004/2350
f  2041/2005/2351 2066/2006/2352 2060/2004/2350
f  2041/2005/2351 2044/2007/2353 2066/2006/2352
f  2044/2007/2353 2065/2008/2354 2066/2006/2352
f  2044/2007/2353 2045/2009/2355 2065/2008/2354
f  1741/2010/2356 2065/2008/2354 2045/2009/2355
f  1741/2010/2356 2062/2011/2357 2065/2008/2354
f  1741/2010/2356 1737/2012/2358 2062/2011/2357
f  1737/2012/2358 2064/1987/2333 2062/2011/2357
f  1737/2012/2358 1735/2013/2359 2064/1987/2333
f  1735/2013/2359 1926/1988/2334 2064/1987/2333
f  1735/2013/2359 1733/2014/2360 1926/1988/2334
f  1733/2014/2360 1925/2015/2361 1926/1988/2334
f  1733/2014/2360 1732/2016/2362 1925/2015/2361
f  1732/2016/2362 2092/2017/2363 1925/2015/2361
f  1732/2016/2362 1730/2018/2364 2092/2017/2363
f  1730/2018/2364 2085/2019/2365 2092/2017/2363
f  1730/2018/2364 1728/2020/2366 2085/2019/2365
f  1728/2020/2366 2086/2021/2367 2085/2019/2365
f  1728/2020/2366 1748/2022/2368 2086/2021/2367
f  1740/2023/2369 1741/2010/2356 2045/2009/2355
f  1740/2023/2369 2045/2009/2355 2039/2024/2370
f  1711/2025/2371 1740/2023/2369 2039/2024/2370
f  1711/2025/2371 2039/2024/2370 2037/2026/2372
f  1740/2023/2369 1723/2027/2373 1739/2028/2374
f  1740/2023/2369 1711/2025/2371 1723/2027/2373
f  1711/2025/2371 1722/2029/2302 1723/2027/2373
f  1711/2025/2371 1712/2030/2300 1722/2029/2302
f  1712/2030/2300 1711/2025/2371 2037/2026/2372
f  1712/2030/2300 2037/2026/2372 1713/2031/2298
f  1713/2031/2298 2037/2026/2372 2024/2032/2375
f  1713/2031/2298 2024/2032/2375 1714/2033/2296
f  1714/2033/2296 2024/2032/2375 2023/2034/2376
f  1714/2033/2296 2023/2034/2376 1715/2035/2294
f  1715/2035/2294 2023/2034/2376 2022/2036/2377
f  1715/2035/2294 2022/2036/2377 1716/2037/2292
f  1716/2037/2292 2022/2036/2377 2031/2038/2378
f  1716/2037/2292 2031/2038/2378 1717/2039/2290
f  1717/2039/2290 2031/2038/2378 1718/2040/2379
f  1717/2039/2290 1718/2040/2379 1721/2041/2288
f  1721/2041/2288 1718/2040/2379 1720/2042/2269
f  1721/2041/2288 1720/2042/2269 1719/2043/2074
f  1722/2029/2302 1914/2044/2303 1915/2045/1132
f  1722/2029/2302 1915/2045/1132 1723/2027/2373
f  1723/2027/2373 1915/2045/1132 1739/2028/2374
f  1739/2028/2374 1915/2045/1132 1724/2046/2380
f  1739/2028/2374 1724/2046/2380 1738/2047/2381
f  1738/2047/2381 1724/2046/2380 1725/2048/2382
f  1738/2047/2381 1725/2048/2382 1736/2049/2383
f  1736/2049/2383 1725/2048/2382 1726/2050/2384
f  1736/2049/2383 1726/2050/2384 1734/2051/2385
f  1734/2051/2385 1726/2050/2384 1731/2052/2386
f  1731/2052/2386 1726/2050/2384 1727/2053/2387
f  1731/2052/2386 1727/2053/2387 1729/2054/2388
f  1729/2054/2388 1727/2053/2387 2010/2055/2389
f  1750/2056/2390 1742/2057/2391 1747/2058/2392
f  1750/2056/2390 1749/2059/2393 1742/2057/2391
f  1742/2057/2391 1749/2059/2393 1748/2022/2368
f  1748/2022/2368 2010/2055/2389 1742/2057/2391
f  1748/2022/2368 1728/2020/2366 2010/2055/2389
f  1728/2020/2366 1729/2054/2388 2010/2055/2389
f  1728/2020/2366 1730/2018/2364 1729/2054/2388
f  1730/2018/2364 1731/2052/2386 1729/2054/2388
f  1730/2018/2364 1732/2016/2362 1731/2052/2386
f  1732/2016/2362 1734/2051/2385 1731/2052/2386
f  1732/2016/2362 1733/2014/2360 1734/2051/2385
f  1734/2051/2385 1733/2014/2360 1735/2013/2359
f  1735/2013/2359 1736/2049/2383 1734/2051/2385
f  1735/2013/2359 1737/2012/2358 1736/2049/2383
f  1737/2012/2358 1738/2047/2381 1736/2049/2383
f  1737/2012/2358 1741/2010/2356 1738/2047/2381
f  1741/2010/2356 1739/2028/2374 1738/2047/2381
f  1741/2010/2356 1740/2023/2369 1739/2028/2374
f  2010/2055/2389 2011/2060/2394 1742/2057/2391
f  1742/2057/2391 2011/2060/2394 2013/2061/2395
f  1742/2057/2391 2013/2061/2395 1747/2058/2392
f  1747/2058/2392 2013/2061/2395 2015/2062/2396
f  1747/2058/2392 2015/2062/2396 1746/2063/2397
f  1746/2063/2397 2015/2062/2396 2017/2064/2398
f  1746/2063/2397 2017/2064/2398 1745/2065/2399
f  1745/2065/2399 2017/2064/2398 2021/2066/2400
f  1745/2065/2399 2021/2066/2400 1744/2067/2401
f  1744/2067/2401 2021/2066/2400 2019/2068/2402
f  1760/2069/2403 1743/2070/2404 1762/2071/2405
f  2019/2068/2402 1743/2070/2404 1760/2069/2403
f  2019/2068/2402 1760/2069/2403 1758/2072/2406
f  2019/2068/2402 1758/2072/2406 1755/2073/2407
f  1744/2067/2401 2019/2068/2402 1755/2073/2407
f  1744/2067/2401 1755/2073/2407 1754/2074/2408
f  1754/2074/2408 1753/2075/2409 1744/2067/2401
f  1745/2065/2399 1744/2067/2401 1753/2075/2409
f  1745/2065/2399 1753/2075/2409 1752/2076/2410
f  1746/2063/2397 1745/2065/2399 1752/2076/2410
f  1746/2063/2397 1752/2076/2410 1751/2077/2411
f  1751/2077/2411 1747/2058/2392 1746/2063/2397
f  1751/2077/2411 1750/2056/2390 1747/2058/2392
f  1748/2022/2368 2009/2078/2412 2086/2021/2367
f  1748/2022/2368 1749/2059/2393 2009/2078/2412
f  1749/2059/2393 2000/2079/2413 2009/2078/2412
f  1749/2059/2393 1750/2056/2390 2000/2079/2413
f  1750/2056/2390 2001/2080/2414 2000/2079/2413
f  1750/2056/2390 1751/2077/2411 2001/2080/2414
f  1989/2081/2415 2001/2080/2414 1751/2077/2411
f  1989/2081/2415 1751/2077/2411 1752/2076/2410
f  1988/2082/2416 1989/2081/2415 1752/2076/2410
f  1988/2082/2416 1752/2076/2410 1753/2075/2409
f  1987/2083/2417 1988/2082/2416 1753/2075/2409
f  1987/2083/2417 1753/2075/2409 1754/2074/2408
f  1795/2084/2418 1987/2083/2417 1754/2074/2408
f  1795/2084/2418 1754/2074/2408 1755/2073/2407
f  1895/2085/2419 1795/2084/2418 1755/2073/2407
f  1895/2085/2419 1755/2073/2407 1758/2072/2406
f  1896/2086/2420 1895/2085/2419 1758/2072/2406
f  1896/2086/2420 1758/2072/2406 1759/2087/2421
f  1856/2088/2422 1855/2089/2423 1756/2090/2424
f  1855/2089/2423 1757/2091/2425 1756/2090/2424
f  1858/2092/2426 1856/2088/2422 1764/2093/2427
f  1856/2088/2422 1756/2090/2424 1764/2093/2427
f  1763/2094/2428 1764/2093/2427 1756/2090/2424
f  1756/2090/2424 1757/2091/2425 1763/2094/2428
f  1761/2095/2429 1763/2094/2428 1757/2091/2425
f  1761/2095/2429 1757/2091/2425 1759/2087/2421
f  1898/2096/2430 1759/2087/2421 1757/2091/2425
f  1855/2089/2423 1898/2096/2430 1757/2091/2425
f  1894/2097/2431 1898/2096/2430 1855/2089/2423
f  1894/2097/2431 1855/2089/2423 1841/2098/2432
f  1893/865/1208 1894/2097/2431 1841/2098/2432
f  1893/865/1208 1841/2098/2432 1839/2099/2433
f  1902/866/1209 1893/865/1208 1839/2099/2433
f  1902/866/1209 1839/2099/2433 1901/2100/2434
f  1898/2096/2430 1896/2086/2420 1759/2087/2421
f  1760/2069/2403 1759/2087/2421 1758/2072/2406
f  1760/2069/2403 1761/2095/2429 1759/2087/2421
f  1760/2069/2403 1762/2071/2405 1761/2095/2429
f  1761/2095/2429 1762/2071/2405 1763/2094/2428
f  1763/2094/2428 1762/2071/2405 1765/2101/2435
f  1763/2094/2428 1765/2101/2435 1767/2102/2436
f  1763/2094/2428 1767/2102/2436 1764/2093/2427
f  1767/2102/2436 1766/1960/2307 1764/2093/2427
f  1858/2092/2426 1764/2093/2427 1766/1960/2307
f  1771/1962/2309 1858/2092/2426 1766/1960/2307
f  1845/2103/2437 1858/2092/2426 1771/1962/2309
f  1845/2103/2437 1771/1962/2309 1772/2104/2438
f  1847/2105/2439 1845/2103/2437 1772/2104/2438
f  1847/2105/2439 1772/2104/2438 1773/2106/2440
f  1848/2107/2441 1847/2105/2439 1773/2106/2440
f  1848/2107/2441 1773/2106/2440 1774/2108/2442
f  1852/2109/2443 1848/2107/2441 1774/2108/2442
f  1852/2109/2443 1774/2108/2442 1779/2110/2444
f  1767/2102/2436 1765/2101/2435 1768/2111/2445
f  1767/2102/2436 1768/2111/2445 1769/1958/2305
f  1767/2102/2436 1769/1958/2305 1766/1960/2307
f  1769/1958/2305 1768/2111/2445 1913/1956/1129
f  1775/2112/2446 1776/2113/2447 1777/2114/2448
f  1775/2112/2446 1777/2114/2448 1778/2115/2449
f  1778/2115/2449 1779/2116/2450 1775/2112/2446
f  1788/2117/2451 1780/2118/2452 1793/2119/2453
f  1793/2119/2453 1780/2118/2452 1770/2120/2454
f  1770/2120/2454 1780/2118/2452 1771/2121/2455
f  1781/2122/2456 1771/2121/2455 1780/2118/2452
f  1781/2122/2456 1772/2123/2457 1771/2121/2455
f  1781/2122/2456 1787/2124/2458 1772/2123/2457
f  1787/2124/2458 1773/2125/2459 1772/2123/2457
f  1787/2124/2458 1786/2126/2460 1773/2125/2459
f  1786/2126/2460 1774/2127/2461 1773/2125/2459
f  1786/2126/2460 1785/2128/2462 1774/2127/2461
f  1785/2128/2462 1779/2116/2450 1774/2127/2461
f  1785/2128/2462 1775/2112/2446 1779/2116/2450
f  1784/2129/2463 1775/2112/2446 1785/2128/2462
f  1784/2129/2463 1776/2113/2447 1775/2112/2446
f  1782/2130/2464 1776/2113/2447 1784/2129/2463
f  1777/2114/2448 1776/2113/2447 1782/2130/2464
f  1779/2116/2450 1777/2114/2448 1782/2130/2464
f  1779/2116/2450 1778/2115/2449 1777/2114/2448
f  1788/2117/2451 1787/2124/2458 1781/2122/2456
f  1788/2117/2451 1781/2122/2456 1780/2118/2452
f  1782/2130/2464 1784/2129/2463 1783/2131/2465
f  1789/2132/2466 1783/2131/2465 1784/2129/2463
f  1789/2132/2466 1784/2129/2463 1790/2133/2467
f  1790/2133/2467 1784/2129/2463 1785/2128/2462
f  1790/2133/2467 1785/2128/2462 1786/2126/2460
f  1791/2134/2468 1790/2133/2467 1786/2126/2460
f  1791/2134/2468 1786/2126/2460 1787/2124/2458
f  1788/2117/2451 1791/2134/2468 1787/2124/2458
f  1793/2119/2453 1791/2134/2468 1788/2117/2451
f  1792/2135/2469 1789/2132/2466 1790/2133/2467
f  1792/2135/2469 1790/2133/2467 1791/2134/2468
f  1793/2119/2453 1792/2135/2469 1791/2134/2468
f  1795/2136/2470 1895/2137/2471 1796/2138/2472
f  1895/2137/2471 1798/2139/2473 1796/2138/2472
f  1895/2137/2471 1884/2140/2474 1798/2139/2473
f  1884/2140/2474 1797/2141/2475 1798/2139/2473
f  1884/2140/2474 1890/2142/2476 1797/2141/2475
f  1890/2142/2476 1799/2143/2477 1797/2141/2475
f  1890/2142/2476 1794/2144/2478 1799/2143/2477
f  1794/2144/2478 1800/2145/2479 1799/2143/2477
f  1794/2144/2478 1985/2146/2480 1800/2145/2479
f  1985/2146/2480 1803/2147/2481 1800/2145/2479
f  1985/2146/2480 1986/2148/2482 1803/2147/2481
f  1986/2148/2482 1802/2149/2483 1803/2147/2481
f  1986/2148/2482 1987/2150/2484 1802/2149/2483
f  1987/2150/2484 1804/2151/2485 1802/2149/2483
f  1987/2150/2484 1795/2136/2470 1804/2151/2485
f  1795/2136/2470 1796/2138/2472 1804/2151/2485
f  1796/2138/2472 1801/2152/2486 1804/2151/2485
f  1796/2138/2472 1798/2139/2473 1801/2152/2486
f  1798/2139/2473 1799/2143/2477 1801/2152/2486
f  1798/2139/2473 1797/2141/2475 1799/2143/2477
f  1801/2152/2486 1799/2143/2477 1800/2145/2479
f  1801/2152/2486 1800/2145/2479 1803/2147/2481
f  1804/2151/2485 1801/2152/2486 1803/2147/2481
f  1804/2151/2485 1803/2147/2481 1802/2149/2483
f  1806/2153/2487 1805/2154/2488 1809/2155/2487
f  1806/2153/2487 1809/2155/2487 1812/2156/2489
f  1808/2157/2490 1807/2158/2491 1810/2159/2490
f  1808/2157/2490 1810/2159/2490 1811/2160/2492
f  1812/2156/2493 1809/2155/2494 1811/2160/2493
f  1812/2156/2493 1811/2160/2493 1810/2159/2495
f  1819/2153/2496 1813/2154/2497 1815/2155/2496
f  1819/2153/2496 1815/2155/2496 1818/2156/2498
f  1814/2157/2499 1817/2158/2500 1820/2159/2499
f  1814/2157/2499 1820/2159/2499 1816/2161/2501
f  1815/1982/2502 1813/1983/2503 1814/1984/2502
f  1815/1982/2502 1814/1984/2502 1816/1985/2504
f  1818/2156/2505 1815/2155/2506 1816/2160/2505
f  1818/2156/2505 1816/2160/2505 1820/2159/2507
f  1820/836/2508 1817/835/2509 1819/834/2508
f  1820/836/2508 1819/834/2508 1818/833/2510
f  1825/1985/2511 1823/1984/2512 1822/1983/2511
f  1825/1985/2511 1822/1983/2511 1827/1982/2513
f  1826/833/2514 1827/1982/2515 1822/2162/2514
f  1826/833/2514 1822/2162/2514 1821/2163/2516
f  1825/1985/2517 1828/836/2518 1824/2164/2517
f  1825/1985/2517 1824/2164/2517 1823/2165/2519
f  1828/836/2520 1825/1985/2521 1827/1982/2520
f  1828/836/2520 1827/1982/2520 1826/833/2522
f  1836/833/2523 1832/1982/2524 1830/2162/2523
f  1836/833/2523 1830/2162/2523 1833/2163/2525
f  1831/1985/2526 1834/836/2527 1835/2164/2526
f  1831/1985/2526 1835/2164/2526 1829/2165/2528
f  1831/1985/2529 1829/1984/2530 1830/1983/2529
f  1831/1985/2529 1830/1983/2529 1832/1982/2531
f  1834/836/2532 1831/1985/2533 1832/1982/2532
f  1834/836/2532 1832/1982/2532 1836/833/2534
f  1836/833/2535 1833/834/2536 1835/835/2535
f  1836/833/2535 1835/835/2535 1834/836/2537
f  1843/2166/2538 1840/2167/2539 1842/2168/2540
f  1843/2166/2538 1844/2169/2541 1840/2167/2539
f  1844/2169/2541 1838/2170/2542 1840/2167/2539
f  1844/2169/2541 1846/2171/2543 1838/2170/2542
f  1846/2171/2543 1837/2172/2544 1838/2170/2542
f  1846/2171/2543 1849/2173/2545 1837/2172/2544
f  1849/2173/2545 1850/2174/2546 1837/2172/2544
f  1837/2172/2544 1850/2174/2546 1900/2175/2547
f  1837/2172/2544 1900/2175/2547 1901/2176/2548
f  1838/2170/2542 1837/2172/2544 1901/2176/2548
f  1838/2170/2542 1901/2176/2548 1839/2177/2549
f  1840/2167/2539 1838/2170/2542 1839/2177/2549
f  1840/2167/2539 1839/2177/2549 1841/2178/2550
f  1842/2168/2540 1840/2167/2539 1841/2178/2550
f  1842/2168/2540 1841/2178/2550 1855/2179/2551
f  1842/2168/2540 1855/2179/2551 1857/2180/2552
f  1843/2166/2538 1842/2168/2540 1857/2180/2552
f  1843/2166/2538 1857/2180/2552 1858/2181/2553
f  1858/2181/2553 1844/2169/2541 1843/2166/2538
f  1858/2181/2553 1845/2182/2554 1844/2169/2541
f  1845/2182/2554 1846/2171/2543 1844/2169/2541
f  1845/2182/2554 1847/2183/2555 1846/2171/2543
f  1847/2183/2555 1849/2173/2545 1846/2171/2543
f  1847/2183/2555 1848/2184/2556 1849/2173/2545
f  1852/2185/2557 1849/2173/2545 1848/2184/2556
f  1852/2185/2557 1853/2186/2558 1849/2173/2545
f  1849/2173/2545 1853/2186/2558 1850/2174/2546
f  1850/2174/2546 1853/2186/2558 1854/2187/2559
f  1850/2174/2546 1854/2187/2559 1851/2188/2560
f  1851/2188/2560 1900/2175/2547 1850/2174/2546
f  1900/2175/2547 1851/2188/2560 1854/2187/2559
f  1900/2175/2547 1854/2187/2559 1852/2185/2557
f  1854/2187/2559 1853/2186/2558 1852/2185/2557
f  1856/2189/2561 1857/2180/2552 1855/2179/2551
f  1858/2181/2553 1857/2180/2552 1856/2189/2561
f  1870/2190/2562 1859/2191/2562 1861/2192/2562
f  1870/2190/2562 1861/2192/2562 1867/2193/2562
f  1866/2194/2562 1867/2193/2562 1861/2192/2562
f  1866/2194/2562 1861/2192/2562 1860/2195/2562
f  1865/2196/2563 1862/2197/2563 1864/2198/2563
f  1865/2196/2563 1864/2198/2563 1869/2199/2563
f  1868/2200/2563 1869/2199/2563 1864/2198/2563
f  1868/2200/2563 1864/2198/2563 1863/2201/2563
f  1866/2194/2564 1865/2202/2565 1869/2203/2566
f  1866/2194/2564 1869/2203/2566 1867/2193/2566
f  1870/2190/2567 1867/2193/2566 1869/2203/2566
f  1870/2190/2567 1869/2203/2566 1868/2204/2568
f  1874/2196/2569 1871/2197/2563 1873/2198/2570
f  1874/2196/2569 1873/2198/2570 1876/2199/2571
f  1875/2200/2572 1876/2199/2571 1873/2198/2570
f  1875/2200/2572 1873/2198/2570 1872/2201/2563
f  1882/2194/2573 1874/2202/2574 1876/2203/2566
f  1882/2194/2573 1876/2203/2566 1879/2193/2566
f  1878/2190/2575 1879/2193/2566 1876/2203/2566
f  1878/2190/2575 1876/2203/2566 1875/2204/2576
f  1878/2190/2562 1877/2191/2562 1881/2192/2562
f  1878/2190/2562 1881/2192/2562 1879/2193/2562
f  1882/2194/2562 1879/2193/2562 1881/2192/2562
f  1882/2194/2562 1881/2192/2562 1880/2195/2562
f  1886/2205/2577 1883/2206/2578 1885/2207/2579
f  1886/2205/2577 1887/2208/2580 1883/2206/2578
f  1887/2208/2580 1888/2209/2581 1883/2206/2578
f  1883/2206/2578 1888/2209/2581 1890/2210/2582
f  1883/2206/2578 1890/2210/2582 1884/2211/2583
f  1885/2207/2579 1883/2206/2578 1884/2211/2583
f  1885/2207/2579 1884/2211/2583 1895/2212/2584
f  1885/2207/2579 1895/2212/2584 1897/2213/2585
f  1886/2205/2577 1885/2207/2579 1897/2213/2585
f  1886/2205/2577 1897/2213/2585 1898/2214/2586
f  1898/2214/2586 1887/2208/2580 1886/2205/2577
f  1898/2214/2586 1894/2215/2587 1887/2208/2580
f  1894/2215/2587 1892/2216/2588 1887/2208/2580
f  1887/2208/2580 1892/2216/2588 1888/2209/2581
f  1888/2209/2581 1892/2216/2588 1891/2217/2589
f  1888/2209/2581 1891/2217/2589 1889/2218/2590
f  1889/2218/2590 1890/2210/2582 1888/2209/2581
f  1890/2210/2582 1889/2218/2590 1891/2217/2589
f  1890/2210/2582 1891/2217/2589 1893/2219/2591
f  1891/2217/2589 1892/2216/2588 1893/2219/2591
f  1894/2215/2587 1893/2219/2591 1892/2216/2588
f  1896/2220/2592 1897/2213/2585 1895/2212/2584
f  1898/2214/2586 1897/2213/2585 1896/2220/2592
f  1906/2221/2593 1905/2222/2594 1910/2223/2595
f  1906/2221/2593 1910/2223/2595 1911/2224/2596
f  1908/2225/2597 1906/2221/2593 1911/2224/2596
f  1899/2226/2598 1908/2225/2597 1911/2224/2596
f  1899/2226/2598 1911/2224/2596 1909/2227/2599
f  1899/2226/2598 1909/2227/2599 1900/2228/2600
f  1909/2227/2599 1901/2229/2601 1900/2228/2600
f  1909/2227/2599 1912/2230/2602 1901/2229/2601
f  1912/2230/2602 1902/2231/2603 1901/2229/2601
f  1903/2232/2604 1902/2231/2603 1912/2230/2602
f  1903/2232/2604 1912/2230/2602 1910/2223/2595
f  1904/2233/2605 1903/2232/2604 1910/2223/2595
f  1904/2233/2605 1910/2223/2595 1905/2222/2594
f  1984/2234/2606 1904/2233/2605 1905/2222/2594
f  1983/2235/2607 1984/2234/2606 1905/2222/2594
f  1983/2235/2607 1905/2222/2594 1906/2221/2593
f  1983/2235/2607 1906/2221/2593 1907/2236/2608
f  1908/2225/2597 1907/2236/2608 1906/2221/2593
f  1912/2230/2602 1909/2227/2599 1911/2224/2596
f  1912/2230/2602 1911/2224/2596 1910/2223/2595
f  1914/2237/2609 1913/795/2610 1916/794/2609
f  1916/794/2609 1915/798/2611 1914/2237/2609
f  1920/2238/2612 1922/2239/2613 1919/2240/2614
f  1918/2241/2615 1919/2240/2614 1922/2239/2613
f  1918/2241/2615 1922/2239/2613 1928/2242/2616
f  1929/2213/2617 1918/2241/2615 1928/2242/2616
f  1929/2213/2617 1917/2207/2618 1918/2241/2615
f  1929/2213/2617 2092/2243/2619 1917/2207/2618
f  2092/2243/2619 1918/2241/2615 1917/2207/2618
f  2092/2243/2619 2091/2211/2620 1918/2241/2615
f  2091/2211/2620 1919/2240/2614 1918/2241/2615
f  2091/2211/2620 2090/2244/2621 1919/2240/2614
f  1919/2240/2614 2090/2244/2621 1920/2238/2612
f  1923/2245/2622 1920/2238/2612 2090/2244/2621
f  1923/2245/2622 1921/2246/2623 1920/2238/2612
f  1920/2238/2612 1921/2246/2623 1922/2239/2613
f  1923/2245/2622 1922/2239/2613 1921/2246/2623
f  1928/2242/2616 1922/2239/2613 1923/2245/2622
f  1928/2242/2616 1923/2245/2622 1924/2247/2624
f  1927/2205/2625 1928/2242/2616 1924/2247/2624
f  1927/2205/2625 1924/2247/2624 1926/2214/2626
f  2092/2243/2619 1929/2213/2617 1925/2220/2627
f  1925/2220/2627 1929/2213/2617 1926/2214/2626
f  1926/2214/2626 1929/2213/2617 1927/2205/2625
f  1929/2213/2617 1928/2242/2616 1927/2205/2625
f  1961/2248/2628 1941/2249/2629 1936/2250/2630
f  1963/2251/2631 1961/2248/2628 1936/2250/2630
f  1963/2251/2631 1936/2250/2630 1934/2252/2632
f  1934/2252/2632 1965/2253/2633 1963/2251/2631
f  1934/2252/2632 1932/2254/2634 1965/2253/2633
f  1932/2254/2634 1969/2255/2635 1965/2253/2633
f  1932/2254/2634 1930/2256/2636 1969/2255/2635
f  1969/2255/2635 1930/2256/2636 1968/2257/2637
f  1967/2258/2638 1968/2257/2637 1949/1835/2639
f  1949/1835/2639 1968/2257/2637 1930/2256/2636
f  1949/1835/2639 1930/2256/2636 1931/1840/2640
f  1931/1840/2640 1930/2256/2636 1932/2254/2634
f  1931/1840/2640 1932/2254/2634 1933/2259/2641
f  1933/2259/2641 1932/2254/2634 1934/2252/2632
f  1933/2259/2641 1934/2252/2632 1935/2260/2642
f  1935/2260/2642 1934/2252/2632 1936/2250/2630
f  1935/2260/2642 1936/2250/2630 1937/2261/2643
f  1937/2261/2643 1936/2250/2630 1941/2249/2629
f  1937/2261/2643 1941/2249/2629 1938/1707/2644
f  1938/1707/2644 1941/2249/2629 1940/2262/2645
f  1938/1707/2644 1940/2262/2645 1939/1787/2646
f  1954/1788/2647 1939/1787/2646 1940/2262/2645
f  1954/1788/2647 1940/2262/2645 1956/2263/2648
f  1956/2263/2648 1940/2262/2645 1941/2249/2629
f  1956/2263/2648 1941/2249/2629 1960/2264/2649
f  1961/2248/2628 1960/2264/2649 1941/2249/2629
f  1943/2265/2650 2076/1825/2651 2075/1999/2652
f  1943/2265/2650 1942/1827/2653 2076/1825/2651
f  1945/2266/2654 1944/1829/2655 1942/1827/2653
f  1943/2265/2650 1945/2266/2654 1942/1827/2653
f  1994/2267/2656 1945/2266/2654 1943/2265/2650
f  1994/2267/2656 1943/2265/2650 1996/2268/2657
f  1943/2265/2650 2075/1999/2652 1996/2268/2657
f  1996/2268/2657 2075/1999/2652 2088/1998/2658
f  1947/2269/2659 1946/1831/2660 1944/1829/2655
f  1945/2266/2654 1947/2269/2659 1944/1829/2655
f  1948/2270/2661 1947/2269/2659 1945/2266/2654
f  1994/2267/2656 1948/2270/2661 1945/2266/2654
f  1994/2267/2656 1992/2271/2662 1948/2270/2661
f  1951/2272/2663 1950/1833/2664 1946/1831/2660
f  1947/2269/2659 1951/2272/2663 1946/1831/2660
f  1952/2273/2665 1951/2272/2663 1947/2269/2659
f  1948/2270/2661 1952/2273/2665 1947/2269/2659
f  1953/2274/2666 1952/2273/2665 1948/2270/2661
f  1953/2274/2666 1948/2270/2661 1992/2271/2662
f  1974/2275/2667 1953/2274/2666 1992/2271/2662
f  1967/2258/2638 1949/1835/2639 1950/1833/2664
f  1951/2272/2663 1967/2258/2638 1950/1833/2664
f  1966/2276/2668 1967/2258/2638 1951/2272/2663
f  1952/2273/2665 1966/2276/2668 1951/2272/2663
f  1964/2277/2669 1966/2276/2668 1952/2273/2665
f  1964/2277/2669 1952/2273/2665 1953/2274/2666
f  1962/2278/2670 1964/2277/2669 1953/2274/2666
f  1962/2278/2670 1953/2274/2666 1974/2275/2667
f  1974/2275/2667 1973/2279/2671 1962/2278/2670
f  1955/1790/2672 1954/1788/2647 1956/2263/2648
f  1958/1792/2673 1955/1790/2672 1959/2280/2674
f  1955/1790/2672 1956/2263/2648 1959/2280/2674
f  1959/2280/2674 1956/2263/2648 1960/2264/2649
f  2007/2281/2675 1983/1795/2676 2006/2282/2677
f  1983/1795/2676 1970/2283/2678 2006/2282/2677
f  1983/1795/2676 1957/1793/2679 1970/2283/2678
f  1957/1793/2679 1971/2284/2680 1970/2283/2678
f  1957/1793/2679 1958/1792/2673 1971/2284/2680
f  1958/1792/2673 1959/2280/2674 1971/2284/2680
f  1971/2284/2680 1959/2280/2674 1972/2285/2681
f  1959/2280/2674 1960/2264/2649 1972/2285/2681
f  1973/2279/2671 1972/2285/2681 1960/2264/2649
f  1973/2279/2671 1960/2264/2649 1961/2248/2628
f  1962/2278/2670 1973/2279/2671 1961/2248/2628
f  1962/2278/2670 1961/2248/2628 1963/2251/2631
f  1963/2251/2631 1964/2277/2669 1962/2278/2670
f  1963/2251/2631 1965/2253/2633 1964/2277/2669
f  1965/2253/2633 1966/2276/2668 1964/2277/2669
f  1965/2253/2633 1969/2255/2635 1966/2276/2668
f  1966/2276/2668 1969/2255/2635 1967/2258/2638
f  1969/2255/2635 1968/2257/2637 1967/2258/2638
f  1999/2286/2682 1997/2287/2683 1998/2288/2684
f  1999/2286/2682 1975/2289/2685 1997/2287/2683
f  2002/2290/2686 1975/2289/2685 1999/2286/2682
f  2002/2290/2686 2004/2291/2687 1975/2289/2685
f  1976/2292/2688 1975/2289/2685 2004/2291/2687
f  2004/2291/2687 2008/2293/2689 1976/2292/2688
f  1976/2292/2688 2008/2293/2689 1977/2294/2690
f  2008/2293/2689 2006/2282/2677 1977/2294/2690
f  2006/2282/2677 1978/2295/2691 1977/2294/2690
f  2006/2282/2677 1970/2283/2678 1978/2295/2691
f  1970/2283/2678 1979/2296/2692 1978/2295/2691
f  1970/2283/2678 1971/2284/2680 1979/2296/2692
f  1971/2284/2680 1972/2285/2681 1979/2296/2692
f  1980/2297/2693 1979/2296/2692 1972/2285/2681
f  1980/2297/2693 1972/2285/2681 1973/2279/2671
f  1974/2275/2667 1980/2297/2693 1973/2279/2671
f  1981/2298/2694 1980/2297/2693 1974/2275/2667
f  1974/2275/2667 1992/2271/2662 1981/2298/2694
f  1993/2299/2695 1981/2298/2694 1992/2271/2662
f  1995/2300/2696 1997/2287/2683 1975/2289/2685
f  1976/2292/2688 1995/2300/2696 1975/2289/2685
f  1993/2299/2695 1995/2300/2696 1976/2292/2688
f  1976/2292/2688 1977/2294/2690 1993/2299/2695
f  1978/2295/2691 1993/2299/2695 1977/2294/2690
f  1978/2295/2691 1982/2301/2697 1993/2299/2695
f  1982/2301/2697 1978/2295/2691 1979/2296/2692
f  1982/2301/2697 1979/2296/2692 1980/2297/2693
f  1981/2298/2694 1982/2301/2697 1980/2297/2693
f  1982/2301/2697 1981/2298/2694 1993/2299/2695
f  2007/2281/2675 1984/871/2698 1983/1795/2676
f  1991/2302/2699 1984/871/2698 2007/2281/2675
f  1991/2302/2699 1985/872/2700 1984/871/2698
f  1986/2303/2701 1985/872/2700 1991/2302/2699
f  1986/2303/2701 1991/2302/2699 1990/2304/2702
f  1987/2083/2703 1986/2303/2701 1990/2304/2702
f  1987/2083/2703 1990/2304/2702 1988/2082/2704
f  1990/2304/2702 1989/2081/2705 1988/2082/2704
f  1990/2304/2702 2003/2305/2706 1989/2081/2705
f  2003/2305/2706 2001/2080/2707 1989/2081/2705
f  1990/2304/2702 2005/2306/2708 2003/2305/2706
f  1990/2304/2702 1991/2302/2699 2005/2306/2708
f  2005/2306/2708 1991/2302/2699 2007/2281/2675
f  1994/2267/2656 1993/2299/2695 1992/2271/2662
f  1993/2299/2695 1994/2267/2656 1995/2300/2696
f  1994/2267/2656 1996/2268/2657 1995/2300/2696
f  1995/2300/2696 1996/2268/2657 1997/2287/2683
f  1996/2268/2657 2088/1998/2658 1997/2287/2683
f  1998/2288/2684 1997/2287/2683 2088/1998/2658
f  1998/2288/2684 2088/1998/2658 2087/2307/2709
f  2009/2078/2710 1998/2288/2684 2087/2307/2709
f  2009/2078/2710 1999/2286/2682 1998/2288/2684
f  2009/2078/2710 2000/2079/2711 1999/2286/2682
f  2000/2079/2711 2002/2290/2686 1999/2286/2682
f  2000/2079/2711 2001/2080/2707 2002/2290/2686
f  2003/2305/2706 2002/2290/2686 2001/2080/2707
f  2003/2305/2706 2004/2291/2687 2002/2290/2686
f  2003/2305/2706 2005/2306/2708 2004/2291/2687
f  2004/2291/2687 2005/2306/2708 2008/2293/2689
f  2005/2306/2708 2007/2281/2675 2008/2293/2689
f  2008/2293/2689 2007/2281/2675 2006/2282/2677
f  2009/2078/2710 2087/2307/2709 2086/2021/2712
f  2010/1486/2713 2012/1487/2714 2011/2308/2715
f  2012/1487/2714 2013/2309/2716 2011/2308/2715
f  2012/1487/2714 2014/1488/2717 2013/2309/2716
f  2014/1488/2717 2015/2310/2718 2013/2309/2716
f  2014/1488/2717 2016/1489/2719 2015/2310/2718
f  2017/2311/2720 2015/2310/2718 2016/1489/2719
f  2017/2311/2720 2016/1489/2719 2018/1490/2721
f  2021/2312/2722 2017/2311/2720 2018/1490/2721
f  2021/2312/2722 2018/1490/2721 2020/1491/2723
f  2021/2312/2722 2020/1491/2723 2019/1492/2724
f  2022/2184/2725 2029/2186/2726 2031/2185/2727
f  2022/2184/2725 2028/2173/2728 2029/2186/2726
f  2027/2171/2729 2028/2173/2728 2022/2184/2725
f  2027/2171/2729 2022/2184/2725 2023/2183/2730
f  2026/2169/2731 2027/2171/2729 2023/2183/2730
f  2026/2169/2731 2023/2183/2730 2024/2182/2732
f  2025/2166/2733 2026/2169/2731 2024/2182/2732
f  2025/2166/2733 2024/2182/2732 2037/2181/2734
f  2037/2181/2734 2038/2180/2735 2025/2166/2733
f  2038/2180/2735 2026/2169/2731 2025/2166/2733
f  2038/2180/2735 2043/2167/2736 2026/2169/2731
f  2043/2167/2736 2027/2171/2729 2026/2169/2731
f  2043/2167/2736 2042/2170/2737 2027/2171/2729
f  2042/2170/2737 2028/2173/2728 2027/2171/2729
f  2042/2170/2737 2040/2172/2738 2028/2173/2728
f  2040/2172/2738 2029/2186/2726 2028/2173/2728
f  2040/2172/2738 2034/2174/2739 2029/2186/2726
f  2032/2188/2740 2029/2186/2726 2034/2174/2739
f  2032/2188/2740 2030/2187/2741 2029/2186/2726
f  2031/2185/2727 2029/2186/2726 2030/2187/2741
f  2031/2185/2727 2030/2187/2741 2032/2188/2740
f  2031/2185/2727 2032/2188/2740 2033/2175/2742
f  2034/2174/2739 2033/2175/2742 2032/2188/2740
f  2035/2176/2743 2033/2175/2742 2034/2174/2739
f  2035/2176/2743 2034/2174/2739 2040/2172/2738
f  2041/2177/2744 2035/2176/2743 2040/2172/2738
f  2038/2180/2735 2036/2168/2745 2043/2167/2736
f  2045/2179/2746 2043/2167/2736 2036/2168/2745
f  2038/2180/2735 2045/2179/2746 2036/2168/2745
f  2045/2179/2746 2038/2180/2735 2039/2189/2747
f  2039/2189/2747 2038/2180/2735 2037/2181/2734
f  2041/2177/2744 2040/2172/2738 2042/2170/2737
f  2044/2178/2748 2041/2177/2744 2042/2170/2737
f  2044/2178/2748 2042/2170/2737 2043/2167/2736
f  2045/2179/2746 2044/2178/2748 2043/2167/2736
f  2071/2127/2749 2070/2116/2750 2049/2112/2751
f  2049/2112/2751 2070/2116/2750 2050/2115/2752
f  2052/2130/2753 2050/2115/2752 2070/2116/2750
f  2053/2124/2754 2059/2133/2755 2061/2134/2756
f  2063/2118/2757 2053/2124/2754 2061/2134/2756
f  2063/2118/2757 2046/2122/2758 2053/2124/2754
f  2063/2118/2757 2064/2121/2759 2046/2122/2758
f  2064/2121/2759 2053/2124/2754 2046/2122/2758
f  2064/2121/2759 2047/2123/2760 2053/2124/2754
f  2047/2123/2760 2056/2126/2761 2053/2124/2754
f  2047/2123/2760 2048/2125/2762 2056/2126/2761
f  2048/2125/2762 2055/2128/2763 2056/2126/2761
f  2048/2125/2762 2071/2127/2749 2055/2128/2763
f  2071/2127/2749 2049/2112/2751 2055/2128/2763
f  2055/2128/2763 2049/2112/2751 2054/2113/2764
f  2050/2115/2752 2054/2113/2764 2049/2112/2751
f  2050/2115/2752 2051/2114/2765 2054/2113/2764
f  2052/2130/2753 2051/2114/2765 2050/2115/2752
f  2052/2130/2753 2054/2113/2764 2051/2114/2765
f  2058/2131/2766 2054/2113/2764 2052/2130/2753
f  2058/2131/2766 2057/2129/2767 2054/2113/2764
f  2053/2124/2754 2056/2126/2761 2059/2133/2755
f  2055/2128/2763 2054/2113/2764 2057/2129/2767
f  2056/2126/2761 2055/2128/2763 2057/2129/2767
f  2056/2126/2761 2057/2129/2767 2059/2133/2755
f  2059/2133/2755 2057/2129/2767 2058/2131/2766
f  2059/2133/2755 2058/2131/2766 2060/2132/2768
f  2061/2134/2756 2059/2133/2755 2060/2132/2768
f  2061/2134/2756 2060/2132/2768 2066/2135/2769
f  2067/2117/2770 2061/2134/2756 2066/2135/2769
f  2063/2118/2757 2061/2134/2756 2067/2117/2770
f  2065/2119/2771 2063/2118/2757 2067/2117/2770
f  2062/2120/2772 2063/2118/2757 2065/2119/2771
f  2064/2121/2759 2063/2118/2757 2062/2120/2772
f  2067/2117/2770 2066/2135/2769 2065/2119/2771
f  2083/2224/2773 2077/2236/2774 2068/2225/2775
f  2079/2227/2776 2083/2224/2773 2068/2225/2775
f  2079/2227/2776 2068/2225/2775 2069/2226/2777
f  2070/2228/2778 2079/2227/2776 2069/2226/2777
f  2070/2228/2778 2078/2230/2779 2079/2227/2776
f  2070/2228/2778 2071/2229/2780 2078/2230/2779
f  2071/2229/2780 2072/2231/2781 2078/2230/2779
f  2080/2223/2782 2078/2230/2779 2072/2231/2781
f  2080/2223/2782 2072/2231/2781 2073/2232/2783
f  2082/2222/2784 2080/2223/2782 2073/2232/2783
f  2082/2222/2784 2073/2232/2783 2074/2233/2785
f  2082/2222/2784 2074/2233/2785 2075/2234/2786
f  2081/2221/2787 2082/2222/2784 2075/2234/2786
f  2081/2221/2787 2075/2234/2786 2076/2235/2788
f  2077/2236/2774 2081/2221/2787 2076/2235/2788
f  2083/2224/2773 2081/2221/2787 2077/2236/2774
f  2080/2223/2782 2079/2227/2776 2078/2230/2779
f  2080/2223/2782 2083/2224/2773 2079/2227/2776
f  2083/2224/2773 2080/2223/2782 2082/2222/2784
f  2083/2224/2773 2082/2222/2784 2081/2221/2787
f  2261/491/2789 2260/72/729 2084/70/727
f  2261/491/2789 2084/70/727 2255/490/2790
f  2255/490/2790 2084/70/727 2256/74/728
f  2255/490/2790 2256/74/728 2264/489/2791
f  2099/2151/2792 2092/2137/2793 2085/2136/2794
f  2101/2149/2795 2099/2151/2792 2085/2136/2794
f  2101/2149/2795 2085/2136/2794 2086/2150/2796
f  2098/2147/2797 2101/2149/2795 2086/2150/2796
f  2098/2147/2797 2086/2150/2796 2087/2148/2798
f  2096/2145/2799 2098/2147/2797 2087/2148/2798
f  2096/2145/2799 2087/2148/2798 2088/2146/2800
f  2097/2143/2801 2096/2145/2799 2088/2146/2800
f  2097/2143/2801 2088/2146/2800 2089/2144/2802
f  2095/2141/2803 2097/2143/2801 2089/2144/2802
f  2095/2141/2803 2089/2144/2802 2090/2142/2804
f  2094/2139/2805 2095/2141/2803 2090/2142/2804
f  2094/2139/2805 2090/2142/2804 2091/2140/2806
f  2093/2138/2807 2094/2139/2805 2091/2140/2806
f  2093/2138/2807 2091/2140/2806 2092/2137/2793
f  2099/2151/2792 2093/2138/2807 2092/2137/2793
f  2099/2151/2792 2094/2139/2805 2093/2138/2807
f  2099/2151/2792 2100/2152/2808 2094/2139/2805
f  2100/2152/2808 2095/2141/2803 2094/2139/2805
f  2100/2152/2808 2097/2143/2801 2095/2141/2803
f  2098/2147/2797 2096/2145/2799 2097/2143/2801
f  2098/2147/2797 2097/2143/2801 2100/2152/2808
f  2101/2149/2795 2098/2147/2797 2100/2152/2808
f  2101/2149/2795 2100/2152/2808 2099/2151/2792
f  2167/10/2809 2165/9/2810 2102/8/2811
f  2106/12/2812 2167/10/2809 2102/8/2811
f  2106/12/2812 2102/8/2811 2103/11/2813
f  2106/12/2812 2103/11/2813 2107/13/2814
f  2123/456/2815 2151/474/2816 2171/471/2817
f  2123/456/2815 2171/471/2817 2172/466/2818
f  2123/456/2815 2172/466/2818 2104/460/2819
f  2104/460/2819 2172/466/2818 2173/464/2820
f  2104/460/2819 2173/464/2820 2105/465/2821
f  2105/465/2821 2173/464/2820 2167/10/2809
f  2105/465/2821 2167/10/2809 2106/12/2812
f  2125/458/2822 2123/456/2815 2104/460/2819
f  2125/458/2822 2104/460/2819 2112/459/2823
f  2112/459/2823 2104/460/2819 2105/465/2821
f  2112/459/2823 2105/465/2821 2115/451/2824
f  2115/451/2824 2105/465/2821 2106/12/2812
f  2115/451/2824 2106/12/2812 2116/14/2825
f  2107/13/2814 2116/14/2825 2106/12/2812
f  2107/13/2814 2117/450/2826 2116/14/2825
f  2107/13/2814 2108/15/2827 2117/450/2826
f  2108/15/2827 2184/448/2828 2117/450/2826
f  2108/15/2827 2109/449/2829 2184/448/2828
f  2109/449/2829 2183/425/2830 2184/448/2828
f  2109/449/2829 2110/426/2831 2183/425/2830
f  2192/423/2832 2183/425/2830 2110/426/2831
f  2192/423/2832 2110/426/2831 2111/424/2833
f  2191/421/2834 2192/423/2832 2111/424/2833
f  2191/421/2834 2111/424/2833 2194/422/2835
f  2196/419/2836 2191/421/2834 2194/422/2835
f  2112/459/2823 2115/451/2824 2114/452/2837
f  2112/459/2823 2114/452/2837 2113/453/2838
f  2112/459/2823 2113/453/2838 2125/458/2822
f  2136/390/2839 2134/468/2840 2129/463/2841
f  2122/469/2842 2129/463/2841 2134/468/2840
f  2122/469/2842 2128/461/2843 2129/463/2841
f  2124/470/2844 2128/461/2843 2122/469/2842
f  2124/470/2844 2127/457/2845 2128/461/2843
f  2125/458/2822 2127/457/2845 2124/470/2844
f  2126/455/2846 2127/457/2845 2125/458/2822
f  2126/455/2846 2125/458/2822 2113/453/2838
f  2126/455/2846 2113/453/2838 2241/443/2847
f  2114/452/2837 2241/443/2847 2113/453/2838
f  2114/452/2837 2239/445/2848 2241/443/2847
f  2114/452/2837 2237/227/2849 2239/445/2848
f  2114/452/2837 2229/226/2850 2237/227/2849
f  2114/452/2837 2115/451/2824 2229/226/2850
f  2231/225/2851 2229/226/2850 2115/451/2824
f  2231/225/2851 2115/451/2824 2116/14/2825
f  2231/225/2851 2116/14/2825 2117/450/2826
f  2231/225/2851 2117/450/2826 2184/448/2828
f  2158/473/2852 2121/127/129 2159/126/94
f  2250/478/2853 2251/103/109 2118/104/110
f  2250/478/2853 2118/104/110 2119/117/123
f  2130/393/2854 2250/478/2853 2119/117/123
f  2130/393/2854 2119/117/123 2120/116/122
f  2131/472/2855 2130/393/2854 2120/116/122
f  2131/472/2855 2120/116/122 2121/127/129
f  2158/473/2852 2131/472/2855 2121/127/129
f  2131/472/2855 2158/473/2852 2132/394/2856
f  2132/394/2856 2158/473/2852 2157/477/2857
f  2132/394/2856 2157/477/2857 2135/467/2858
f  2135/467/2858 2157/477/2857 2155/476/2859
f  2135/467/2858 2155/476/2859 2134/468/2840
f  2153/475/2860 2134/468/2840 2155/476/2859
f  2153/475/2860 2122/469/2842 2134/468/2840
f  2151/474/2816 2122/469/2842 2153/475/2860
f  2151/474/2816 2124/470/2844 2122/469/2842
f  2123/456/2815 2124/470/2844 2151/474/2816
f  2125/458/2822 2124/470/2844 2123/456/2815
f  2126/455/2846 2241/443/2847 2243/454/2861
f  2126/455/2846 2243/454/2861 2245/386/2862
f  2126/455/2846 2245/386/2862 2233/462/2863
f  2127/457/2845 2126/455/2846 2233/462/2863
f  2127/457/2845 2233/462/2863 2128/461/2843
f  2232/388/2864 2128/461/2843 2233/462/2863
f  2232/388/2864 2129/463/2841 2128/461/2843
f  2248/389/2865 2129/463/2841 2232/388/2864
f  2248/389/2865 2136/390/2839 2129/463/2841
f  2133/392/2866 2136/390/2839 2248/389/2865
f  2133/392/2866 2248/389/2865 2249/391/2867
f  2250/478/2853 2133/392/2866 2249/391/2867
f  2250/478/2853 2130/393/2854 2133/392/2866
f  2133/392/2866 2130/393/2854 2131/472/2855
f  2133/392/2866 2131/472/2855 2132/394/2856
f  2133/392/2866 2132/394/2856 2135/467/2858
f  2133/392/2866 2135/467/2858 2136/390/2839
f  2136/390/2839 2135/467/2858 2134/468/2840
f  2138/486/2868 2140/485/2869 2141/483/2870
f  2206/379/2871 2210/400/2872 2211/381/2873
f  2206/379/2871 2142/401/2874 2210/400/2872
f  2144/480/2875 2142/401/2874 2206/379/2871
f  2142/401/2874 2144/480/2875 2141/483/2870
f  2141/483/2870 2144/480/2875 2143/482/2876
f  2138/486/2868 2141/483/2870 2143/482/2876
f  2164/488/2877 2138/486/2868 2143/482/2876
f  2164/488/2877 2137/487/2878 2138/486/2868
f  2160/87/93 2137/487/2878 2164/488/2877
f  2138/486/2868 2137/487/2878 2160/87/93
f  2138/486/2868 2160/87/93 2139/86/92
f  2140/485/2869 2138/486/2868 2139/86/92
f  2140/485/2869 2139/86/92 2209/85/91
f  2141/483/2870 2140/485/2869 2209/85/91
f  2141/483/2870 2209/85/91 2208/484/2879
f  2141/483/2870 2208/484/2879 2142/401/2874
f  2221/101/107 2142/401/2874 2208/484/2879
f  2221/101/107 2210/400/2872 2142/401/2874
f  2164/488/2877 2143/482/2876 2163/481/2880
f  2163/481/2880 2143/482/2876 2144/480/2875
f  2163/481/2880 2144/480/2875 2145/402/2881
f  2144/480/2875 2206/379/2871 2145/402/2881
f  2145/402/2881 2206/379/2871 2207/378/2882
f  2145/402/2881 2207/378/2882 2147/377/2883
f  2147/377/2883 2207/378/2882 2205/441/2884
f  2147/377/2883 2205/441/2884 2149/376/2885
f  2149/376/2885 2205/441/2884 2204/442/2886
f  2149/376/2885 2204/442/2886 2168/438/2887
f  2185/429/2888 2168/438/2887 2204/442/2886
f  2152/405/2889 2148/403/2890 2150/375/2891
f  2152/405/2889 2154/404/2892 2148/403/2890
f  2154/404/2892 2146/479/2893 2148/403/2890
f  2154/404/2892 2156/246/2894 2146/479/2893
f  2156/246/2894 2162/244/2895 2146/479/2893
f  2163/481/2880 2146/479/2893 2162/244/2895
f  2163/481/2880 2145/402/2881 2146/479/2893
f  2146/479/2893 2145/402/2881 2147/377/2883
f  2146/479/2893 2147/377/2883 2148/403/2890
f  2148/403/2890 2147/377/2883 2149/376/2885
f  2148/403/2890 2149/376/2885 2150/375/2891
f  2150/375/2891 2149/376/2885 2168/438/2887
f  2150/375/2891 2168/438/2887 2169/439/2896
f  2170/407/2897 2150/375/2891 2169/439/2896
f  2170/407/2897 2152/405/2889 2150/375/2891
f  2171/408/2817 2152/405/2889 2170/407/2897
f  2171/408/2817 2151/406/2816 2152/405/2889
f  2152/405/2889 2151/406/2816 2153/247/2860
f  2152/405/2889 2153/247/2860 2154/404/2892
f  2154/404/2892 2153/247/2860 2155/245/2859
f  2154/404/2892 2155/245/2859 2156/246/2894
f  2157/243/2857 2156/246/2894 2155/245/2859
f  2157/243/2857 2162/244/2895 2156/246/2894
f  2158/241/2852 2162/244/2895 2157/243/2857
f  2158/241/2852 2161/242/2898 2162/244/2895
f  2159/88/94 2161/242/2898 2158/241/2852
f  2159/88/94 2160/87/93 2161/242/2898
f  2160/87/93 2164/488/2877 2161/242/2898
f  2164/488/2877 2162/244/2895 2161/242/2898
f  2164/488/2877 2163/481/2880 2162/244/2895
f  2167/3/2809 2166/4/2899 2165/1/2810
f  2175/5/2900 2166/4/2899 2174/2/2901
f  2167/3/2809 2174/2/2901 2166/4/2899
f  2173/412/2820 2174/2/2901 2167/3/2809
f  2169/439/2896 2168/438/2887 2185/429/2888
f  2169/439/2896 2185/429/2888 2182/413/2902
f  2170/407/2897 2169/439/2896 2182/413/2902
f  2170/407/2897 2182/413/2902 2179/410/2903
f  2171/408/2817 2170/407/2897 2179/410/2903
f  2171/408/2817 2179/410/2903 2172/409/2818
f  2172/409/2818 2179/410/2903 2173/412/2820
f  2180/411/2904 2173/412/2820 2179/410/2903
f  2173/412/2820 2180/411/2904 2174/2/2901
f  2181/6/2905 2174/2/2901 2180/411/2904
f  2181/6/2905 2175/5/2900 2174/2/2901
f  2176/7/2906 2175/5/2900 2181/6/2905
f  2176/7/2906 2181/6/2905 2186/414/2907
f  2186/414/2907 2177/416/2908 2176/7/2906
f  2186/414/2907 2187/415/2909 2177/416/2908
f  2187/415/2909 2178/418/2910 2177/416/2908
f  2187/415/2909 2197/417/2911 2178/418/2910
f  2197/417/2911 2195/420/2912 2178/418/2910
f  2180/411/2904 2179/410/2903 2182/413/2902
f  2180/411/2904 2182/413/2902 2181/6/2905
f  2186/414/2907 2181/6/2905 2182/413/2902
f  2186/414/2907 2182/413/2902 2185/429/2888
f  2217/220/2913 2200/218/2914 2216/217/2915
f  2193/434/2916 2200/218/2914 2217/220/2913
f  2220/435/2917 2193/434/2916 2217/220/2913
f  2192/423/2832 2193/434/2916 2220/435/2917
f  2220/435/2917 2218/437/2918 2192/423/2832
f  2218/437/2918 2183/425/2830 2192/423/2832
f  2218/437/2918 2184/448/2828 2183/425/2830
f  2218/437/2918 2231/225/2851 2184/448/2828
f  2231/225/2851 2218/437/2918 2219/436/2919
f  2231/225/2851 2219/436/2919 2230/223/2920
f  2234/222/2921 2230/223/2920 2219/436/2919
f  2234/222/2921 2235/224/2922 2230/223/2920
f  2185/429/2888 2204/442/2886 2203/214/2923
f  2190/430/2924 2185/429/2888 2203/214/2923
f  2186/414/2907 2185/429/2888 2190/430/2924
f  2190/430/2924 2189/431/2925 2186/414/2907
f  2189/431/2925 2188/428/2926 2186/414/2907
f  2188/428/2926 2187/415/2909 2186/414/2907
f  2197/417/2911 2187/415/2909 2188/428/2926
f  2197/417/2911 2188/428/2926 2199/427/2927
f  2199/427/2927 2188/428/2926 2189/431/2925
f  2199/427/2927 2189/431/2925 2201/432/2928
f  2189/431/2925 2202/215/2929 2201/432/2928
f  2189/431/2925 2190/430/2924 2202/215/2929
f  2203/214/2923 2202/215/2929 2190/430/2924
f  2191/421/2834 2196/419/2836 2198/433/2930
f  2191/421/2834 2198/433/2930 2193/434/2916
f  2192/423/2832 2191/421/2834 2193/434/2916
f  2193/434/2916 2198/433/2930 2200/218/2914
f  2196/419/2836 2194/422/2835 2195/420/2912
f  2197/417/2911 2196/419/2836 2195/420/2912
f  2197/417/2911 2198/433/2930 2196/419/2836
f  2197/417/2911 2199/427/2927 2198/433/2930
f  2199/427/2927 2200/218/2914 2198/433/2930
f  2199/427/2927 2201/432/2928 2200/218/2914
f  2201/432/2928 2216/217/2915 2200/218/2914
f  2201/432/2928 2202/215/2929 2216/217/2915
f  2202/215/2929 2215/216/2931 2216/217/2915
f  2215/216/2931 2202/215/2929 2203/214/2923
f  2203/214/2923 2214/440/2932 2215/216/2931
f  2203/214/2923 2204/442/2886 2214/440/2932
f  2204/442/2886 2213/447/2933 2214/440/2932
f  2204/442/2886 2205/441/2884 2213/447/2933
f  2205/441/2884 2212/380/2934 2213/447/2933
f  2205/441/2884 2207/378/2882 2212/380/2934
f  2207/378/2882 2211/381/2873 2212/380/2934
f  2207/378/2882 2206/379/2871 2211/381/2873
f  2209/85/91 2221/101/107 2208/484/2879
f  2221/101/107 2222/399/2935 2210/400/2872
f  2222/399/2935 2211/381/2873 2210/400/2872
f  2222/399/2935 2223/397/2936 2211/381/2873
f  2223/397/2936 2212/380/2934 2211/381/2873
f  2223/397/2936 2224/382/2937 2212/380/2934
f  2224/382/2937 2213/447/2933 2212/380/2934
f  2224/382/2937 2225/383/2938 2213/447/2933
f  2225/383/2938 2214/440/2932 2213/447/2933
f  2225/383/2938 2226/446/2939 2214/440/2932
f  2215/216/2931 2214/440/2932 2226/446/2939
f  2215/216/2931 2226/446/2939 2227/229/2940
f  2227/229/2940 2216/217/2915 2215/216/2931
f  2228/219/2941 2216/217/2915 2227/229/2940
f  2217/220/2913 2216/217/2915 2228/219/2941
f  2234/222/2921 2217/220/2913 2228/219/2941
f  2220/435/2917 2217/220/2913 2234/222/2921
f  2234/222/2921 2219/436/2919 2220/435/2917
f  2220/435/2917 2219/436/2919 2218/437/2918
f  2221/101/107 2254/102/108 2222/399/2935
f  2254/102/108 2252/395/2942 2222/399/2935
f  2223/397/2936 2222/399/2935 2252/395/2942
f  2223/397/2936 2252/395/2942 2246/396/2943
f  2223/397/2936 2246/396/2943 2244/384/2944
f  2223/397/2936 2244/384/2944 2224/382/2937
f  2242/385/2945 2224/382/2937 2244/384/2944
f  2242/385/2945 2225/383/2938 2224/382/2937
f  2225/383/2938 2242/385/2945 2240/444/2946
f  2225/383/2938 2240/444/2946 2226/446/2939
f  2238/228/2947 2226/446/2939 2240/444/2946
f  2227/229/2940 2226/446/2939 2238/228/2947
f  2227/229/2940 2238/228/2947 2228/219/2941
f  2236/221/2948 2228/219/2941 2238/228/2947
f  2234/222/2921 2228/219/2941 2236/221/2948
f  2231/225/2851 2237/227/2849 2229/226/2850
f  2231/225/2851 2235/224/2922 2237/227/2849
f  2231/225/2851 2230/223/2920 2235/224/2922
f  2247/387/2949 2248/389/2865 2232/388/2864
f  2247/387/2949 2232/388/2864 2233/462/2863
f  2247/387/2949 2233/462/2863 2245/386/2862
f  2234/222/2921 2236/221/2948 2235/224/2922
f  2236/221/2948 2237/227/2849 2235/224/2922
f  2238/228/2947 2237/227/2849 2236/221/2948
f  2239/445/2848 2237/227/2849 2238/228/2947
f  2238/228/2947 2240/444/2946 2239/445/2848
f  2239/445/2848 2240/444/2946 2241/443/2847
f  2242/385/2945 2241/443/2847 2240/444/2946
f  2242/385/2945 2243/454/2861 2241/443/2847
f  2243/454/2861 2242/385/2945 2244/384/2944
f  2243/454/2861 2244/384/2944 2245/386/2862
f  2246/396/2943 2245/386/2862 2244/384/2944
f  2246/396/2943 2247/387/2949 2245/386/2862
f  2246/396/2943 2252/395/2942 2247/387/2949
f  2247/387/2949 2252/395/2942 2248/389/2865
f  2253/398/2950 2248/389/2865 2252/395/2942
f  2253/398/2950 2249/391/2867 2248/389/2865
f  2251/103/109 2249/391/2867 2253/398/2950
f  2251/103/109 2250/478/2853 2249/391/2867
f  2254/102/108 2251/103/109 2253/398/2950
f  2254/102/108 2253/398/2950 2252/395/2942
f  2262/496/2951 2261/499/2789 2255/500/2790
f  2262/496/2951 2255/500/2790 2263/498/2952
f  2263/498/2952 2255/500/2790 2264/501/2791
f  2265/497/2953 2271/502/2954 2266/495/2955
f  2264/493/2791 2256/176/728 2257/175/1030
f  2264/493/2791 2257/175/1030 2271/492/2954
f  2271/492/2954 2257/175/1030 2270/505/2956
f  2258/174/1031 2270/505/2956 2257/175/1030
f  2270/505/2956 2258/174/1031 2259/178/1032
f  2270/505/2956 2259/178/1032 2268/504/2957
f  2259/178/1032 2260/177/729 2268/504/2957
f  2267/503/2958 2268/504/2957 2260/177/729
f  2267/503/2958 2260/177/729 2261/506/2789
f  2267/503/2958 2261/506/2789 2262/496/2951
f  2266/495/2955 2267/503/2958 2262/496/2951
f  2266/495/2955 2262/496/2951 2263/498/2952
f  2266/495/2955 2263/498/2952 2265/497/2953
f  2263/498/2952 2264/501/2791 2265/497/2953
f  2265/497/2953 2264/501/2791 2271/502/2954
f  2266/495/2955 2271/492/2954 2269/494/2959
f  2266/495/2955 2269/494/2959 2267/503/2958
f  2269/494/2959 2268/504/2957 2267/503/2958
f  2269/494/2959 2270/505/2956 2268/504/2957
f  2271/492/2954 2270/505/2956 2269/494/2959
f  2279/37/2960 2296/608/2961 2289/38/2962
f  2289/38/2962 2276/35/2963 2279/37/2960
f  2289/38/2962 2284/36/2964 2276/35/2963
f  2284/36/2964 2285/34/2965 2276/35/2963
f  2276/35/2963 2285/34/2965 2302/33/2966
f  2280/39/2967 2278/27/824 2283/26/781
f  2280/39/2967 2283/26/781 2281/40/2968
f  2297/47/2969 2298/46/2970 2299/44/792
f  2297/47/2969 2299/44/792 2272/45/815
f  2297/47/2969 2272/45/815 2273/49/818
f  2297/47/2969 2273/49/818 2303/48/2971
f  2303/48/2971 2273/49/818 2274/30/820
f  2303/48/2971 2274/30/820 2302/33/2966
f  2275/29/822 2302/33/2966 2274/30/820
f  2275/29/822 2276/35/2963 2302/33/2966
f  2276/35/2963 2275/29/822 2277/28/823
f  2276/35/2963 2277/28/823 2279/37/2960
f  2279/37/2960 2277/28/823 2278/27/824
f  2279/37/2960 2278/27/824 2280/39/2967
f  2279/37/2960 2280/39/2967 2296/608/2961
f  2296/608/2961 2280/39/2967 2281/40/2968
f  2296/608/2961 2281/40/2968 2295/607/2972
f  2293/605/2973 2282/211/780 2291/187/783
f  2282/211/780 2293/605/2973 2295/606/2972
f  2281/213/2968 2282/211/780 2295/606/2972
f  2283/210/781 2282/211/780 2281/213/2968
f  2294/602/2974 2292/212/2975 2289/181/2962
f  2294/602/2974 2289/181/2962 2296/604/2961
f  2289/181/2962 2287/180/2976 2284/179/2964
f  2284/179/2964 2287/180/2976 2286/182/2977
f  2286/182/2977 2285/183/2965 2284/179/2964
f  2302/184/2966 2285/183/2965 2286/182/2977
f  2304/189/794 2302/184/2966 2286/182/2977
f  2287/180/2976 2304/189/794 2286/182/2977
f  2287/180/2976 2288/188/796 2304/189/794
f  2289/181/2962 2288/188/796 2287/180/2976
f  2289/181/2962 2290/186/788 2288/188/796
f  2292/212/2975 2290/186/788 2289/181/2962
f  2292/212/2975 2291/187/783 2290/186/788
f  2293/605/2973 2291/187/783 2292/212/2975
f  2293/605/2973 2292/212/2975 2294/602/2974
f  2295/603/2972 2293/605/2973 2294/602/2974
f  2296/604/2961 2295/603/2972 2294/602/2974
f  2298/193/2970 2297/192/2969 2303/191/2971
f  2298/193/2970 2303/191/2971 2301/190/2978
f  2301/190/2978 2299/195/792 2298/193/2970
f  2301/190/2978 2300/194/790 2299/195/792
f  2304/189/794 2300/194/790 2301/190/2978
f  2304/189/794 2301/190/2978 2303/191/2971
f  2304/189/794 2303/191/2971 2302/184/2966
f  2382/2313/2979 2387/2314/2980 2320/2315/2981
f  2305/2316/2982 2382/2313/2979 2320/2315/2981
f  2380/2317/2983 2382/2313/2979 2305/2316/2982
f  2380/2317/2983 2305/2316/2982 2306/2318/2984
f  2380/2317/2983 2306/2318/2984 2378/2319/2985
f  2306/2318/2984 2307/2320/2986 2378/2319/2985
f  2378/2319/2985 2307/2320/2986 2376/2321/2987
f  2308/2322/2988 2376/2321/2987 2307/2320/2986
f  2308/2322/2988 2369/2323/2989 2376/2321/2987
f  2360/2324/2990 2369/2323/2989 2308/2322/2988
f  2311/2325/2991 2360/2324/2990 2308/2322/2988
f  2311/2325/2991 2354/2326/2992 2360/2324/2990
f  2312/2327/2993 2354/2326/2992 2311/2325/2991
f  2354/2326/2992 2312/2327/2993 2337/2328/2994
f  2327/2329/2995 2337/2328/2994 2312/2327/2993
f  2327/2329/2995 2312/2327/2993 2310/2330/2996
f  2327/2329/2995 2310/2330/2996 2318/2331/2997
f  2309/2332/2998 2318/2331/2997 2310/2330/2996
f  2317/2333/2999 2320/2315/2981 2323/2334/3000
f  2305/2316/2982 2320/2315/2981 2317/2333/2999
f  2305/2316/2982 2317/2333/2999 2318/2331/2997
f  2305/2316/2982 2318/2331/2997 2306/2318/2984
f  2309/2332/2998 2306/2318/2984 2318/2331/2997
f  2306/2318/2984 2309/2332/2998 2307/2320/2986
f  2308/2322/2988 2307/2320/2986 2309/2332/2998
f  2308/2322/2988 2309/2332/2998 2311/2325/2991
f  2311/2325/2991 2309/2332/2998 2310/2330/2996
f  2312/2327/2993 2311/2325/2991 2310/2330/2996
f  2315/2335/3001 2314/2336/1388 2313/2337/1390
f  2314/2336/1388 2315/2335/3001 2326/2338/1386
f  2328/2339/3002 2326/2338/1386 2315/2335/3001
f  2328/2339/3002 2315/2335/3001 2316/2340/3003
f  2328/2339/3002 2316/2340/3003 2329/2341/3004
f  2330/2342/3005 2329/2341/3004 2316/2340/3003
f  2318/2331/2997 2317/2333/2999 2323/2334/3000
f  2318/2331/2997 2323/2334/3000 2325/2343/3006
f  2318/2331/2997 2325/2343/3006 2327/2329/2995
f  2326/2338/1386 2324/1304/3007 2319/1303/1387
f  2320/2315/2981 2387/2314/2980 2385/1334/1642
f  2321/1314/1626 2320/2315/2981 2385/1334/1642
f  2323/2334/3000 2320/2315/2981 2321/1314/1626
f  2321/1314/1626 2322/1306/1621 2323/2334/3000
f  2324/1304/3007 2323/2334/3000 2322/1306/1621
f  2324/1304/3007 2325/2343/3006 2323/2334/3000
f  2326/2338/1386 2325/2343/3006 2324/1304/3007
f  2325/2343/3006 2326/2338/1386 2327/2329/2995
f  2326/2338/1386 2328/2339/3002 2327/2329/2995
f  2327/2329/2995 2328/2339/3002 2337/2328/2994
f  2328/2339/3002 2329/2341/3004 2337/2328/2994
f  2336/2344/3008 2337/2328/2994 2329/2341/3004
f  2330/2342/3005 2336/2344/3008 2329/2341/3004
f  2336/2344/3008 2330/2342/3005 2331/2345/3009
f  2336/2344/3008 2331/2345/3009 2335/2346/3010
f  2335/2346/3010 2331/2345/3009 2333/2347/3011
f  2335/2346/3010 2333/2347/3011 2334/837/1180
f  2334/837/1180 2333/2347/3011 2332/838/1181
f  2364/2348/3012 2347/2349/3013 2365/2350/3014
f  2365/2350/3014 2347/2349/3013 2358/839/1182
f  2358/839/1182 2347/2349/3013 2341/2351/3015
f  2358/839/1182 2341/2351/3015 2334/837/1180
f  2341/2351/3015 2335/2346/3010 2334/837/1180
f  2341/2351/3015 2340/2352/3016 2335/2346/3010
f  2340/2352/3016 2336/2344/3008 2335/2346/3010
f  2340/2352/3016 2338/2353/3017 2336/2344/3008
f  2336/2344/3008 2338/2353/3017 2337/2328/2994
f  2338/2353/3017 2339/2354/3018 2337/2328/2994
f  2354/2326/2992 2337/2328/2994 2339/2354/3018
f  2354/2326/2992 2339/2354/3018 2351/2355/3019
f  2340/2352/3016 2339/2354/3018 2338/2353/3017
f  2340/2352/3016 2351/2355/3019 2339/2354/3018
f  2349/2356/3020 2351/2355/3019 2340/2352/3016
f  2349/2356/3020 2340/2352/3016 2341/2351/3015
f  2347/2349/3013 2349/2356/3020 2341/2351/3015
f  2346/2357/3021 2345/2358/3022 2348/2359/3023
f  2350/2360/3024 2348/2359/3023 2345/2358/3022
f  2342/2361/3025 2350/2360/3024 2345/2358/3022
f  2342/2361/3025 2352/2362/3026 2350/2360/3024
f  2342/2361/3025 2353/2363/3027 2352/2362/3026
f  2342/2361/3025 2359/2364/3028 2353/2363/3027
f  2342/2361/3025 2343/2365/3029 2359/2364/3028
f  2359/2364/3028 2343/2365/3029 2361/2366/3030
f  2343/2365/3029 2362/2367/3031 2361/2366/3030
f  2342/2361/3025 2345/2358/3022 2344/2368/3032
f  2343/2365/3029 2342/2361/3025 2344/2368/3032
f  2343/2365/3029 2356/2369/3033 2362/2367/3031
f  2343/2365/3029 2344/2368/3032 2356/2369/3033
f  2357/2370/3034 2356/2369/3033 2344/2368/3032
f  2357/2370/3034 2344/2368/3032 2345/2358/3022
f  2357/2370/3034 2345/2358/3022 2363/2371/3035
f  2346/2357/3021 2363/2371/3035 2345/2358/3022
f  2364/2348/3012 2363/2371/3035 2346/2357/3021
f  2364/2348/3012 2346/2357/3021 2347/2349/3013
f  2346/2357/3021 2348/2359/3023 2347/2349/3013
f  2347/2349/3013 2348/2359/3023 2349/2356/3020
f  2350/2360/3024 2349/2356/3020 2348/2359/3023
f  2350/2360/3024 2351/2355/3019 2349/2356/3020
f  2350/2360/3024 2352/2362/3026 2351/2355/3019
f  2354/2326/2992 2351/2355/3019 2352/2362/3026
f  2353/2363/3027 2354/2326/2992 2352/2362/3026
f  2353/2363/3027 2355/2372/3036 2354/2326/2992
f  2359/2364/3028 2355/2372/3036 2353/2363/3027
f  2355/2372/3036 2359/2364/3028 2360/2324/2990
f  2355/2372/3036 2360/2324/2990 2354/2326/2992
f  2357/2370/3034 2363/2371/3035 2362/2367/3031
f  2357/2370/3034 2362/2367/3031 2356/2369/3033
f  2365/2350/3014 2358/839/1182 2366/841/1184
f  2359/2364/3028 2361/2366/3030 2360/2324/2990
f  2360/2324/2990 2361/2366/3030 2369/2323/2989
f  2369/2323/2989 2361/2366/3030 2362/2367/3031
f  2369/2323/2989 2362/2367/3031 2374/2373/3037
f  2363/2371/3035 2374/2373/3037 2362/2367/3031
f  2373/2374/3038 2374/2373/3037 2363/2371/3035
f  2364/2348/3012 2373/2374/3038 2363/2371/3035
f  2372/2375/3039 2373/2374/3038 2364/2348/3012
f  2364/2348/3012 2365/2350/3014 2372/2375/3039
f  2365/2350/3014 2371/2376/3040 2372/2375/3039
f  2365/2350/3014 2366/841/1184 2371/2376/3040
f  2370/2377/3041 2371/2376/3040 2366/841/1184
f  2370/2377/3041 2366/841/1184 2367/842/1185
f  2367/842/1185 2389/2378/3042 2370/2377/3041
f  2529/845/1188 2389/2378/3042 2367/842/1185
f  2529/845/1188 2528/2379/3043 2389/2378/3042
f  2529/845/1188 2533/2380/3044 2528/2379/3043
f  2528/2379/3043 2533/2380/3044 2534/2381/3045
f  2368/895/1238 2379/894/1237 2377/2382/3046
f  2375/896/1239 2368/895/1238 2377/2382/3046
f  2374/2373/3037 2376/2321/2987 2369/2323/2989
f  2392/2383/3047 2389/2378/3042 2391/2384/3048
f  2392/2383/3047 2370/2377/3041 2389/2378/3042
f  2392/2383/3047 2371/2376/3040 2370/2377/3041
f  2372/2375/3039 2371/2376/3040 2392/2383/3047
f  2392/2383/3047 2393/2385/3049 2372/2375/3039
f  2372/2375/3039 2393/2385/3049 2373/2374/3038
f  2373/2374/3038 2393/2385/3049 2401/897/1240
f  2373/2374/3038 2401/897/1240 2374/2373/3037
f  2375/896/1239 2374/2373/3037 2401/897/1240
f  2374/2373/3037 2375/896/1239 2376/2321/2987
f  2375/896/1239 2377/2382/3046 2376/2321/2987
f  2378/2319/2985 2376/2321/2987 2377/2382/3046
f  2379/894/1237 2378/2319/2985 2377/2382/3046
f  2379/894/1237 2380/2317/2983 2378/2319/2985
f  2379/894/1237 2381/893/1236 2380/2317/2983
f  2380/2317/2983 2381/893/1236 2382/2313/2979
f  2382/2313/2979 2381/893/1236 2383/890/1233
f  2382/2313/2979 2383/890/1233 2387/2314/2980
f  2384/892/1235 2387/2314/2980 2383/890/1233
f  2387/2314/2980 2384/892/1235 2386/1333/1641
f  2387/2314/2980 2386/1333/1641 2385/1334/1642
f  2395/2386/3050 2398/2387/3051 2400/2388/3052
f  2393/2385/3049 2394/2389/3053 2395/2386/3050
f  2393/2385/3049 2395/2386/3050 2400/2388/3052
f  2400/2388/3052 2401/897/1240 2393/2385/3049
f  2528/2379/3043 2527/934/1277 2388/936/1279
f  2528/2379/3043 2388/936/1279 2389/2378/3042
f  2390/938/1281 2389/2378/3042 2388/936/1279
f  2389/2378/3042 2390/938/1281 2391/2384/3048
f  2390/938/1281 2406/939/1282 2391/2384/3048
f  2391/2384/3048 2406/939/1282 2392/2383/3047
f  2406/939/1282 2407/2390/3054 2392/2383/3047
f  2392/2383/3047 2407/2390/3054 2393/2385/3049
f  2393/2385/3049 2407/2390/3054 2403/2391/3055
f  2393/2385/3049 2403/2391/3055 2394/2389/3053
f  2402/878/1221 2394/2389/3053 2403/2391/3055
f  2395/2386/3050 2394/2389/3053 2402/878/1221
f  2396/880/1223 2395/2386/3050 2402/878/1221
f  2395/2386/3050 2396/880/1223 2398/2387/3051
f  2397/882/1225 2398/2387/3051 2396/880/1223
f  2397/882/1225 2399/884/1227 2398/2387/3051
f  2400/2388/3052 2398/2387/3051 2399/884/1227
f  2401/897/1240 2400/2388/3052 2399/884/1227
f  2405/2392/3056 2403/2391/3055 2407/2390/3054
f  2402/878/1221 2403/2391/3055 2404/876/1219
f  2404/876/1219 2403/2391/3055 2405/2392/3056
f  2404/876/1219 2405/2392/3056 2412/873/1216
f  2410/2393/3057 2412/873/1216 2405/2392/3056
f  2410/2393/3057 2405/2392/3056 2407/2390/3054
f  2407/2390/3054 2409/924/1267 2410/2393/3057
f  2409/924/1267 2407/2390/3054 2406/939/1282
f  2408/2394/3058 2411/917/1260 2413/2395/3059
f  2412/873/1216 2408/2394/3058 2413/2395/3059
f  2410/2393/3057 2408/2394/3058 2412/873/1216
f  2411/917/1260 2408/2394/3058 2410/2393/3057
f  2411/917/1260 2410/2393/3057 2409/924/1267
f  2447/2396/3060 2454/2397/3061 2453/2398/3062
f  2447/2396/3060 2450/2399/3063 2454/2397/3061
f  2447/2396/3060 2414/2400/3064 2450/2399/3063
f  2414/2400/3064 2451/2401/3065 2450/2399/3063
f  2414/2400/3064 2419/2402/3066 2451/2401/3065
f  2419/2402/3066 2452/2403/3067 2451/2401/3065
f  2419/2402/3066 2421/2404/3068 2452/2403/3067
f  2421/2404/3068 2490/2405/3069 2452/2403/3067
f  2421/2404/3068 2420/2406/3070 2490/2405/3069
f  2492/2407/3071 2490/2405/3069 2420/2406/3070
f  2492/2407/3071 2420/2406/3070 2422/2408/3072
f  2422/2408/3072 2491/916/1259 2492/2407/3071
f  2422/2408/3072 2427/2409/3073 2491/916/1259
f  2411/917/1260 2491/916/1259 2427/2409/3073
f  2411/917/1260 2427/2409/3073 2426/2410/3074
f  2411/917/1260 2426/2410/3074 2413/2395/3059
f  2413/2395/3059 2426/2410/3074 2424/874/1217
f  2413/2395/3059 2424/874/1217 2412/873/1216
f  2417/2411/3075 2418/2412/3076 2416/2413/3077
f  2416/2413/3077 2418/2412/3076 2419/2402/3066
f  2416/2413/3077 2419/2402/3066 2414/2400/3064
f  2447/2396/3060 2416/2413/3077 2414/2400/3064
f  2443/2414/3078 2415/2415/3079 2445/2416/3080
f  2415/2415/3079 2446/2417/3081 2445/2416/3080
f  2415/2415/3079 2447/2396/3060 2446/2417/3081
f  2447/2396/3060 2415/2415/3079 2416/2413/3077
f  2443/2414/3078 2416/2413/3077 2415/2415/3079
f  2443/2414/3078 2417/2411/3075 2416/2413/3077
f  2443/2414/3078 2441/2418/3082 2417/2411/3075
f  2439/2419/3083 2417/2411/3075 2441/2418/3082
f  2436/2420/3084 2417/2411/3075 2439/2419/3083
f  2436/2420/3084 2434/2421/3085 2417/2411/3075
f  2417/2411/3075 2434/2421/3085 2418/2412/3076
f  2423/2422/3086 2418/2412/3076 2434/2421/3085
f  2419/2402/3066 2418/2412/3076 2423/2422/3086
f  2419/2402/3066 2423/2422/3086 2421/2404/3068
f  2421/2404/3068 2423/2422/3086 2422/2408/3072
f  2421/2404/3068 2422/2408/3072 2420/2406/3070
f  2427/2409/3073 2422/2408/3072 2423/2422/3086
f  2427/2409/3073 2423/2422/3086 2432/2423/3087
f  2423/2422/3086 2434/2421/3085 2432/2423/3087
f  2425/2424/3088 2431/2425/3089 2433/2426/3090
f  2425/2424/3088 2433/2426/3090 2435/2427/3091
f  2425/2424/3088 2435/2427/3091 2437/875/1218
f  2424/874/1217 2425/2424/3088 2437/875/1218
f  2426/2410/3074 2425/2424/3088 2424/874/1217
f  2426/2410/3074 2431/2425/3089 2425/2424/3088
f  2427/2409/3073 2431/2425/3089 2426/2410/3074
f  2427/2409/3073 2432/2423/3087 2431/2425/3089
f  2438/877/1220 2430/2428/3092 2429/879/1222
f  2428/881/1224 2442/2429/3093 2444/883/1226
f  2429/879/1222 2442/2429/3093 2428/881/1224
f  2429/879/1222 2430/2428/3092 2442/2429/3093
f  2440/2430/3094 2442/2429/3093 2430/2428/3092
f  2438/877/1220 2440/2430/3094 2430/2428/3092
f  2431/2425/3089 2432/2423/3087 2433/2426/3090
f  2434/2421/3085 2433/2426/3090 2432/2423/3087
f  2435/2427/3091 2433/2426/3090 2434/2421/3085
f  2435/2427/3091 2434/2421/3085 2436/2420/3084
f  2435/2427/3091 2436/2420/3084 2437/875/1218
f  2439/2419/3083 2437/875/1218 2436/2420/3084
f  2439/2419/3083 2438/877/1220 2437/875/1218
f  2438/877/1220 2439/2419/3083 2440/2430/3094
f  2439/2419/3083 2441/2418/3082 2440/2430/3094
f  2440/2430/3094 2441/2418/3082 2442/2429/3093
f  2441/2418/3082 2443/2414/3078 2442/2429/3093
f  2442/2429/3093 2443/2414/3078 2444/883/1226
f  2443/2414/3078 2445/2416/3080 2444/883/1226
f  2449/885/1228 2444/883/1226 2445/2416/3080
f  2445/2416/3080 2448/2431/3095 2449/885/1228
f  2448/2431/3095 2445/2416/3080 2446/2417/3081
f  2448/2431/3095 2446/2417/3081 2453/2398/3062
f  2447/2396/3060 2453/2398/3062 2446/2417/3081
f  2448/2431/3095 2453/2398/3062 2467/2432/3096
f  2448/2431/3095 2467/2432/3096 2463/887/1230
f  2449/885/1228 2448/2431/3095 2463/887/1230
f  2459/2433/3097 2465/2434/3098 2466/2435/3099
f  2454/2436/3100 2459/2433/3097 2466/2435/3099
f  2458/2437/3101 2459/2433/3097 2454/2436/3100
f  2458/2437/3101 2454/2436/3100 2450/2438/3063
f  2450/2438/3063 2457/2439/3102 2458/2437/3101
f  2450/2438/3063 2451/2440/3065 2457/2439/3102
f  2451/2440/3065 2456/2441/3103 2457/2439/3102
f  2451/2440/3065 2452/2442/3067 2456/2441/3103
f  2456/2441/3103 2452/2442/3067 2490/2443/3069
f  2456/2441/3103 2490/2443/3069 2455/2444/3104
f  2494/2445/3105 2455/2444/3104 2490/2443/3069
f  2494/2445/3105 2493/2446/3106 2455/2444/3104
f  2473/2447/3107 2455/2444/3104 2493/2446/3106
f  2473/2447/3107 2493/2446/3106 2495/2448/3108
f  2473/2447/3107 2495/2448/3108 2472/2449/3109
f  2495/2448/3108 2502/2450/3110 2472/2449/3109
f  2472/2449/3109 2502/2450/3110 2475/2451/3111
f  2501/2452/3112 2475/2451/3111 2502/2450/3110
f  2467/2432/3096 2453/2453/3062 2466/2435/3099
f  2454/2436/3100 2466/2435/3099 2453/2453/3062
f  2461/2454/3113 2464/2455/3114 2465/2434/3098
f  2461/2454/3113 2465/2434/3098 2460/2456/3115
f  2459/2433/3097 2460/2456/3115 2465/2434/3098
f  2473/2447/3107 2456/2441/3103 2455/2444/3104
f  2457/2439/3102 2456/2441/3103 2473/2447/3107
f  2457/2439/3102 2473/2447/3107 2474/2457/3116
f  2458/2437/3101 2457/2439/3102 2474/2457/3116
f  2458/2437/3101 2474/2457/3116 2468/2458/3117
f  2468/2458/3117 2459/2433/3097 2458/2437/3101
f  2468/2458/3117 2460/2456/3115 2459/2433/3097
f  2470/2459/3118 2460/2456/3115 2468/2458/3117
f  2470/2459/3118 2461/2454/3113 2460/2456/3115
f  2470/2459/3118 2469/2460/3119 2461/2454/3113
f  2461/2454/3113 2469/2460/3119 2464/2455/3114
f  2477/2461/3120 2464/2455/3114 2469/2460/3119
f  2477/2461/3120 2462/2462/3121 2464/2455/3114
f  2462/2462/3121 2477/2461/3120 2478/889/1232
f  2463/887/1230 2462/2462/3121 2478/889/1232
f  2462/2462/3121 2463/887/1230 2464/2455/3114
f  2467/2432/3096 2464/2455/3114 2463/887/1230
f  2467/2432/3096 2465/2434/3098 2464/2455/3114
f  2467/2432/3096 2466/2435/3099 2465/2434/3098
f  2468/2458/3117 2471/2463/3122 2470/2459/3118
f  2468/2458/3117 2474/2457/3116 2471/2463/3122
f  2477/2461/3120 2469/2460/3119 2476/2464/3123
f  2470/2459/3118 2476/2464/3123 2469/2460/3119
f  2470/2459/3118 2475/2451/3111 2476/2464/3123
f  2470/2459/3118 2471/2463/3122 2475/2451/3111
f  2472/2449/3109 2475/2451/3111 2471/2463/3122
f  2474/2457/3116 2472/2449/3109 2471/2463/3122
f  2474/2457/3116 2473/2447/3107 2472/2449/3109
f  2476/2464/3123 2475/2451/3111 2501/2452/3112
f  2476/2464/3123 2501/2452/3112 2499/2465/3124
f  2477/2461/3120 2476/2464/3123 2499/2465/3124
f  2497/2466/1553 2477/2461/3120 2499/2465/3124
f  2497/2466/1553 2478/889/1232 2477/2461/3120
f  2478/889/1232 2497/2466/1553 2485/2467/3125
f  2485/2467/3125 2479/891/1234 2478/889/1232
f  2486/2468/1552 2479/891/1234 2485/2467/3125
f  2486/2468/1552 2480/1267/1603 2479/891/1234
f  2480/1267/1603 2486/2468/1552 2481/2469/1550
f  2480/1267/1603 2481/2469/1550 2482/1266/1602
f  2483/2470/1548 2482/1266/1602 2481/2469/1550
f  2483/2470/1548 2484/1265/1601 2482/1266/1602
f  2484/1265/1601 2483/2470/1548 2487/2471/1547
f  2484/1265/1601 2487/2471/1547 2512/1264/1600
f  2488/2472/3126 2512/1264/1600 2487/2471/1547
f  2488/2472/3126 2516/2473/3127 2512/1264/1600
f  2517/2474/3128 2516/2473/3127 2488/2472/3126
f  2497/2466/1553 2486/2468/1552 2485/2467/3125
f  2488/2472/3126 2487/2471/1547 2489/2475/1546
f  2488/2472/3126 2489/2475/1546 2517/2474/3128
f  2503/2476/3129 2517/2474/3128 2489/2475/1546
f  2500/2477/1549 2503/2476/3129 2489/2475/1546
f  2492/2407/3071 2494/2445/3105 2490/2405/3069
f  2496/915/1258 2492/2407/3071 2491/916/1259
f  2492/2407/3071 2496/915/1258 2494/2445/3105
f  2496/915/1258 2495/2448/3108 2494/2445/3105
f  2494/2445/3105 2495/2448/3108 2493/2446/3106
f  2502/2450/3110 2495/2448/3108 2504/2478/3130
f  2495/2448/3108 2496/915/1258 2504/2478/3130
f  2505/914/1257 2504/2478/3130 2496/915/1258
f  2497/2466/1553 2499/2465/3124 2498/2479/1551
f  2499/2465/3124 2500/2477/1549 2498/2479/1551
f  2499/2465/3124 2501/2452/3112 2500/2477/1549
f  2500/2477/1549 2501/2452/3112 2503/2476/3129
f  2501/2452/3112 2502/2450/3110 2503/2476/3129
f  2502/2450/3110 2504/2478/3130 2503/2476/3129
f  2517/2474/3128 2503/2476/3129 2504/2478/3130
f  2505/914/1257 2517/2474/3128 2504/2478/3130
f  2519/2480/3131 2517/2474/3128 2505/914/1257
f  2506/913/1256 2519/2480/3131 2505/914/1257
f  2514/2481/3132 2519/2480/3131 2506/913/1256
f  2507/923/1266 2514/2481/3132 2506/913/1256
f  2507/923/1266 2513/2482/3133 2514/2481/3132
f  2507/923/1266 2508/922/1265 2513/2482/3133
f  2524/2483/3134 2513/2482/3133 2508/922/1265
f  2524/2483/3134 2508/922/1265 2509/921/1264
f  2524/2483/3134 2509/921/1264 2525/928/1271
f  2510/920/1263 2525/928/1271 2509/921/1264
f  2547/1233/1571 2511/1234/1572 2512/2484/1600
f  2547/1233/1571 2512/2484/1600 2516/2473/3127
f  2516/2473/3127 2520/2485/3135 2547/1233/1571
f  2546/2486/3136 2547/1233/1571 2520/2485/3135
f  2546/2486/3136 2520/2485/3135 2544/2487/3137
f  2524/2483/3134 2523/2488/3138 2513/2482/3133
f  2513/2482/3133 2523/2488/3138 2522/2489/3139
f  2513/2482/3133 2522/2489/3139 2514/2481/3132
f  2522/2489/3139 2521/2490/3140 2514/2481/3132
f  2514/2481/3132 2521/2490/3140 2519/2480/3131
f  2526/932/1275 2525/928/1271 2515/930/1273
f  2516/2473/3127 2518/2491/3141 2520/2485/3135
f  2518/2491/3141 2516/2473/3127 2517/2474/3128
f  2519/2480/3131 2518/2491/3141 2517/2474/3128
f  2520/2485/3135 2518/2491/3141 2519/2480/3131
f  2520/2485/3135 2519/2480/3131 2521/2490/3140
f  2521/2490/3140 2544/2487/3137 2520/2485/3135
f  2522/2489/3139 2544/2487/3137 2521/2490/3140
f  2522/2489/3139 2543/2492/3142 2544/2487/3137
f  2542/2493/3143 2543/2492/3142 2522/2489/3139
f  2542/2493/3143 2522/2489/3139 2523/2488/3138
f  2540/2494/3144 2542/2493/3143 2523/2488/3138
f  2523/2488/3138 2524/2483/3134 2540/2494/3144
f  2524/2483/3134 2538/2495/3145 2540/2494/3144
f  2524/2483/3134 2525/928/1271 2538/2495/3145
f  2536/2496/3146 2538/2495/3145 2525/928/1271
f  2526/932/1275 2536/2496/3146 2525/928/1271
f  2526/932/1275 2534/2381/3045 2536/2496/3146
f  2527/934/1277 2534/2381/3045 2526/932/1275
f  2528/2379/3043 2534/2381/3045 2527/934/1277
f  2529/845/1188 2530/847/1190 2533/2380/3044
f  2530/847/1190 2535/2497/3147 2533/2380/3044
f  2530/847/1190 2531/849/1192 2535/2497/3147
f  2532/851/1194 2535/2497/3147 2531/849/1192
f  2532/851/1194 2537/2498/3148 2535/2497/3147
f  2537/2498/3148 2532/851/1194 2539/853/1196
f  2562/2499/1369 2550/2500/3149 2541/854/1197
f  2535/2497/3147 2534/2381/3045 2533/2380/3044
f  2535/2497/3147 2536/2496/3146 2534/2381/3045
f  2537/2498/3148 2536/2496/3146 2535/2497/3147
f  2536/2496/3146 2537/2498/3148 2538/2495/3145
f  2538/2495/3145 2537/2498/3148 2539/853/1196
f  2538/2495/3145 2539/853/1196 2540/2494/3144
f  2540/2494/3144 2539/853/1196 2541/854/1197
f  2540/2494/3144 2541/854/1197 2542/2493/3143
f  2550/2500/3149 2542/2493/3143 2541/854/1197
f  2556/2501/3150 2542/2493/3143 2550/2500/3149
f  2556/2501/3150 2543/2492/3142 2542/2493/3143
f  2543/2492/3142 2556/2501/3150 2557/1216/1555
f  2557/1216/1555 2544/2487/3137 2543/2492/3142
f  2545/1218/1557 2544/2487/3137 2557/1216/1555
f  2545/1218/1557 2546/2486/3136 2544/2487/3137
f  2549/1219/1558 2546/2486/3136 2545/1218/1557
f  2546/2486/3136 2549/1219/1558 2547/1233/1571
f  2549/1219/1558 2548/1222/1561 2547/1233/1571
f  2551/2502/3151 2552/2503/3152 2553/2504/3153
f  2555/2505/3154 2553/2504/3153 2554/2506/3155
f  2553/2504/3153 2555/2505/3154 2556/2501/3150
f  2556/2501/3150 2550/2500/3149 2553/2504/3153
f  2551/2502/3151 2553/2504/3153 2550/2500/3149
f  2551/2502/3151 2550/2500/3149 2562/2499/1369
f  2552/2503/3152 2551/2502/3151 2562/2499/1369
f  2552/2503/3152 2562/2499/1369 2563/2507/3156
f  2558/2508/3157 2552/2503/3152 2563/2507/3156
f  2558/2508/3157 2553/2504/3153 2552/2503/3152
f  2553/2504/3153 2558/2508/3157 2559/2509/3158
f  2559/2509/3158 2554/2506/3155 2553/2504/3153
f  2559/2509/3158 2568/2510/3159 2554/2506/3155
f  2555/2505/3154 2554/2506/3155 2568/2510/3159
f  2555/2505/3154 2568/2510/3159 2569/2511/3160
f  2555/2505/3154 2569/2511/3160 2556/2501/3150
f  2569/2511/3160 2571/2512/3161 2556/2501/3150
f  2572/1217/1556 2556/2501/3150 2571/2512/3161
f  2572/1217/1556 2557/1216/1555 2556/2501/3150
f  2558/2508/3157 2563/2507/3156 2564/2513/3162
f  2559/2509/3158 2558/2508/3157 2564/2513/3162
f  2559/2509/3158 2564/2513/3162 2566/2514/3163
f  2559/2509/3158 2566/2514/3163 2568/2510/3159
f  2560/2515/1370 2570/2516/1566 2567/2517/3164
f  2567/2517/3164 2561/2518/1368 2560/2515/1370
f  2567/2517/3164 2565/2519/3165 2561/2518/1368
f  2562/2520/1369 2561/2518/1368 2565/2519/3165
f  2562/2520/1369 2565/2519/3165 2563/2521/3156
f  2563/2521/3156 2565/2519/3165 2564/2513/3162
f  2566/2514/3163 2564/2513/3162 2565/2519/3165
f  2566/2514/3163 2565/2519/3165 2567/2517/3164
f  2567/2517/3164 2568/2522/3159 2566/2514/3163
f  2568/2522/3159 2567/2517/3164 2570/2516/1566
f  2569/2523/3160 2568/2522/3159 2570/2516/1566
f  2569/2523/3160 2570/2516/1566 2571/2524/3161
f  2572/2525/1556 2571/2524/3161 2570/2516/1566
